obj_name,field_name,flag,xpix,ypix,RA,DEC
NDWFS_J142535.2+324932,NDWFSJ1426p3236,1.0,5659.999767821766,7329.000133425343,216.3969016,32.8258449
NDWFS_J142522.3+325422,NDWFSJ1426p3236,1.0,6272.9996800669,8461.999522697628,216.3430807,32.90627229999999
NDWFS_J142516.6+324335,NDWFSJ1426p3236,1.0,6590.999691307537,5958.000553057485,216.3195418,32.72664989999998
NDWFS_J142710.3+324841,NDWFSJ1426p3236,1.0,1012.9996937308642,7065.0004901649045,216.7931653,32.81144129999999
NDWFS_J142548.3+322957,NDWFSJ1426p3236,1.0,5091.000330731949,2758.00005722644,216.4514025,32.49925989999999
NDWFS_J142449.7+324744,NDWFSJ1426p3236,1.0,7892.999553329446,6942.99968324868,216.2072581,32.79560849999999
NDWFS_J142729.9+325510,NDWFSJ1426p3236,-999.0,35.00021226755598,8562.999906928333,216.8750611,32.91949869999998
NDWFS_J142708.1+324450,NDWFSJ1426p3236,1.0,1129.0002892446682,6172.999918511941,216.7842073,32.74747630000002
NDWFS_J142703.5+324507,NDWFSJ1426p3236,1.0,1355.0005330877375,6241.000269793411,216.7648929,32.7521541
NDWFS_J142717.4+324524,NDWFSJ1426p3236,1.0,675.0000373804505,6297.99955087233,216.8227382,32.75680089999999
NDWFS_J142653.7+324808,NDWFSJ1426p3236,1.0,1825.00006537572,6948.999489442271,216.7241032,32.802439599999985
NDWFS_J142716.3+325136,NDWFSJ1426p3236,1.0,713.9996004911973,7741.999496261204,216.8179593,32.86016469999999
NDWFS_J142555.9+324547,NDWFSJ1426p3236,1.0,4659.999666055766,6437.9994560417945,216.4832542,32.7631293
NDWFS_J142600.8+324629,NDWFSJ1426p3236,1.0,4416.999728416769,6596.999572189481,216.5037417,32.774763899999975
NDWFS_J142607.1+324646,NDWFSJ1426p3236,1.0,4112.999944867501,6661.000020220919,216.5295492,32.77965589999997
NDWFS_J142541.8+324840,NDWFSJ1426p3236,1.0,5341.999684902865,7120.999421821936,216.424274,32.81130129999999
NDWFS_J142451.0+324910,NDWFSJ1426p3236,1.0,7823.000566585382,7278.000529790228,216.21271079999997,32.81967499999998
NDWFS_J142445.8+324949,NDWFSJ1426p3236,1.0,8071.999438253148,7431.99970772141,216.1912652,32.830391599999984
NDWFS_J142454.1+325239,NDWFSJ1426p3236,1.0,7654.999469813782,8084.999489512407,216.2258057,32.877650699999975
NDWFS_J142644.9+323206,NDWFSJ1426p3236,1.0,2304.9999275426107,3219.000256303134,216.6873849,32.534978599999974
NDWFS_J142718.1+323854,NDWFSJ1426p3236,1.0,661.000003635263,4786.999679370103,216.8254464,32.64862970000001
NDWFS_J142532.9+323116,NDWFSJ1426p3236,1.0,5840.999662271046,3074.999515423031,216.3873128,32.52113939999999
NDWFS_J142511.1+324123,NDWFSJ1426p3236,1.0,6869.000279067212,5447.99977876091,216.2966228,32.689821599999995
NDWFS_J142713.0+322717,NDWFSJ1426p3236,1.0,943.0001561872888,2088.000375874806,216.8042151,32.45519119999999
NDWFS_J142706.5+322744,NDWFSJ1426p3236,1.0,1256.9994795574912,2188.9997114253893,216.7774655,32.46216079999998
NDWFS_J142602.3+322716,NDWFSJ1426p3236,1.0,4416.0005163284,2123.00019559493,216.5094995,32.45451219999999
NDWFS_J142518.3+322235,NDWFSJ1426p3236,1.0,6591.999857390125,1066.9995347093463,216.32640339999998,32.37660119999998
NDWFS_J142507.1+322835,NDWFSJ1426p3236,1.0,7118.00034731437,2472.99984059939,216.2797835,32.47660729999998
NDWFS_J142530.4+321827,NDWFSJ1426p3236,0.0,6012.000102305836,94.99946723554967,216.3768926,32.307698799999976
NDWFS_J142603.8+324802,NDWFSJ1426p3236,0.0,4265.000354369033,6956.000088935405,216.5162322,32.80062159999998
NDWFS_J142704.8+322817,NDWFSJ1426p3236,0.0,1344.0005145652483,2318.000064094005,216.7699475,32.47132139999999
NDWFS_J142519.4+323532,NDWFSJ1426p3236,0.0,6488.99962612012,4080.000372340324,216.3308818,32.59234349999999
NDWFS_J142723.5+324904,NDWFSJ1426p3236,0.0,369.0002665874854,7149.000467850641,216.8479586,32.81798099999999
NDWFS_J142555.0+324317,NDWFSJ1426p3236,0.0,4715.999676255022,5857.0004741951525,216.4792375,32.72147769999998
NDWFS_J142442.7+323325,NDWFSJ1426p3236,0.0,8295.00019368359,3617.999633156207,216.1781652,32.557128699999986
NDWFS_J142443.8+322813,NDWFSJ1426p3236,0.0,8264.00010475448,2403.999840872002,216.182664,32.47029139999999
NDWFS_J142549.7+322148,NDWFSJ1426p3236,0.0,5051.999744534136,860.9997872812128,216.4571931,32.363541699999985
NDWFS_J142458.6+323002,NDWFSJ1426p3236,0.0,7528.000263718706,2818.0002167184502,216.2444862,32.500811699999986
NDWFS_J142438.3+323836,NDWFSJ1426p3236,0.0,8483.000389021392,4841.000235194926,216.1602982,32.644421199999975
NDWFS_J142659.4+322727,NDWFSJ1426p3236,0.0,1608.0000859718675,2129.999770691651,216.7477421,32.45764079999998
NDWFS_J142626.1+324559,NDWFSJ1426p3236,0.0,3184.000081209404,6462.999930150447,216.6089022,32.76639459999999
NDWFS_J142438.6+324058,NDWFSJ1426p3236,0.0,8461.000041426156,5376.9998146792495,216.1613338,32.68281129999999
NDWFS_J142500.9+325500,NDWFSJ1426p3236,0.0,7315.000489818452,8627.000459269595,216.2539829,32.916864399999994
NDWFS_J142627.2+322045,NDWFSJ1426p3236,0.0,3212.000303740271,590.9995979349515,216.6134517,32.34605169999999
NDWFS_J142557.9+321931,NDWFSJ1426p3236,0.0,4655.999722603792,324.00008401559535,216.4914382,32.32552489999999
NDWFS_J142538.4+322835,NDWFSJ1426p3236,0.0,5584.000568818712,2446.000012979326,216.4099785,32.47640319999998
NDWFS_J142723.2+324032,NDWFSJ1426p3236,0.0,405.9996234615392,5162.9992984169,216.8467641,32.67575339999999
NDWFS_J142453.3+323008,NDWFSJ1426p3236,0.0,7787.999767001565,2844.0004612253506,216.22238259999997,32.50235979999997
NDWFS_J142503.5+324838,NDWFSJ1426p3236,0.0,7213.999765787506,7141.000091960697,216.2647882,32.81060409999998
NDWFS_J142729.2+323922,NDWFSJ1426p3236,0.0,113.99971224868932,4885.9993506479295,216.8718738,32.65615099999998
NDWFS_J142502.7+323752,NDWFSJ1426p3236,0.0,7298.000009418323,4637.999462398522,216.2613284,32.631339999999994
NDWFS_J142616.4+324933,NDWFSJ1426p3236,0.0,3644.999835507057,7303.0005201640815,216.5686235,32.82608749999999
NDWFS_J142446.5+322212,NDWFSJ1426p3236,0.0,8155.000571518885,1002.000105087347,216.1940504,32.37010609999999
NDWFS_J142726.8+323148,NDWFSJ1426p3236,0.0,253.99955174184103,3125.000148616102,216.861677,32.52997209999998
NDWFS_J142602.2+322723,NDWFSJ1426p3236,0.0,4418.000347896381,2152.0006044090223,216.5092932,32.456585699999984
NDWFS_J142705.6+322134,NDWFSJ1426p3236,0.0,1320.9997147875474,757.9997091870937,216.7735271,32.35968569999999
NDWFS_J142619.2+323238,NDWFSJ1426p3236,0.0,3562.9995203564977,3361.0002747124745,216.5803781,32.543967399999985
NDWFS_J142454.4+322905,NDWFSJ1426p3236,0.0,7739.999907649977,2598.999816672709,216.2268235,32.484885099999985
NDWFS_J142454.1+323953,NDWFSJ1426p3236,0.0,7712.000345144461,5112.000403163602,216.2254285,32.66476919999999
NDWFS_J142711.0+324734,NDWFSJ1426p3236,0.0,982.0001489953428,6807.99973028653,216.7960711,32.79306519999999
NDWFS_J142538.6+323323,NDWFSJ1426p3236,0.0,5554.000317542694,3563.999567868468,216.4110197,32.55645139999997
NDWFS_J142623.3+324410,NDWFSJ1426p3236,0.0,3325.000553506597,6042.99983426047,216.5973971,32.73618979999998
NDWFS_J142510.4+321933,NDWFSJ1426p3236,0.0,6990.999861941869,365.99959107294126,216.2936002,32.325985
NDWFS_J142652.3+323935,NDWFSJ1426p3236,0.0,1920.0000892902024,4960.00008575197,216.7181848,32.659952
NDWFS_J142643.7+324105,NDWFSJ1426p3236,0.0,2337.0001787037727,5313.999441537537,216.6823204,32.684922799999995
NDWFS_J142708.8+324842,NDWFSJ1426p3236,0.0,1086.000399606848,7072.000342229527,216.7869377,32.811881499999984
NDWFS_J142726.5+321835,NDWFSJ1426p3236,0.0,304.99992677342743,54.99942578241826,216.860328,32.310192899999976
NDWFS_J142631.0+323908,NDWFSJ1426p3236,0.0,2965.99960608131,4867.999605390145,216.6293282,32.65241329999998
NDWFS_J142609.9+322346,NDWFSJ1426p3236,0.0,4053.0004547905446,1301.000110916575,216.5413127,32.39604849999999
NDWFS_J142524.6+323931,NDWFSJ1426p3236,0.0,6215.000382754453,5002.999855660502,216.3528731,32.65871869999998
NDWFS_J142542.6+324103,NDWFSJ1426p3236,0.0,5330.999987006166,5344.999706421408,216.4275856,32.68417369999999
NDWFS_J142536.7+323247,NDWFSJ1426p3236,0.0,5651.999579655745,3424.999400139972,216.40288459999996,32.546396199999975
NDWFS_J142522.9+324441,NDWFSJ1426p3236,0.0,6278.000408971788,6206.000114196864,216.3458285,32.74476029999999
NDWFS_J142615.7+324455,NDWFSJ1426p3236,0.0,3695.999740763902,6224.000280635039,216.565596,32.74878629999997
NDWFS_J142635.5+322053,NDWFSJ1426p3236,0.0,2802.9999227660683,617.0004908830524,216.6480801,32.34829340000001
NDWFS_J142644.0+322150,NDWFSJ1426p3236,0.0,2381.9998483304244,830.0004331437885,216.6835191,32.363919299999985
NDWFS_J142526.5+322702,NDWFSJ1426p3236,0.0,6172.999412690431,2095.000355012908,216.3604886,32.45063639999999
NDWFS_J142730.5+324932,NDWFSJ1426p3236,0.0,24.99953269854996,7252.999593963188,216.8771744,32.825698599999996
NDWFS_J142515.3+323028,NDWFSJ1426p3236,0.0,6705.000077351928,2902.9993626646537,216.3142112,32.507858699999986
NDWFS_J142706.1+322240,NDWFSJ1426p3236,0.0,1294.0003286806605,1011.000195952689,216.7755524,32.37781549999998
NDWFS_J142444.9+322619,NDWFSJ1426p3236,0.0,8217.000458122868,1961.999610986746,216.1873281,32.43872109999999
NDWFS_J142458.1+325125,NDWFSJ1426p3236,0.0,7464.999948177061,7793.999830129174,216.2424355,32.857049199999985
NDWFS_J142715.0+323602,NDWFSJ1426p3236,0.0,821.9995913960302,4119.000266056981,216.8124302,32.60067619999998
NDWFS_J142448.5+323001,NDWFSJ1426p3236,0.0,8025.000474688735,2822.9997899048176,216.2023018,32.50056869999999
NDWFS_J142621.4+325010,NDWFSJ1426p3236,0.0,3399.000310109292,7441.000444142144,216.5894197,32.8362089
NDWFS_J142613.8+325036,NDWFSJ1426p3236,0.0,3766.999528458895,7546.000499145135,216.55792939999998,32.84336499999997
NDWFS_J142603.0+322033,NDWFSJ1426p3236,0.0,4403.000140297045,559.9999267039711,216.5125728,32.342670099999985
NDWFS_J142449.8+324156,NDWFSJ1426p3236,0.0,7912.00025050683,5594.999380520894,216.2076901,32.69909609999998
NDWFS_J142632.7+325000,NDWFSJ1426p3236,0.0,2847.00032759764,7392.999352844534,216.6365192,32.8332999
NDWFS_J142518.6+324536,NDWFSJ1426p3236,0.0,6489.000330098141,6424.999413957426,216.32755859999997,32.76019659999998
NDWFS_J142457.6+323818,NDWFSJ1426p3236,0.0,7543.000542465685,4743.000052311163,216.2403482,32.63856249999999
NDWFS_J142449.0+322244,NDWFSJ1426p3236,0.0,8012.00047064598,1110.9993139463586,216.206002,32.37807959999998
NDWFS_J142718.7+322130,NDWFSJ1426p3236,0.0,676.0003940658225,734.000126736646,216.8282225,32.358495699999985
NDWFS_J142506.7+324115,NDWFSJ1426p3236,0.0,7086.999635448967,5421.000037279533,216.2781202,32.68763349999998
NDWFS_J142631.6+323919,NDWFSJ1426p3236,0.0,2936.000060091559,4908.999777005531,216.6318317,32.65537659999999
NDWFS_J142545.7+324815,NDWFSJ1426p3236,0.0,5151.0003657171765,7020.9999327007645,216.4406773,32.80434799999999
NDWFS_J142528.4+324801,NDWFSJ1426p3236,0.0,5996.999761522442,6976.99963943972,216.36867799999996,32.80027049999997
NDWFS_J142529.1+325405,NDWFSJ1426p3236,0.0,5940.999921896735,8391.000546206076,216.3714909,32.90156479999999
NDWFS_J142533.8+322636,NDWFSJ1426p3236,0.0,5813.999543066831,1989.999297537768,216.3910838,32.44351879999999
NDWFS_J142638.9+324827,NDWFSJ1426p3236,0.0,2546.0005098080364,7031.000569183587,216.6625843,32.8076612
NDWFS_J142648.4+324108,NDWFSJ1426p3236,0.0,2108.000577723104,5320.000678629953,216.7017966,32.68555829999998
NDWFS_J142656.0+324355,NDWFSJ1426p3236,0.0,1725.9998805586692,5965.999831688874,216.7336001,32.73214509999998
NDWFS_J142715.9+324343,NDWFSJ1426p3236,0.0,753.0003355240151,5905.999900093233,216.8164922,32.72867050000001
NDWFS_J142529.3+322953,NDWFSJ1426p3236,0.0,6021.000311665546,2755.9993804612386,216.3724714,32.4981102
NDWFS_J142448.2+322636,NDWFSJ1426p3236,0.0,8052.999582019926,2026.0006251721352,216.201138,32.443501899999994
NDWFS_J142707.3+324225,NDWFSJ1426p3236,0.0,1179.000250563986,5609.999909677779,216.780536,32.70712509999998
NDWFS_J142532.1+323656,NDWFSJ1426p3236,0.0,5859.999606984304,4395.999466708094,216.3838914,32.615667
NDWFS_J142540.0+324954,NDWFSJ1426p3236,0.0,5423.000174562392,7407.999564897887,216.4169876,32.83176029999999
NDWFS_J142614.9+324227,NDWFSJ1426p3236,0.0,3739.999453355562,5652.000128408454,216.5625498,32.707792899999994
NDWFS_J142447.8+322249,NDWFSJ1426p3236,0.0,8089.999604589069,1143.0006086998949,216.1993437,32.380274299999996
NDWFS_J142713.1+322706,NDWFSJ1426p3236,0.0,935.9998671278172,2041.999649682188,216.8048559,32.45190429999999
NDWFS_J142727.9+325327,NDWFSJ1426p3236,0.0,142.99991749332003,8166.000159138628,216.8662319,32.8909846
NDWFS_J142547.1+322420,NDWFSJ1426p3236,0.0,5172.000061456136,1450.9995163976455,216.4462482,32.4056366
NDWFS_J142633.6+323432,NDWFSJ1426p3236,0.0,2851.9999415812963,3793.000379937748,216.6402666,32.575566099999996
NDWFS_J142636.8+325023,NDWFSJ1426p3236,0.0,2645.000503688114,7483.000463068434,216.6536309,32.83993279999998
NDWFS_J142534.9+322611,NDWFSJ1426p3236,0.0,5762.000220601742,1894.0006127514023,216.3956247,32.436705599999996
NDWFS_J142455.8+324526,NDWFSJ1426p3236,0.0,7603.000156098369,6405.0000182281365,216.2327601,32.75745140000001
NDWFS_J142614.6+322217,NDWFSJ1426p3236,0.0,3825.0005725818737,956.9998575314748,216.5610627,32.37165499999998
NDWFS_J142622.7+324555,NDWFSJ1426p3236,0.0,3349.9998174186258,6450.000127986812,216.5947823,32.7653042
NDWFS_J142705.8+324925,NDWFSJ1426p3236,0.0,1233.0000473370949,7242.000087083899,216.774234,32.823930200000014
NDWFS_J142717.6+323651,NDWFSJ1426p3236,0.0,686.9999788419536,4305.999843087302,216.8237178,32.614173099999995
NDWFS_J142601.7+321951,NDWFSJ1426p3236,0.0,4467.999485652159,397.0004713802409,216.5072715,32.33094019999999
NDWFS_J142547.2+325322,NDWFSJ1426p3236,0.0,5059.000227025877,8210.999394008755,216.4469423,32.8896441
NDWFS_J142437.2+323023,NDWFSJ1426p3236,0.0,8579.999461209696,2913.9993072487414,216.1550633,32.506393099999976
NDWFS_J142628.1+325218,NDWFSJ1426p3236,0.0,3061.9998697271003,7933.999988986787,216.6175591,32.871832399999995
NDWFS_J142459.7+325257,NDWFSJ1426p3236,0.0,7381.999587397295,8147.999314180386,216.2489822,32.88249169999999
NDWFS_J142530.6+324948,NDWFSJ1426p3236,0.0,5887.000123319929,7392.99986038345,216.3774733,32.830174999999976
NDWFS_J142654.1+322639,NDWFSJ1426p3236,0.0,1871.0005471226668,1947.000580362543,216.7256234,32.444315499999995
NDWFS_J142629.9+323537,NDWFSJ1426p3236,0.0,3029.9998166708465,4047.9999501558887,216.6248447,32.593652999999996
NDWFS_J142712.4+322242,NDWFSJ1426p3236,0.0,985.0000728430514,1016.000221561022,216.8017441,32.37842879999999
NDWFS_J142550.7+322001,NDWFSJ1426p3236,0.0,5011.999541524576,443.0003593147194,216.4611272,32.33367209999998
NDWFS_J142714.6+325231,NDWFSJ1426p3236,0.0,793.0002356157402,7956.000594388526,216.8110062,32.87542389999998
NDWFS_J142547.0+324330,NDWFSJ1426p3236,0.0,5104.000205588647,5914.000282814384,216.4461436,32.72514889999998
NDWFS_J142629.5+325234,NDWFSJ1426p3236,0.0,2996.999425242964,7994.999634104744,216.6230294,32.87626199999998
NDWFS_J142615.3+324056,NDWFSJ1426p3236,0.0,3725.9996149174513,5297.9995353618215,216.5641734,32.68246429999999
NDWFS_J142534.5+323842,NDWFSJ1426p3236,0.0,5735.999498512632,4808.00064468542,216.3938689,32.64529389999999
NDWFS_J142722.2+325035,NDWFSJ1426p3236,0.0,426.0002458696763,7499.999584798548,216.8427538,32.843068999999986
NDWFS_J142701.3+324819,NDWFSJ1426p3236,0.0,1453.000036605492,6985.999528070897,216.7557575,32.8054123
NDWFS_J142614.7+323354,NDWFSJ1426p3236,0.0,3780.00025984204,3661.000564603026,216.5615818,32.56522899999998
NDWFS_J142609.3+322431,NDWFSJ1426p3236,0.0,4076.000552852005,1478.9993814474692,216.5391424,32.4087643
NDWFS_J142523.1+322356,NDWFSJ1426p3236,0.0,6347.999771207738,1378.00026976168,216.3466475,32.3991312
NDWFS_J142558.3+322518,NDWFSJ1426p3236,0.0,4619.000306168884,1667.9994283522135,216.4928586,32.421741799999985
NDWFS_J142718.8+324756,NDWFSJ1426p3236,0.0,600.0005252465362,6887.000113267048,216.8285355,32.799035199999985
NDWFS_J142520.3+324347,NDWFSJ1426p3236,0.0,6411.99942340163,6000.999522647951,216.3347131,32.72993309999999
NDWFS_J142720.5+323339,NDWFSJ1426p3236,0.0,556.000122000185,3560.999809131561,216.8355947,32.56094489999999
NDWFS_J142618.1+324415,NDWFSJ1426p3236,0.0,3583.000180924817,6064.000405928789,216.5754101,32.73744259999999
NDWFS_J142439.3+323408,NDWFSJ1426p3236,0.0,8458.000005953534,3787.000111552057,216.1640617,32.56902009999999
NDWFS_J142441.8+332531,NDWFSJ1426p3311,1.0,8061.000390252586,7678.999665759562,216.1745616,33.42518849999999
NDWFS_J142708.6+331932,NDWFSJ1426p3311,1.0,952.9995587059076,6182.999381796262,216.786062,33.3255869
NDWFS_J142706.2+332049,NDWFSJ1426p3311,1.0,1065.000433497495,6485.000243088814,216.7761432,33.3471237
NDWFS_J142611.4+332302,NDWFSJ1426p3311,1.0,3720.999444664824,7035.000038195019,216.5477383,33.384031899999975
NDWFS_J142558.7+332548,NDWFSJ1426p3311,1.0,4330.999558914722,7691.000022551789,216.4945741,33.43038719999999
NDWFS_J142500.5+331811,NDWFSJ1426p3311,1.0,7184.000573083096,5956.999578680692,216.2523705,33.302963099999985
NDWFS_J142442.6+331914,NDWFSJ1426p3311,1.0,8047.999593457771,6217.999794781801,216.1779518,33.32058069999999
NDWFS_J142507.1+332230,NDWFSJ1426p3311,1.0,6847.999654510444,6958.999408275671,216.2796828,33.37512569999999
NDWFS_J142441.2+332747,NDWFSJ1426p3311,1.0,8079.000087538978,8207.0000034751,216.1721928,33.46297779999998
NDWFS_J142633.2+331357,NDWFSJ1426p3311,1.0,2693.000452586084,4905.000645507102,216.6384015,33.23248329999999
NDWFS_J142720.0+331510,NDWFSJ1426p3311,1.0,411.000318532615,5161.999517861468,216.8335499,33.25290509999999
NDWFS_J142659.3+331750,NDWFSJ1426p3311,1.0,1412.000470097355,5796.000111047411,216.7471312,33.29747029999999
NDWFS_J142544.3+331350,NDWFSJ1426p3311,1.0,5071.000067211782,4917.000486740268,216.4347935,33.23091969999999
NDWFS_J142532.0+331644,NDWFSJ1426p3311,1.0,5658.000569104301,5600.999880867841,216.3835987,33.2792548
NDWFS_J142532.2+331500,NDWFSJ1426p3311,1.0,5653.999814950483,5194.0004245896125,216.3845033,33.25011209999999
NDWFS_J142505.4+331335,NDWFSJ1426p3311,1.0,6962.999516189611,4889.000423353058,216.2728784,33.2267502
NDWFS_J142521.9+331440,NDWFSJ1426p3311,1.0,6158.000579194992,5121.9996007276695,216.341452,33.24438219999999
NDWFS_J142448.9+331659,NDWFSJ1426p3311,1.0,7753.000223174371,5690.000575145716,216.2040368,33.283142199999986
NDWFS_J142630.6+330230,NDWFSJ1426p3311,1.0,2854.9996893562657,2244.000574037531,216.6276584,33.04175649999999
NDWFS_J142717.4+330529,NDWFSJ1426p3311,1.0,566.0003195095032,2908.999478629259,216.8225527,33.091408899999976
NDWFS_J142550.1+325953,NDWFSJ1426p3311,1.0,4840.999537988664,1663.999886138201,216.458769,32.998220699999976
NDWFS_J142549.4+330044,NDWFSJ1426p3311,1.0,4870.000554496583,1864.0004833744388,216.4560298,33.01251069999998
NDWFS_J142556.1+330147,NDWFSJ1426p3311,1.0,4539.000513092582,2103.00012329761,216.4839852,33.02997479999999
NDWFS_J142502.4+325456,NDWFSJ1426p3311,1.0,7182.999799780835,546.9999179814113,216.2604923,32.91559529999999
NDWFS_J142437.6+325830,NDWFSJ1426p3311,1.0,8381.000476477479,1400.000498661142,216.1569991,32.975185200000006
NDWFS_J142452.9+325940,NDWFSJ1426p3311,1.0,7628.000527888144,1659.0004423515163,216.2208629,32.99466799999998
NDWFS_J142528.0+330025,NDWFSJ1426p3311,1.0,5916.000289939602,1807.000362044884,216.3667953,33.00728079999998
NDWFS_J142438.2+330254,NDWFSJ1426p3311,1.0,8335.999430817454,2424.000358847443,216.1592369,33.04855419999999
NDWFS_J142630.7+332901,NDWFSJ1426p3311,1.0,2761.9999775075576,8413.999594491863,216.6283714,33.483756099999994
NDWFS_J142726.5+331450,NDWFSJ1428p3311,1.0,8466.999945408379,5183.000661804115,216.8604393,33.24735579999999
NDWFS_J142655.3+325433,NDWFSJ1426p3311,0.0,1672.0001914599798,382.00013811336976,216.7307491,32.909501399999975
NDWFS_J142440.1+330447,NDWFSJ1426p3311,0.0,8232.999420869794,2857.00008203492,216.1673584,33.07968619999998
NDWFS_J142648.6+325511,NDWFSJ1426p3311,0.0,1997.000492061847,530.9995307289137,216.7028605,32.9198823
NDWFS_J142505.9+325546,NDWFSJ1426p3311,0.0,7011.999740178631,740.9998334997254,216.2747905,32.92968830000001
NDWFS_J142658.2+332553,NDWFSJ1426p3311,0.0,1440.000019836767,7666.999617198597,216.7427123,33.43146629999998
NDWFS_J142707.4+332446,NDWFSJ1426p3311,0.0,994.9999334839432,7403.000272216437,216.7811838,33.412941899999986
NDWFS_J142517.9+332447,NDWFSJ1426p3311,0.0,6312.99964836246,7483.000432026456,216.324805,33.413286899999996
NDWFS_J142515.1+330118,NDWFSJ1426p3311,0.0,6538.999489986123,2020.999375135401,216.3132989,33.02188889999998
NDWFS_J142630.5+331827,NDWFSJ1426p3311,0.0,2806.000198751597,5957.000524977149,216.6274896,33.307723199999984
NDWFS_J142651.6+330512,NDWFSJ1426p3311,0.0,1820.9995359674413,2859.0002787062185,216.7153206,33.08675309999998
NDWFS_J142651.2+331503,NDWFSJ1426p3311,0.0,1813.0003033590056,5151.999625586252,216.7134792,33.2509871
NDWFS_J142642.5+325631,NDWFSJ1426p3311,0.0,2290.9996074057017,847.0006770854743,216.677422,32.942243899999994
NDWFS_J142509.0+330421,NDWFSJ1426p3311,0.0,6825.000532791892,2735.00009484814,216.2878372,33.07267619999998
NDWFS_J142543.2+331914,NDWFSJ1426p3311,0.0,5103.000553237871,6171.999974093909,216.4303707,33.32076409999998
NDWFS_J142704.3+330151,NDWFSJ1426p3311,0.0,1213.0005478481726,2074.99994732966,216.7681212,33.03113759999999
NDWFS_J142543.0+332418,NDWFSJ1426p3311,0.0,5095.000439112089,7352.000567260633,216.429471,33.40528519999999
NDWFS_J142711.7+331840,NDWFSJ1426p3311,0.0,801.9996706110305,5981.000345087903,216.799215,33.31124539999998
NDWFS_J142649.3+332849,NDWFSJ1426p3311,0.0,1864.9998136025808,8359.000215678738,216.70546549999997,33.48065589999998
NDWFS_J142645.8+332129,NDWFSJ1426p3311,0.0,2054.000339514117,6653.000615057503,216.69115439999996,33.35828039999999
NDWFS_J142615.6+332330,NDWFSJ1426p3311,0.0,3517.9997880025585,7141.999866323524,216.565018,33.39190079999998
NDWFS_J142701.1+332553,NDWFSJ1426p3311,0.0,1300.0002162878282,7664.999544971719,216.7547306,33.43144599999998
NDWFS_J142454.3+332949,NDWFSJ1426p3311,0.0,7441.000297225924,8673.000492171035,216.2262418,33.49715379999999
NDWFS_J142708.2+332102,NDWFSJ1426p3311,0.0,966.9998130596232,6534.000571841167,216.7844952,33.35071739999999
NDWFS_J142504.2+331333,NDWFSJ1426p3311,0.0,7024.999828764456,4878.999818910424,216.2675865,33.22595959999998
NDWFS_J142446.2+332054,NDWFSJ1426p3311,0.0,7870.0001418017455,6604.000352920342,216.1926071,33.348447099999994
NDWFS_J142702.9+330929,NDWFSJ1426p3311,0.0,1246.999835466626,3835.999892262575,216.7633524,33.1572289
NDWFS_J142620.1+330011,NDWFSJ1426p3311,0.0,3374.000020981548,1711.9993539461177,216.5839643,33.00315839999999
NDWFS_J142618.9+325614,NDWFSJ1426p3311,0.0,3439.999633115778,793.0001412138299,216.5794431,32.9372873
NDWFS_J142601.9+332712,NDWFSJ1426p3311,0.0,4168.000510268008,8011.999470470702,216.5081511,33.45355009999997
NDWFS_J142506.7+331617,NDWFSJ1426p3311,0.0,6889.999464678243,5511.999362782983,216.2782113,33.27145069999999
NDWFS_J142539.2+332035,NDWFSJ1426p3311,0.0,5294.999697120129,6486.999587130762,216.4134895,33.34311279999999
NDWFS_J142539.5+332132,NDWFSJ1426p3311,0.0,5275.999655161715,6709.0001000150005,216.4148171,33.3590334
NDWFS_J142616.3+331419,NDWFSJ1426p3311,0.0,3513.99995950672,5006.000436456303,216.5679838,33.23891779999999
NDWFS_J142622.5+330132,NDWFSJ1426p3311,0.0,3250.9996202137045,2028.000326248028,216.5940879,33.0259072
NDWFS_J142554.0+331357,NDWFSJ1426p3311,0.0,4599.999896319539,4935.000043923423,216.475092,33.23271499999998
NDWFS_J142639.4+325655,NDWFSJ1426p3311,0.0,2444.0005580374564,938.9994829177303,216.664261,32.94869099999998
NDWFS_J142540.1+332616,NDWFSJ1426p3311,0.0,5234.0003850924,7813.000100104477,216.4169224,33.438149999999986
NDWFS_J142711.4+330859,NDWFSJ1426p3311,0.0,844.999570108861,3727.999482735675,216.797857,33.14983539999999
NDWFS_J142710.3+332347,NDWFSJ1426p3311,0.0,859.9994678001567,7171.999596741831,216.7930085,33.396509499999986
NDWFS_J142604.8+330217,NDWFSJ1426p3311,0.0,4113.9994382007535,2212.9993367800053,216.5201459,33.03829229999999
NDWFS_J142440.5+332543,NDWFSJ1426p3311,0.0,8122.999975583159,7731.000635686491,216.1691617,33.428833399999995
NDWFS_J142556.6+332530,NDWFSJ1426p3311,0.0,4429.000378543566,7618.000494717729,216.4862591,33.42505509999997
NDWFS_J142625.7+330142,NDWFSJ1426p3311,0.0,3094.000188993199,2059.999536962649,216.6074596,33.02835089999998
NDWFS_J142717.8+330859,NDWFSJ1426p3311,0.0,533.9996160953997,3724.000160914411,216.8244669,33.1498068
NDWFS_J142538.1+332044,NDWFSJ1426p3311,0.0,5347.999620500486,6523.000145931799,216.4088974,33.34563239999998
NDWFS_J142717.1+331258,NDWFSJ1426p3311,0.0,560.0004907076855,4654.000546289541,216.8213019,33.21639639999999
NDWFS_J142459.3+332331,NDWFSJ1426p3311,0.0,7220.999519926721,7199.000064298587,216.2473423,33.3918618
NDWFS_J142459.8+332037,NDWFSJ1426p3311,0.0,7209.999483449195,6525.9996049194415,216.24929269999998,33.343678899999986
NDWFS_J142711.3+332901,NDWFSJ1426p3311,0.0,798.0002159915384,8389.000640364033,216.7970685,33.4837416
NDWFS_J142725.0+332256,NDWFSJ1426p3311,0.0,148.0000665485386,6963.999537882843,216.8543024,33.382197699999985
NDWFS_J142607.9+332013,NDWFSJ1426p3311,0.0,3897.000329304941,6380.000400204297,216.5334661,33.336938599999996
NDWFS_J142553.1+325500,NDWFSJ1426p3311,0.0,4709.999477395311,525.9999974390303,216.4714363,32.916876499999994
NDWFS_J142455.6+330345,NDWFSJ1426p3311,0.0,7484.999937165827,2607.000373310966,216.2316427,33.06271730000001
NDWFS_J142553.1+331821,NDWFSJ1426p3311,0.0,4627.000540729638,5956.999741184409,216.4714449,33.305879999999995
NDWFS_J142647.9+330907,NDWFSJ1426p3311,0.0,1992.9995920547967,3773.999737803144,216.6995997,33.1521292
NDWFS_J142528.4+331457,NDWFSJ1426p3311,0.0,5852.999804063482,5210.999400657516,216.3674407,33.25110469999999
NDWFS_J142530.9+330729,NDWFSJ1426p3311,0.0,5747.000553163387,3445.999397142694,216.378961,33.124831199999996
NDWFS_J142632.7+332708,NDWFSJ1426p3311,0.0,2671.999822580703,7974.000555794784,216.6366156,33.45232479999999
NDWFS_J142557.0+332009,NDWFSJ1426p3311,0.0,4431.999591667569,6374.99965493092,216.4876128,33.3360242
NDWFS_J142634.2+330359,NDWFSJ1426p3311,0.0,2672.9998256243707,2588.999835856114,216.6428066,33.06663519999998
NDWFS_J142539.5+330231,NDWFSJ1426p3311,0.0,5344.000210909886,2284.999973906579,216.4149872,33.042143399999986
NDWFS_J142600.7+332721,NDWFSJ1426p3311,0.0,4228.000119437103,8047.9998256661565,216.5029547,33.45606589999999
NDWFS_J142500.7+331559,NDWFSJ1426p3311,0.0,7183.999963469585,5449.999439841098,216.2531268,33.26665639999998
NDWFS_J142535.2+325637,NDWFSJ1426p3311,0.0,5579.999656987107,913.9995070716686,216.3967027,32.943717199999995
NDWFS_J142646.6+331709,NDWFSJ1426p3311,0.0,2030.000009334597,5642.999694317323,216.6943446,33.28595869999999
NDWFS_J142530.6+330254,NDWFSJ1426p3311,0.0,5778.99975847669,2382.000276894956,216.3776976,33.048606499999984
NDWFS_J142613.5+325526,NDWFSJ1426p3311,0.0,3714.999792693012,609.9999736547106,216.5562049,32.923911699999984
NDWFS_J142634.3+332638,NDWFSJ1426p3311,0.0,2599.99985759464,7858.000323696211,216.6429316,33.444084299999986
NDWFS_J142604.4+331755,NDWFSJ1426p3311,0.0,4079.999906807821,5851.999583136694,216.5184492,33.29893389999998
NDWFS_J142547.9+330953,NDWFSJ1426p3311,0.0,4909.999952071295,3992.0004687899545,216.449802,33.16485119999999
NDWFS_J142659.8+331757,NDWFSJ1426p3311,0.0,1385.9997315676555,5822.000239130304,216.7493314,33.299355399999996
NDWFS_J142706.1+331015,NDWFSJ1426p3311,0.0,1090.0000895538942,4009.999675649373,216.77660189999997,33.169825799999984
NDWFS_J142701.3+331024,NDWFSJ1426p3311,0.0,1333.9995169734357,4063.000063864052,216.7556671,33.1734119
NDWFS_J142554.5+331924,NDWFSJ1426p3311,0.0,4553.000136786541,6201.0005971512055,216.4774678,33.3234341
NDWFS_J142548.9+331917,NDWFSJ1426p3311,0.0,4830.000557383013,6179.000204959122,216.4537572,33.321561999999986
NDWFS_J142718.0+330528,NDWFSJ1426p3311,0.0,533.9996585918161,2906.000177649392,216.8252915,33.09122029999999
NDWFS_J142717.2+330838,NDWFSJ1426p3311,0.0,567.0000756924874,3644.0004714130064,216.8217246,33.14404989999999
NDWFS_J142442.0+330333,NDWFSJ1426p3311,0.0,8146.9996985297075,2569.9994675293856,216.1751516,33.059246399999985
NDWFS_J142458.2+332348,NDWFSJ1426p3311,0.0,7275.999473181044,7265.000391478112,216.2425266,33.39652109999998
NDWFS_J142625.2+331540,NDWFSJ1426p3311,0.0,3073.9998828036405,5312.000604286826,216.6052938,33.26126729999999
NDWFS_J142715.1+325912,NDWFSJ1426p3311,0.0,702.9994369449214,1461.0001341481875,216.812315,32.98759459999998
NDWFS_J142526.4+335113,NDWFSJ1426p3346,1.0,6258.000423927897,5594.999722529855,216.3599363,33.85373799999999
NDWFS_J142547.2+334454,NDWFSJ1426p3346,1.0,5275.000330138526,4107.000090936502,216.4466975,33.74825609999999
NDWFS_J142634.0+334954,NDWFSJ1426p3346,1.0,2994.9998185768272,5240.000350975403,216.6417705,33.831767199999994
NDWFS_J142554.7+332906,NDWFSJ1426p3346,1.0,4966.999673866823,429.9994783723523,216.4780404,33.48520419999998
NDWFS_J142633.3+340441,NDWFSJ1426p3346,1.0,2983.000550452087,8681.000313500506,216.6387645,34.078303599999984
NDWFS_J142656.4+335444,NDWFSJ1426p3346,1.0,1896.999525822992,6347.000318611021,216.7352455,33.912098399999984
NDWFS_J142609.3+335724,NDWFSJ1426p3346,1.0,4160.00038321707,6998.99957222377,216.5391026,33.95661919999998
NDWFS_J142548.7+335854,NDWFSJ1426p3346,1.0,5153.000080409474,7364.000097064772,216.4528724,33.98170759999999
NDWFS_J142537.2+340156,NDWFSJ1426p3346,1.0,5692.999839473847,8080.000238097652,216.40524889999998,34.03239769999999
NDWFS_J142610.2+340224,NDWFSJ1426p3346,1.0,4102.00046096589,8163.999402957132,216.5426459,34.04014099999999
NDWFS_J142500.2+340154,NDWFSJ1426p3346,1.0,7476.000339178852,8101.000233459346,216.251143,34.031786599999975
NDWFS_J142703.5+334442,NDWFSJ1426p3346,1.0,1585.0001335807556,4013.000274432543,216.764671,33.745156899999984
NDWFS_J142713.8+334807,NDWFSJ1426p3346,1.0,1077.9995870621642,4802.000174819864,216.8075365,33.802120499999994
NDWFS_J142718.8+335005,NDWFSJ1426p3346,1.0,825.9995338130338,5256.999438378019,216.8288006,33.83493089999999
NDWFS_J142631.6+334429,NDWFSJ1426p3346,1.0,3127.999575484473,3980.0004432027536,216.631789,33.74137209999999
NDWFS_J142629.8+334649,NDWFSJ1426p3346,1.0,3205.00019238148,4524.000074791999,216.6245117,33.78026929999999
NDWFS_J142539.8+334847,NDWFSJ1426p3346,1.0,5615.00014686384,5017.000678642528,216.416174,33.8130663
NDWFS_J142507.1+334141,NDWFSJ1426p3346,1.0,7226.000239609963,3392.9999654595813,216.2797221,33.694863799999986
NDWFS_J142513.1+334206,NDWFSJ1426p3346,1.0,6931.00046241887,3483.9999237394486,216.3049794,33.701736099999984
NDWFS_J142500.3+334642,NDWFSJ1426p3346,1.0,7531.999579178297,4568.000133918432,216.2516242,33.77865139999999
NDWFS_J142506.9+334728,NDWFSJ1426p3346,1.0,7213.9999527560285,4739.999869339597,216.2787656,33.79136009999999
NDWFS_J142531.6+334812,NDWFSJ1426p3346,1.0,6013.000495143766,4889.99968410448,216.3820452,33.803518999999994
NDWFS_J142527.6+334900,NDWFSJ1426p3346,1.0,6206.000140995824,5080.000594729414,216.36514479999997,33.816907599999986
NDWFS_J142512.4+335310,NDWFSJ1426p3346,1.0,6923.000346107379,6060.999902494173,216.30191229999997,33.886333999999984
NDWFS_J142526.2+335025,NDWFSJ1426p3346,1.0,6265.999724691643,5407.000455095174,216.3595118,33.84026189999999
NDWFS_J142507.2+335017,NDWFSJ1426p3346,1.0,7189.00054276473,5392.000232333276,216.2799563,33.8380924
NDWFS_J142521.5+335206,NDWFSJ1426p3346,1.0,6488.999708702992,5806.000622240259,216.3397153,33.86858309999999
NDWFS_J142642.6+333415,NDWFSJ1426p3346,1.0,2628.000377557528,1592.9993848393588,216.67758,33.5708473
NDWFS_J142714.7+333807,NDWFSJ1426p3346,1.0,1059.9995216124862,2475.0002403174385,216.8114794,33.63542089999999
NDWFS_J142712.2+333851,NDWFSJ1426p3346,1.0,1182.0001808435318,2646.0002242075843,216.8008056,33.647568699999994
NDWFS_J142553.3+333515,NDWFSJ1426p3346,1.0,5009.999805116742,1860.0003251250184,216.4724751,33.587586899999984
NDWFS_J142629.8+334008,NDWFSJ1426p3346,1.0,3230.000014348261,2971.0006676516823,216.624199,33.66899039999999
NDWFS_J142609.1+334009,NDWFSJ1426p3346,1.0,4227.99999263158,2990.000395761146,216.5382872,33.66935349999999
NDWFS_J142445.0+333907,NDWFSJ1426p3346,1.0,8302.99994685575,2815.000279256157,216.1879321,33.652129099999996
NDWFS_J142533.9+340344,NDWFSJ1426p3346,1.0,5844.999469804287,8501.999956535397,216.3915279,34.06245539999998
NDWFS_J142702.2+335806,NDWFSJ1426p3346,0.0,1605.9999129619046,7131.999981339589,216.7595219,33.96860009999999
NDWFS_J142551.9+340013,NDWFSJ1426p3346,0.0,5044.999708035957,7682.000402283273,216.4617787,34.00460679999998
NDWFS_J142606.8+334317,NDWFSJ1426p3346,0.0,4331.0004114460935,3720.999340687663,216.5284983,33.721612099999994
NDWFS_J142535.7+333633,NDWFSJ1426p3346,0.0,5859.000443114477,2174.9994351694822,216.3990559,33.6092172
NDWFS_J142719.4+340230,NDWFSJ1426p3346,0.0,765.0005049738593,8144.99976188718,216.8311408,34.04190259999999
NDWFS_J142612.8+335417,NDWFSJ1426p3346,0.0,4001.000491745923,6275.000141009232,216.5537362,33.90491569999998
NDWFS_J142449.7+335902,NDWFSJ1426p3346,0.0,7996.000319062194,7440.999621988023,216.2072309,33.98385829999999
NDWFS_J142539.7+333001,NDWFSJ1426p3346,0.0,5690.000111721616,652.9993728290574,216.4156574,33.500390199999984
NDWFS_J142623.4+334955,NDWFSJ1426p3346,0.0,3505.0000629637907,5252.999870241906,216.5977782,33.83219999999999
NDWFS_J142623.4+340229,NDWFSJ1426p3346,0.0,3466.000533445644,8174.000037844425,216.59760909999997,34.04150459999998
NDWFS_J142501.0+335239,NDWFSJ1426p3346,0.0,7473.000052435022,5948.9994667441815,216.2546372,33.877642299999984
NDWFS_J142703.5+334432,NDWFSJ1426p3346,0.0,1584.0005742823523,3974.0003640841087,216.7647987,33.74236369999999
NDWFS_J142525.2+333916,NDWFSJ1426p3346,0.0,6356.999534794224,2815.999632270052,216.3553309,33.654562899999995
NDWFS_J142630.6+334547,NDWFSJ1426p3346,0.0,3170.99949938532,4286.000350287748,216.6277233,33.763252099999995
NDWFS_J142618.7+333505,NDWFSJ1426p3346,0.0,3781.9996216369,1802.999747738224,216.5781219,33.58477659999998
NDWFS_J142454.1+334116,NDWFSJ1426p3346,0.0,7855.999497113513,3306.000672345811,216.2256348,33.68785869999999
NDWFS_J142515.4+333524,NDWFSJ1426p3346,0.0,6847.000127136853,1925.9996770838045,216.3144638,33.590242799999984
NDWFS_J142546.9+335121,NDWFSJ1426p3346,0.0,5264.999552942383,5609.999715122676,216.4455499,33.85593369999999
NDWFS_J142732.2+340006,NDWFSJ1426p3346,0.0,153.9995082773712,7577.999672217704,216.8845156,34.00177529999999
NDWFS_J142519.3+334258,NDWFSJ1426p3346,0.0,6629.9995798483,3682.0000805549207,216.33060449999996,33.71627469999998
NDWFS_J142708.7+334020,NDWFSJ1426p3346,0.0,1341.9996984051704,2993.999808654291,216.78667319999997,33.67236359999997
NDWFS_J142524.8+335539,NDWFSJ1426p3346,0.0,6314.000492636867,6628.000665366748,216.35364429999998,33.92766989999998
NDWFS_J142537.3+335938,NDWFSJ1426p3346,0.0,5700.000195079439,7544.999742460128,216.4053797,33.99406419999998
NDWFS_J142523.3+335852,NDWFSJ1426p3346,0.0,6374.0004615865655,7375.999691072189,216.3474016,33.981181799999995
NDWFS_J142626.3+335510,NDWFSJ1426p3346,0.0,3348.0005037794253,6470.00017328819,216.6098571,33.919542599999986
NDWFS_J142641.5+340108,NDWFSJ1426p3346,0.0,2595.9995665566603,7849.999573455845,216.6731881,34.01913709999999
NDWFS_J142618.0+333551,NDWFSJ1426p3346,0.0,3815.0001279213793,1985.000412580821,216.5750618,33.59778089999999
NDWFS_J142528.1+334911,NDWFSJ1426p3346,0.0,6179.999705134669,5116.999563923065,216.367334,33.8195879
NDWFS_J142719.1+335551,NDWFSJ1426p3346,0.0,798.9997581758325,6595.999846597557,216.8297735,33.930889599999986
NDWFS_J142528.6+333750,NDWFSJ1426p3346,0.0,6200.999782630322,2481.000250661329,216.3692206,33.63074720000001
NDWFS_J142622.4+334216,NDWFSJ1426p3346,0.0,3580.999701067012,3472.999353908808,216.5933836,33.704607699999976
NDWFS_J142715.0+333609,NDWFSJ1426p3346,0.0,1052.0002864514736,2017.000469383744,216.8126369,33.60261599999999
NDWFS_J142455.9+334003,NDWFSJ1426p3346,0.0,7772.000402155012,3023.0006732100646,216.23329209999997,33.66769369999998
NDWFS_J142445.6+333541,NDWFSJ1426p3346,0.0,8292.999524190232,2016.0002118573263,216.1900316,33.594916999999995
NDWFS_J142559.5+335842,NDWFSJ1426p3346,0.0,4630.99969633744,7311.999957520543,216.4980265,33.97854719999999
NDWFS_J142647.0+335249,NDWFSJ1426p3346,0.0,2355.999846495575,5910.999504449052,216.6961175,33.88044249999998
NDWFS_J142702.9+333745,NDWFSJ1426p3346,0.0,1635.0002053793469,2392.9996768833025,216.7620948,33.62905369999999
NDWFS_J142522.5+335351,NDWFSJ1426p3346,0.0,6432.000078287423,6211.999802217238,216.344053,33.89773259999998
NDWFS_J142626.0+340257,NDWFSJ1426p3346,0.0,3339.9996850281186,8279.999643636473,216.60837340000003,34.049224099999996
NDWFS_J142459.1+333708,NDWFSJ1426p3346,0.0,7629.999579145169,2339.9996750947794,216.2465361,33.6189505
NDWFS_J142638.2+335138,NDWFSJ1426p3346,0.0,2788.0005557082404,5641.999532582767,216.6591551,33.860765199999996
NDWFS_J142717.8+340532,NDWFSJ1426p3346,0.0,834.9996482242477,8850.000526222553,216.8243702,34.092357299999996
NDWFS_J142548.2+335037,NDWFSJ1426p3346,0.0,5202.999565230908,5437.999516400381,216.45112629999997,33.843680399999975
NDWFS_J142657.7+334927,NDWFSJ1426p3346,0.0,1848.0005344587128,5120.000327505887,216.740811,33.82423399999999
NDWFS_J142714.0+340158,NDWFSJ1426p3346,0.0,1025.9994536993763,8022.000210334993,216.8087031,34.03286979999999
NDWFS_J142605.0+334526,NDWFSJ1426p3346,0.0,4414.000312390468,4220.000291414705,216.5207161,33.75727199999999
NDWFS_J142702.5+335641,NDWFSJ1426p3346,0.0,1596.9995176128596,6800.999957644754,216.76065440000002,33.94489289999999
NDWFS_J142706.4+334007,NDWFSJ1426p3346,0.0,1456.9995562714466,2944.999364785379,216.7768262,33.668754099999994
NDWFS_J142718.5+333634,NDWFSJ1426p3346,0.0,876.0001484123313,2110.9995774997224,216.8276791,33.60949679999999
NDWFS_J142508.3+334404,NDWFSJ1426p3346,0.0,7158.999673453203,3945.000663390568,216.28467610000004,33.734482699999994
NDWFS_J142601.1+333206,NDWFSJ1426p3346,0.0,4645.999776125547,1122.999298736302,216.5047153,33.535182
NDWFS_J142450.5+335323,NDWFSJ1426p3346,0.0,7979.000430579599,6127.0002032907305,216.210722,33.88976049999999
NDWFS_J142553.9+333401,NDWFSJ1426p3346,0.0,4984.999850778237,1574.999791389595,216.4749975,33.56719919999998
NDWFS_J142440.7+334938,NDWFSJ1426p3346,0.0,8468.999550599248,5266.000636256248,216.1698102,33.82746469999999
NDWFS_J142527.4+335047,NDWFSJ1426p3346,0.0,6208.000541462647,5493.000504290029,216.3643915,33.84648939999999
NDWFS_J142512.6+333152,NDWFSJ1426p3346,0.0,6995.99955082254,1103.0006109530514,216.3028528,33.53112029999999
NDWFS_J142500.9+334017,NDWFSJ1426p3346,0.0,7530.000234002353,3072.9996845914848,216.25403779999996,33.67157339999999
NDWFS_J142543.8+335332,NDWFSJ1426p3346,0.0,5408.000514721411,6120.000287235528,216.4325291,33.89231
NDWFS_J142631.6+333002,NDWFSJ1426p3346,0.0,3174.00052916858,620.0002747516573,216.6317878,33.50063099999998
NDWFS_J142628.7+333007,NDWFSJ1426p3346,0.0,3308.9995106412825,640.0000943625218,216.6201687,33.50193339999998
NDWFS_J142610.4+332853,NDWFSJ1426p3346,0.0,4206.00041515167,366.0005455616156,216.5434673,33.48141429999998
NDWFS_J142548.7+334126,NDWFSJ1426p3346,0.0,5213.999585971942,3303.999783207726,216.45301989999996,33.69080159999998
NDWFS_J142653.3+335754,NDWFSJ1426p3346,0.0,2033.999922106319,7090.000395392148,216.7225995,33.96520739999998
NDWFS_J142506.3+333106,NDWFSJ1426p3346,0.0,7305.999642178245,931.9996292923934,216.2764762,33.51850179999999
NDWFS_J142504.0+340004,NDWFSJ1426p3346,0.0,7300.99988079695,7672.999341135592,216.26690339999996,34.001344399999994
NDWFS_J142518.4+333626,NDWFSJ1426p3346,0.0,6695.000335995072,2163.000010017347,216.3271902,33.60739699999998
NDWFS_J142508.8+333146,NDWFSJ1426p3346,0.0,7181.000313435892,1085.999740261088,216.28698609999998,33.529681799999985
NDWFS_J142717.3+332913,NDWFSJ1426p3346,0.0,956.9997760332552,404.00016466871057,216.8224462,33.487141499999986
NDWFS_J142517.8+334830,NDWFSJ1426p3346,0.0,6682.000296139689,4967.999806849607,216.3242775,33.8083288
NDWFS_J142450.3+334510,NDWFSJ1426p3346,0.0,8025.999554348436,4218.000625702113,216.2096056,33.75296689999998
NDWFS_J142707.4+333539,NDWFSJ1426p3346,0.0,1420.9997239148524,1905.9995633147737,216.7810175,33.594350599999984
NDWFS_J142517.3+340036,NDWFSJ1426p3346,0.0,6657.000236026022,7784.000273832848,216.3223717,34.0100743
NDWFS_J142540.9+340001,NDWFSJ1426p3346,0.0,5524.000306264825,7629.99948549037,216.420467,34.00035149999998
NDWFS_J142447.0+334819,NDWFSJ1426p3346,0.0,8168.000269760858,4953.99941718662,216.1962376,33.80550309999999
NDWFS_J142606.7+333604,NDWFSJ1426p3346,0.0,4362.000092823317,2040.0005197510343,216.5279579,33.60116349999998
NDWFS_J142716.9+335035,NDWFSJ1426p3346,0.0,919.0005084256408,5372.999898839857,216.8206615,33.84316429999999
NDWFS_J142458.5+340451,NDWFSJ1426p3346,0.0,7546.00056593871,8787.000040870837,216.2440571,34.080838499999984
NDWFS_J142600.3+333552,NDWFSJ1426p3346,0.0,4668.000378247496,2000.9993373224097,216.501696,33.59805029999999
NDWFS_J142454.6+333559,NDWFSJ1426p3346,0.0,7855.00024925562,2079.999829977847,216.2275843,33.60005059999999
NDWFS_J142450.2+335459,NDWFSJ1426p3346,0.0,7988.000446606551,6499.999691279891,216.2093716,33.916466199999995
NDWFS_J142700.9+335427,NDWFSJ1426p3346,0.0,1681.999907595009,6282.999758962563,216.7538729,33.90770489999999
NDWFS_J142724.7+334720,NDWFSJ1426p3346,0.0,552.9995178640384,4614.999520489196,216.8529828,33.789158499999985
NDWFS_J142459.2+334205,NDWFSJ1426p3346,0.0,7604.000332415657,3490.9993643283487,216.2470425,33.70142149999999
NDWFS_J142727.9+340014,NDWFSJ1426p3346,0.0,360.99993752179216,7611.99976031179,216.8665938,34.004045199999986
NDWFS_J142716.6+333651,NDWFSJ1426p3346,0.0,971.0002457020636,2178.000508875639,216.8194395,33.61421789999999
NDWFS_J142654.5+334324,NDWFSJ1426p3346,0.0,2023.0004355966207,3717.0002651670593,216.7272633,33.72356209999999
NDWFS_J142453.2+335029,NDWFSJ1426p3346,0.0,7860.999469596638,5450.999483391548,216.2219339,33.84148899999999
NDWFS_J142545.9+335845,NDWFSJ1426p3346,0.0,5287.0005653671615,7331.999356161756,216.44134170000004,33.97926749999999
NDWFS_J142445.3+334811,NDWFSJ1426p3346,0.0,8253.000125566366,4922.000293631504,216.1889628,33.8031029
NDWFS_J142454.4+335456,NDWFSJ1426p3346,0.0,7783.999858339957,6486.999987508,216.226994,33.91579199999999
NDWFS_J142627.3+335155,NDWFSJ1426p3346,0.0,3312.0002868062093,5712.000328114453,216.6138716,33.86527369999998
NDWFS_J142708.5+334332,NDWFSJ1426p3346,0.0,1346.000223158724,3738.000602275367,216.7855492,33.725662299999996
NDWFS_J142559.4+333534,NDWFSJ1426p3346,0.0,4715.999778406149,1932.999693786784,216.4976566,33.593128799999995
NDWFS_J142541.6+333658,NDWFSJ1426p3346,0.0,5573.000149820771,2268.000304467265,216.4235228,33.616197899999996
NDWFS_J142628.1+335059,NDWFSJ1426p3346,0.0,3275.9998388644235,5498.000107621194,216.6172324,33.84997779999999
NDWFS_J142502.2+334645,NDWFSJ1426p3346,0.0,7442.000340365201,4577.000650384911,216.2593641,33.77940669999999
NDWFS_J142603.9+334631,NDWFSJ1426p3346,0.0,4459.00009853482,4471.9996236234965,216.5165178,33.77527719999999
NDWFS_J142517.3+333457,NDWFSJ1426p3346,0.0,6755.999566202681,1818.9995315474644,216.3224403,33.582686299999985
NDWFS_J142446.2+340551,NDWFSJ1426p3346,0.0,8135.999908446618,9034.000249760527,216.19266429999996,34.09778479999998
NDWFS_J142734.1+340226,NDWFSJ1426p3346,0.0,60.00041461110595,8121.000436109297,216.8921167,34.04075659999998
NDWFS_J142449.4+332856,NDWFSJ1426p3346,0.0,8133.000489953276,442.0005966873978,216.206203,33.482391599999985
NDWFS_J142450.6+340456,NDWFSJ1426p3346,0.0,7928.9998744396435,8816.999606200112,216.21089839999996,34.08250539999999
NDWFS_J142624.0+335504,NDWFSJ1426p3346,0.0,3458.99965745227,6448.999582952711,216.60030129999998,33.917928199999984
NDWFS_J142702.2+335614,NDWFSJ1426p3346,0.0,1612.0000515918673,6696.999897738974,216.7594707,33.937428399999995
NDWFS_J142553.7+340049,NDWFSJ1426p3346,0.0,4904.999446686867,7808.000122694879,216.4737082,34.013785600000006
NDWFS_J142532.2+340008,NDWFSJ1426p3346,0.0,5941.999491525679,7663.000468020477,216.3843116,34.00224169999999
NDWFS_J142557.6+335757,NDWFSJ1426p3346,0.0,4726.000103056889,7136.0001335430325,216.49005049999997,33.96583719999998
NDWFS_J142724.6+335907,NDWFSJ1426p3346,0.0,523.9995541487606,7353.999755187211,216.85276429999996,33.98542679999997
NDWFS_J142640.0+335528,NDWFSJ1426p3346,0.0,2684.999922646324,6529.999946727357,216.66701819999997,33.924482099999985
NDWFS_J142633.4+334811,NDWFSJ1426p3346,0.0,3030.000491126588,4841.999756892724,216.6392196,33.8032203
NDWFS_J142653.1+343856,NDWFSJ1426p3421,1.0,1947.9997897867745,8460.000566056962,216.721461,34.648965999999994
NDWFS_J142714.6+343154,NDWFSJ1426p3421,1.0,937.9997473280836,6811.999914191227,216.81112299999998,34.5317929
NDWFS_J142643.9+340937,NDWFSJ1426p3421,1.0,2479.0000645875625,1649.0001338666189,216.6830419,34.16048359999999
NDWFS_J142620.0+340427,NDWFSJ1426p3421,1.0,3643.999854562502,461.0006257476971,216.5836489,34.074233299999996
NDWFS_J142729.8+341124,NDWFSJ1426p3421,1.0,262.999536365267,2034.9997349259345,216.8745166,34.190078299999996
NDWFS_J142453.4+340437,NDWFSJ1426p3421,1.0,7815.999923878022,569.0001327367863,216.22277289999997,34.077233699999994
NDWFS_J142515.6+340526,NDWFSJ1426p3421,1.0,6742.999494103606,748.0004829408581,216.3152804,34.09137509999999
NDWFS_J142719.2+343906,NDWFSJ1426p3421,1.0,699.0000209174414,8483.000562080817,216.8302014,34.65172209999999
NDWFS_J142646.0+343003,NDWFSJ1426p3421,1.0,2315.0003711832287,6399.999894850816,216.69185309999997,34.501032599999995
NDWFS_J142700.0+343138,NDWFSJ1426p3421,1.0,1636.0000094827992,6759.000682863789,216.75048369999996,34.527380599999994
NDWFS_J142638.3+343345,NDWFSJ1426p3421,1.0,2672.9997562263416,7264.999480540257,216.6597272,34.5626638
NDWFS_J142719.2+343508,NDWFSJ1426p3421,1.0,711.0004793259068,7563.999729603328,216.8300956,34.58586679999999
NDWFS_J142546.5+343549,NDWFSJ1426p3421,1.0,5148.0000604140005,7781.999982885153,216.4437641,34.59711669999999
NDWFS_J142442.9+343203,NDWFSJ1426p3421,1.0,8205.00013337399,6958.000168120581,216.17912469999996,34.5343782
NDWFS_J142650.5+342005,NDWFSJ1426p3421,1.0,2127.000326348796,4077.0000711451617,216.7108012,34.33477209999999
NDWFS_J142723.5+342709,NDWFSJ1426p3421,1.0,521.9996049581368,5703.00004656111,216.8484135,34.452684699999985
NDWFS_J142616.2+341538,NDWFSJ1426p3421,1.0,3791.999977873649,3061.9996099641303,216.5676304,34.260427299999996
NDWFS_J142635.7+342044,NDWFSJ1426p3421,1.0,2840.0002295451213,4240.000542034676,216.6487583,34.34577459999999
NDWFS_J142611.3+342325,NDWFSJ1426p3421,1.0,4002.999502321967,4881.999530191626,216.547054,34.390599599999994
NDWFS_J142617.8+342714,NDWFSJ1426p3421,1.0,3673.999520674861,5762.999836180261,216.5745213,34.454057199999994
NDWFS_J142456.2+341513,NDWFSJ1426p3421,1.0,7638.999603002096,3031.0002660353816,216.2343296,34.25381269999998
NDWFS_J142517.5+341608,NDWFSJ1426p3421,1.0,6609.999796013817,3227.9997889531405,216.32319519999996,34.2691883
NDWFS_J142445.0+341626,NDWFSJ1426p3421,1.0,8172.000148397783,3323.999698388832,216.1876963,34.274120399999994
NDWFS_J142719.2+340417,NDWFSJ1426p3421,1.0,791.9997291171185,385.0000945163879,216.8303771,34.07141909999998
NDWFS_J142637.4+340859,NDWFSJ1426p3421,1.0,2794.999826221221,1503.999792411433,216.6558551,34.14979439999999
NDWFS_J142639.3+340935,NDWFSJ1426p3421,1.0,2699.9995420039086,1641.0002087440353,216.6639195,34.15970089999998
NDWFS_J142557.4+340447,NDWFSJ1426p3421,1.0,4735.000270415778,553.9994168298872,216.4891876,34.07975899999999
NDWFS_J142630.4+341345,NDWFSJ1426p3421,1.0,3117.000354752752,2615.999635138469,216.6266619,34.229151499999986
NDWFS_J142535.9+341315,NDWFSJ1426p3421,1.0,5736.999637119337,2538.000428724428,216.3998047,34.22078019999999
NDWFS_J142444.1+340448,NDWFSJ1426p3421,1.0,8263.999521062608,617.9994367099412,216.1839667,34.08017219999999
NDWFS_J142516.7+340842,NDWFSJ1426p3421,1.0,6679.99999691694,1498.000174220413,216.3196414,34.145176199999995
NDWFS_J142520.0+341111,NDWFSJ1426p3421,1.0,6511.999923558324,2067.000316848312,216.33336,34.1861367
NDWFS_J142448.7+341436,NDWFSJ1426p3421,1.0,8000.99994456676,2892.999327306293,216.2031825,34.24346779999998
NDWFS_J142529.4+341316,NDWFSJ1426p3421,1.0,6044.000191756037,2545.9995909807,216.3732036,34.22099979999998
NDWFS_J142510.0+341335,NDWFSJ1426p3421,1.0,6982.0003017887975,2634.999466712456,216.2918344,34.226259799999994
NDWFS_J142526.4+343856,NDWFSJ1426p3421,1.0,6096.999562555648,8521.999886059806,216.3601462,34.649033499999994
NDWFS_J142732.3+340323,NDWFSJ1426p3421,0.0,164.00013708335246,169.9993384169779,216.8848997,34.05652709999999
NDWFS_J142541.2+340941,NDWFSJ1426p3421,0.0,5493.000366835851,1703.9999681329514,216.4220761,34.16131049999998
NDWFS_J142441.4+343432,NDWFSJ1426p3421,0.0,8268.000312348559,7533.999686950262,216.1727374,34.57555319999998
NDWFS_J142708.2+344028,NDWFSJ1426p3421,0.0,1220.0000604092766,8808.999657957133,216.7844844,34.6746283
NDWFS_J142644.4+341613,NDWFSJ1426p3421,0.0,2434.0004412093986,3182.999648965209,216.6851897,34.27043239999999
NDWFS_J142511.4+341719,NDWFSJ1426p3421,0.0,6900.000068009485,3507.9996873460327,216.2976531,34.288896099999995
NDWFS_J142725.4+343153,NDWFSJ1426p3421,0.0,419.9999073884337,6805.000264264949,216.8561762,34.531728399999984
NDWFS_J142500.5+343729,NDWFSJ1426p3421,0.0,7340.000357216442,8206.000490140754,216.252424,34.624880899999994
NDWFS_J142511.6+342913,NDWFSJ1426p3421,0.0,6842.99960822389,6271.999822022573,216.2985293,34.48696149999999
NDWFS_J142502.1+343453,NDWFSJ1426p3421,0.0,7275.000267546526,7598.000592209111,216.2589985,34.58141129999999
NDWFS_J142708.9+343154,NDWFSJ1426p3421,0.0,1214.000428205587,6809.999967104735,216.7871242,34.531409999999994
NDWFS_J142503.9+343054,NDWFSJ1426p3421,0.0,7203.999829203418,6672.000344611713,216.2665655,34.5151694
NDWFS_J142646.3+340421,NDWFSJ1426p3421,0.0,2376.000269175224,420.9993251955352,216.6933492,34.07259799999999
NDWFS_J142705.6+343109,NDWFSJ1426p3421,0.0,1370.999860067397,6642.999334278346,216.7736503,34.51930629999999
NDWFS_J142714.5+341348,NDWFSJ1426p3421,0.0,992.9995074507387,2600.999797319134,216.8107077,34.230026699999996
NDWFS_J142616.4+342305,NDWFSJ1426p3421,0.0,3756.99972112483,4797.999797066669,216.5685109,34.38483629999998
NDWFS_J142641.8+340915,NDWFSJ1426p3421,0.0,2577.9996830202763,1563.9994016432986,216.6745692,34.1543001
NDWFS_J142623.9+342319,NDWFSJ1426p3421,0.0,3397.000048701484,4847.000281150442,216.5996975,34.388712899999994
NDWFS_J142613.1+342133,NDWFSJ1426p3421,0.0,3920.99943449891,4442.999768284173,216.5547219,34.35923369999998
NDWFS_J142644.4+343324,NDWFSJ1426p3421,0.0,2380.0004211244686,7178.999877805804,216.6853121,34.556783199999984
NDWFS_J142444.5+342058,NDWFSJ1426p3421,0.0,8174.000413023867,4377.999340496415,216.1858723,34.34961559999999
NDWFS_J142701.9+341900,NDWFSJ1426p3421,0.0,1584.0001032057226,3819.999856415783,216.7581852,34.3168521
NDWFS_J142613.8+343618,NDWFSJ1426p3421,0.0,3839.999826436975,7873.000555658818,216.5574591,34.605050499999976
NDWFS_J142531.0+340941,NDWFSJ1426p3421,0.0,5985.999602451713,1714.0000641729257,216.3793923,34.16146509999999
NDWFS_J142541.6+341332,NDWFSJ1426p3421,0.0,5462.999712024619,2600.0004575618227,216.4234524,34.225532399999985
NDWFS_J142558.1+340626,NDWFSJ1426p3421,0.0,4694.999859113301,943.0002260658916,216.49214000000003,34.1076701
NDWFS_J142702.4+342143,NDWFSJ1426p3421,0.0,1554.9999991009115,4447.000201853868,216.76002479999997,34.36180199999998
NDWFS_J142542.2+340514,NDWFSJ1426p3421,0.0,5462.999960932484,668.999591338038,216.4260801,34.08719859999999
NDWFS_J142437.9+341606,NDWFSJ1426p3421,0.0,8512.000273232527,3253.000651980798,216.1583481,34.268591799999996
NDWFS_J142557.5+340722,NDWFSJ1426p3421,0.0,4720.999551554323,1157.0001971511006,216.4896117,34.12297319999998
NDWFS_J142708.6+342404,NDWFSJ1426p3421,0.0,1248.999921667366,4996.000492118528,216.7860004,34.40140779999999
NDWFS_J142624.0+341615,NDWFSJ1426p3421,0.0,3414.999887310263,3204.0005581837563,216.6001314,34.270982999999994
NDWFS_J142529.2+341818,NDWFSJ1426p3421,0.0,6039.000183854096,3721.000162059083,216.3719837,34.305179
NDWFS_J142532.4+341528,NDWFSJ1426p3421,0.0,5897.000476455203,3058.0000110762976,216.385221,34.25784809999999
NDWFS_J142549.9+341420,NDWFSJ1426p3421,0.0,5058.999782613391,2781.0000526772887,216.4582059,34.23894889999999
NDWFS_J142640.5+342245,NDWFSJ1426p3421,0.0,2602.000123297181,4704.000322291048,216.6688707,34.3792477
NDWFS_J142440.7+342223,NDWFSJ1426p3421,0.0,8353.000041455896,4712.000071288258,216.1698198,34.37330669999999
NDWFS_J142639.4+343521,NDWFSJ1426p3421,0.0,2611.999663353201,7636.999463035268,216.6646008,34.58937449999999
NDWFS_J142530.1+340429,NDWFSJ1426p3421,0.0,6049.999696767471,503.99947591331966,216.3755504,34.07471099999999
NDWFS_J142533.9+340828,NDWFSJ1426p3421,0.0,5852.000176650938,1427.9998818252711,216.3913874,34.14113099999998
NDWFS_J142544.6+342708,NDWFSJ1426p3421,0.0,5267.999778346308,5764.000687199652,216.4360646,34.452416699999986
NDWFS_J142644.1+343529,NDWFSJ1426p3421,0.0,2390.0005428998884,7665.00038265555,216.6838854,34.59159329999999
NDWFS_J142630.7+340502,NDWFSJ1426p3421,0.0,3129.999666938628,592.000325531129,216.6279423,34.084129299999994
NDWFS_J142505.8+342850,NDWFSJ1426p3421,0.0,7123.999544083501,6191.000364114974,216.27423729999998,34.4808137
NDWFS_J142716.2+342752,NDWFSJ1426p3421,0.0,873.0004267408567,5873.999912631286,216.8177426,34.464641199999996
NDWFS_J142711.3+342055,NDWFSJ1426p3421,0.0,1126.999495205815,4260.999631571387,216.7973625,34.348851199999984
NDWFS_J142519.7+341040,NDWFSJ1426p3421,0.0,6526.000397344389,1952.999593688087,216.33231209999997,34.17795359999999
NDWFS_J142534.5+341121,NDWFSJ1426p3421,0.0,5809.000449163763,2098.999873645849,216.39417779999997,34.18924889999998
NDWFS_J142714.6+342307,NDWFSJ1426p3421,0.0,963.9999356755308,4767.999375476403,216.8109815,34.38531819999999
NDWFS_J142652.9+341642,NDWFSJ1426p3421,0.0,2025.99984830197,3290.000445435944,216.720438,34.278478299999996
NDWFS_J142624.1+341545,NDWFSJ1426p3421,0.0,3413.999905167966,3088.000069735211,216.6003588,34.262673199999995
NDWFS_J142726.5+342436,NDWFSJ1426p3421,0.0,389.9996414626239,5108.000660412401,216.86047299999998,34.4101614
NDWFS_J142531.9+342924,NDWFSJ1426p3421,0.0,5866.9998840042645,6300.999523368861,216.3832876,34.490201699999986
NDWFS_J142526.5+341142,NDWFSJ1426p3421,0.0,6192.000507567835,2188.000363680599,216.3608922,34.19518159999999
NDWFS_J142625.0+341630,NDWFSJ1426p3421,0.0,3364.0004464322665,3261.000678087916,216.604483,34.27511779999999
NDWFS_J142550.9+340956,NDWFSJ1426p3421,0.0,5025.999700480727,1757.0006113752518,216.4624269,34.165625999999996
NDWFS_J142536.2+341232,NDWFSJ1426p3421,0.0,5725.00044234463,2372.000182110917,216.4010734,34.208901999999995
NDWFS_J142701.6+341543,NDWFSJ1426p3421,0.0,1606.9995018669615,3057.000218387564,216.7570146,34.26216329999998
NDWFS_J142645.0+342946,NDWFSJ1426p3421,0.0,2363.999783768448,6332.999773943113,216.68767050000002,34.49618599999998
NDWFS_J142456.5+340843,NDWFSJ1426p3421,0.0,7652.999774388267,1520.0004893195946,216.23541879999996,34.145559799999994
NDWFS_J142608.8+341243,NDWFSJ1426p3421,0.0,4156.0000705838975,2389.999532761713,216.5369361,34.21190639999998
NDWFS_J142459.9+340420,NDWFSJ1426p3421,0.0,7505.000118572927,495.9995532545327,216.2497699,34.072393999999996
NDWFS_J142631.3+341936,NDWFSJ1426p3421,0.0,3053.999840664428,3980.999920932486,216.6305,34.327009399999994
NDWFS_J142601.3+340508,NDWFSJ1426p3421,0.0,4545.99976117185,633.9996258332608,216.5054281,34.085692399999985
NDWFS_J142650.9+341248,NDWFSJ1426p3421,0.0,2133.0004483845696,2384.000671486827,216.7121747,34.21346679999998
NDWFS_J142640.9+342105,NDWFSJ1426p3421,0.0,2585.0000782744846,4316.000240546121,216.6707942,34.351465099999984
NDWFS_J142440.0+343718,NDWFSJ1426p3421,0.0,8326.000093778799,8181.999505838945,216.1666645,34.62189109999999
NDWFS_J142707.9+342507,NDWFSJ1426p3421,0.0,1278.9997944552124,5238.000279340913,216.7831394,34.418720699999994
NDWFS_J142435.4+343524,NDWFSJ1426p3421,0.0,8548.999925476444,7744.999755681304,216.1479629,34.59029489999999
NDWFS_J142625.5+342848,NDWFSJ1426p3421,0.0,3300.9997519770186,6120.999997097571,216.6064893,34.480083899999975
NDWFS_J142729.4+342704,NDWFSJ1426p3421,0.0,241.99988134202977,5679.999501291548,216.8727628,34.45126709999998
NDWFS_J142440.7+341903,NDWFSJ1426p3421,0.0,8370.000048667018,3935.000121868298,216.1695741,34.31762869999999
NDWFS_J142507.0+341702,NDWFSJ1426p3421,0.0,7110.99981554889,3443.0005998536526,216.2794614,34.283982099999996
NDWFS_J142712.9+342511,NDWFSJ1426p3421,0.0,1036.9999533032678,5251.000628043338,216.80414169999997,34.41986259999999
NDWFS_J142511.0+341301,NDWFSJ1426p3421,0.0,6936.00013786988,2505.0003064858865,216.2960098,34.21700339999999
NDWFS_J142729.1+343039,NDWFSJ1426p3421,0.0,247.99988249468151,6515.000317440732,216.8714196,34.511091099999994
NDWFS_J142536.2+343657,NDWFSJ1426p3421,0.0,5632.99956614133,8051.999608461334,216.4011926,34.61590699999999
NDWFS_J142455.1+341759,NDWFSJ1426p3421,0.0,7680.000425091654,3674.000112638455,216.2297948,34.2998201
NDWFS_J142730.1+342519,NDWFSJ1426p3421,0.0,212.9999681163281,5275.000395190224,216.8756795,34.42227179999998
NDWFS_J142620.0+340615,NDWFSJ1426p3421,0.0,3638.9999438352015,879.000367669652,216.5835694,34.1041852
NDWFS_J142643.4+342824,NDWFSJ1426p3421,0.0,2440.000219267773,6024.000193128468,216.6814193,34.473975299999985
NDWFS_J142610.6+341714,NDWFSJ1426p3421,0.0,4053.99970108817,3441.0000794992693,216.5444466,34.28730929999999
NDWFS_J142448.6+341942,NDWFSJ1426p3421,0.0,7991.000478776528,4072.000211797629,216.2022193,34.327932999999994
NDWFS_J142605.4+343335,NDWFSJ1426p3421,0.0,4245.999601391395,7246.999520117994,216.52293289999997,34.5597759
NDWFS_J142700.7+342133,NDWFSJ1426p3421,0.0,1633.0001818400942,4413.000534370352,216.7532927,34.35929619999999
NDWFS_J142703.0+342258,NDWFSJ1426p3421,0.0,1521.0001564421782,4744.999772690226,216.7626547,34.38318369999999
NDWFS_J142551.7+343044,NDWFSJ1426p3421,0.0,4916.999852543875,6594.000454048133,216.4654464,34.51226769999998
NDWFS_J142449.8+342326,NDWFSJ1426p3421,0.0,7912.999495927892,4947.999537299286,216.2076261,34.390781299999986
NDWFS_J142536.8+341903,NDWFSJ1426p3421,0.0,5673.00048815682,3886.999656022822,216.40348629999997,34.3174928
NDWFS_J142455.0+343449,NDWFSJ1426p3421,0.0,7615.999573700821,7588.000635875424,216.2293558,34.58026439999998
NDWFS_J142705.9+342000,NDWFSJ1426p3421,0.0,1389.0000431636563,4047.999338731496,216.7748558,34.33336099999999
NDWFS_J142611.3+343008,NDWFSJ1426p3421,0.0,3977.000009196523,6442.000237538325,216.54734499999998,34.50238869999999
NDWFS_J142705.7+343001,NDWFSJ1426p3421,0.0,1369.0004184560894,6380.000370756565,216.7741051,34.500464599999994
NDWFS_J142502.9+342202,NDWFSJ1426p3421,0.0,7290.99967743217,4612.000573563484,216.262106,34.36749869999999
NDWFS_J142515.2+341152,NDWFSJ1426p3421,0.0,6738.00013162757,2233.999755900661,216.3135517,34.1978297
NDWFS_J142723.7+341445,NDWFSJ1426p3421,0.0,548.0003146114632,2819.000505554102,216.84904849999998,34.24602049999998
NDWFS_J142655.7+342517,NDWFSJ1426p3421,0.0,1865.9997965932048,5284.000625648317,216.7321136,34.42149119999999
NDWFS_J142647.1+342007,NDWFSJ1426p3421,0.0,2291.9997715405734,4088.000235777898,216.696475,34.33540659999999
NDWFS_J142449.2+342401,NDWFSJ1426p3421,0.0,7935.999899048187,5085.000425263019,216.2054177,34.4005652
NDWFS_J142706.5+340533,NDWFSJ1426p3421,0.0,1404.00022361242,684.9996901998752,216.7771305,34.0923907
NDWFS_J142526.7+343136,NDWFSJ1426p3421,0.0,6108.000095063107,6817.000104531152,216.3616145,34.5268839
NDWFS_J142447.7+343722,NDWFSJ1426p3421,0.0,7955.9997238338365,8190.000116708561,216.1988463,34.622948
NDWFS_J142517.4+342922,NDWFSJ1426p3421,0.0,6564.999491025581,6305.000050967387,216.3226344,34.48966259999999
NDWFS_J142547.7+341352,NDWFSJ1426p3421,0.0,5167.0005360292525,2672.999751531445,216.4489941,34.23109249999999
NDWFS_J142614.8+344433,NDWFSJ1426p3456,1.0,3840.999729245272,1658.9994366152296,216.5617591,34.74260749999999
NDWFS_J142539.7+344959,NDWFSJ1426p3456,1.0,5495.999751586056,2949.0004637548445,216.41573309999998,34.8332048
NDWFS_J142443.8+344832,NDWFSJ1426p3456,1.0,8169.999604489119,2658.99953144329,216.18291389999996,34.8091408
NDWFS_J142600.9+350252,NDWFSJ1426p3456,1.0,4445.000239733468,5931.999366847609,216.50354549999997,35.0480552
NDWFS_J142722.5+345225,NDWFSJ1426p3456,1.0,585.9995878581703,3446.0002925012395,216.8437067,34.873700099999986
NDWFS_J142707.8+344748,NDWFSJ1426p3456,1.0,1300.00020631571,2378.999352839389,216.7824997,34.796638499999986
NDWFS_J142532.9+343910,NDWFSJ1426p3456,1.0,5862.000392216261,439.0005401271837,216.3873241,34.65298239999999
NDWFS_J142536.8+343733,NDWFSJ1426p3421,1.0,5605.999520175337,8194.00057024467,216.4033453,34.62611039999998
NDWFS_J142458.8+351446,NDWFSJ1426p3456,1.0,7342.000283141639,8745.000002203747,216.2458438,35.24608529999999
NDWFS_J142717.3+350548,NDWFSJ1426p3456,1.0,795.9997391477882,6562.000431753371,216.8221555,35.096751799999986
NDWFS_J142708.7+350937,NDWFSJ1426p3456,1.0,1191.999689123499,7456.000678637552,216.7865335,35.16044579999999
NDWFS_J142637.2+351106,NDWFSJ1426p3456,1.0,2686.999886256246,7819.999644204874,216.65512439999998,35.18511629999999
NDWFS_J142636.5+351224,NDWFSJ1426p3456,1.0,2717.9995780693152,8121.999575173,216.6520508,35.2067173
NDWFS_J142712.0+351405,NDWFSJ1426p3456,1.0,1025.999958780223,8492.000517300827,216.7999857,35.2348035
NDWFS_J142628.0+350543,NDWFSJ1426p3456,1.0,3139.9997656717733,6571.999734861449,216.6169393,35.095270299999996
NDWFS_J142604.0+351025,NDWFSJ1426p3456,1.0,4271.000461242373,7684.999863398083,216.51649439999997,35.173806000000006
NDWFS_J142554.4+351151,NDWFSJ1426p3456,1.0,4717.999774519656,8026.000122224987,216.4768773,35.1977378
NDWFS_J142616.1+351415,NDWFSJ1426p3456,1.0,3677.000302587803,8566.000280339213,216.567433,35.23754119999999
NDWFS_J142436.5+350358,NDWFSJ1426p3456,1.0,8453.000031051477,6253.999687647798,216.1524657,35.06623689999999
NDWFS_J142519.2+350508,NDWFSJ1426p3456,1.0,6419.000570822358,6489.999832933121,216.3300599,35.08574339999999
NDWFS_J142446.5+350735,NDWFSJ1426p3456,1.0,7962.000335824319,7086.999638997853,216.194105,35.12654499999999
NDWFS_J142516.6+350803,NDWFSJ1426p3456,1.0,6525.999662537048,7168.000615821988,216.3197025,35.1341712
NDWFS_J142520.5+350902,NDWFSJ1426p3456,1.0,6340.9996726745885,7390.000268081116,216.3355782,35.15029639999998
NDWFS_J142519.6+351119,NDWFSJ1426p3456,1.0,6373.000558681644,7931.000067864621,216.3319875,35.18900289999999
NDWFS_J142501.4+351306,NDWFSJ1426p3456,1.0,7233.0004983850195,8353.999487070163,216.2559958,35.21822409999999
NDWFS_J142518.4+351150,NDWFSJ1426p3456,1.0,6430.999533086368,8048.9998468316335,216.3267333,35.19738289999998
NDWFS_J142722.8+345127,NDWFSJ1426p3456,1.0,573.0000021026681,3220.0000640822445,216.8450705,34.8575195
NDWFS_J142714.2+345205,NDWFSJ1426p3456,1.0,981.9994314309732,3372.000231756076,216.8092062,34.868059499999994
NDWFS_J142646.3+345253,NDWFSJ1426p3456,1.0,2311.0000380523816,3574.000547782563,216.6929446,34.8813217
NDWFS_J142639.7+345320,NDWFSJ1426p3456,1.0,2623.0000223314346,3692.000688271464,216.66556409999998,34.8894751
NDWFS_J142701.5+345917,NDWFSJ1426p3456,1.0,1568.0004002675887,5059.000334794167,216.7562074,34.9883966
NDWFS_J142706.3+350026,NDWFSJ1426p3456,1.0,1333.00024783158,5320.999999835265,216.7764736,35.007377699999985
NDWFS_J142714.2+350215,NDWFSJ1426p3456,1.0,951.000152290988,5740.0004091181,216.8094443,35.0377315
NDWFS_J142554.5+345220,NDWFSJ1426p3456,1.0,4784.999537053911,3483.9999692881065,216.4770594,34.87232939999999
NDWFS_J142625.2+345233,NDWFSJ1426p3456,1.0,3314.999981961312,3513.999572901152,216.6053536,34.876036499999984
NDWFS_J142622.1+345238,NDWFSJ1426p3456,1.0,3465.999818887849,3531.9993989545856,216.5921482,34.8771721
NDWFS_J142543.7+345236,NDWFSJ1426p3456,1.0,5295.000248950473,3551.999684873936,216.4324471,34.876628299999986
NDWFS_J142541.8+345248,NDWFSJ1426p3456,1.0,5385.000440629792,3601.0000740279847,216.4245232,34.880035599999985
NDWFS_J142606.4+345718,NDWFSJ1426p3456,1.0,4199.000386641794,4630.0005118308745,216.5267426,34.955058599999994
NDWFS_J142602.6+345906,NDWFSJ1426p3456,1.0,4371.000048352846,5055.0001174996905,216.5111602,34.98531649999999
NDWFS_J142632.3+350154,NDWFSJ1426p3456,1.0,2944.999901323398,5682.99980544195,216.6350719,35.031785299999996
NDWFS_J142555.6+350044,NDWFSJ1426p3456,1.0,4700.999926729703,5437.999694410129,216.4818059,35.01238929999999
NDWFS_J142546.4+345956,NDWFSJ1426p3456,1.0,5138.999924351483,5258.000025738351,216.4437516,34.99900579999999
NDWFS_J142533.8+345043,NDWFSJ1426p3456,1.0,5775.999848538144,3129.9993509510723,216.39105,34.84584589999999
NDWFS_J142448.8+345319,NDWFSJ1426p3456,1.0,7913.999521443311,3767.000046493875,216.2035094,34.88883389999998
NDWFS_J142522.3+345454,NDWFSJ1426p3456,1.0,6310.00057073354,4103.99998811733,216.3430491,34.914979899999985
NDWFS_J142527.8+345641,NDWFSJ1426p3456,1.0,6044.000123898419,4515.000146510944,216.36569389999997,34.94473649999999
NDWFS_J142455.7+345900,NDWFSJ1426p3456,1.0,7560.999482951815,5083.000405528959,216.2323,34.98354439999998
NDWFS_J142440.9+345915,NDWFSJ1426p3456,1.0,8266.000408537162,5154.999931896095,216.17057529999997,34.9877801
NDWFS_J142651.6+344433,NDWFSJ1426p3456,1.0,2080.99997040358,1635.0002951036686,216.7152063,34.74262559999998
NDWFS_J142700.2+344516,NDWFSJ1426p3456,1.0,1665.9997396571944,1797.000092357047,216.7512075,34.7546136
NDWFS_J142710.0+344623,NDWFSJ1426p3456,1.0,1197.0001292858888,2047.000441954855,216.7918357,34.77294349999998
NDWFS_J142637.8+344837,NDWFSJ1426p3456,1.0,2728.9994225976952,2590.00059757935,216.6576004,34.810425399999986
NDWFS_J142603.6+344338,NDWFSJ1426p3456,1.0,4377.0001080277725,1454.0004385227276,216.5153047,34.727354599999984
NDWFS_J142557.1+344429,NDWFSJ1426p3456,1.0,4683.000103017523,1663.9996357311838,216.4883621,34.742066499999986
NDWFS_J142605.8+344626,NDWFSJ1426p3456,1.0,4265.999831367575,2104.000063959113,216.5241427,34.77403769999999
NDWFS_J142630.4+344823,NDWFSJ1426p3456,1.0,3080.9996005274097,2538.000179046177,216.626954,34.806352999999994
NDWFS_J142440.6+344001,NDWFSJ1426p3456,1.0,8362.000232586033,680.0005871243438,216.1693176,34.667142699999985
NDWFS_J142517.4+344118,NDWFSJ1426p3456,1.0,6594.999577966188,945.999945320912,216.3227734,34.68843029999999
NDWFS_J142526.3+344333,NDWFSJ1426p3456,1.0,6160.999907828234,1462.999407667622,216.3598351,34.725983699999986
NDWFS_J142515.3+345009,NDWFSJ1426p3456,1.0,6663.000162389919,3005.999446898475,216.3138345,34.83590499999998
NDWFS_J142505.9+344652,NDWFSJ1426p3456,1.0,7120.000217654626,2249.000051258655,216.2751001,34.781118699999986
NDWFS_J142544.1+343946,NDWFSJ1426p3456,1.0,5324.999578976411,567.9995757441775,216.4339006,34.662839199999986
NDWFS_J142543.0+344737,NDWFSJ1426p3456,0.0,5346.000390304078,2395.999437385016,216.4295769,34.793763399999996
NDWFS_J142619.3+344252,NDWFSJ1426p3456,0.0,3632.000453534951,1263.0004241400247,216.5804665,34.71445469999999
NDWFS_J142654.1+344547,NDWFSJ1426p3456,0.0,1957.99972775134,1920.000307122684,216.7256117,34.763158199999985
NDWFS_J142657.0+344007,NDWFSJ1426p3456,0.0,1837.0001234462325,598.9995507912236,216.7376191,34.668627399999984
NDWFS_J142522.5+351014,NDWFSJ1426p3456,0.0,6240.99994146774,7674.00063897098,216.343925,35.1707574
NDWFS_J142633.6+351246,NDWFSJ1426p3456,0.0,2851.999941026341,8211.000571126951,216.6401986,35.21295910000001
NDWFS_J142616.5+350427,NDWFSJ1426p3456,0.0,3689.999916596178,6284.999537995775,216.5691538,35.074146899999995
NDWFS_J142656.9+344116,NDWFSJ1426p3456,0.0,1835.9997361721544,868.9994842314436,216.7374088,34.68797250000001
NDWFS_J142614.3+351327,NDWFSJ1426p3456,0.0,3769.000539265504,8381.99954743944,216.5595983,35.22426549999999
NDWFS_J142545.5+345926,NDWFSJ1426p3456,0.0,5189.000449659747,5145.000136673059,216.4395342,34.99085509999999
NDWFS_J142529.3+350516,NDWFSJ1426p3456,0.0,5937.99957087986,6513.999768646274,216.3721181,35.088040499999984
NDWFS_J142609.7+344653,NDWFSJ1426p3456,0.0,4076.000353403601,2204.000117620044,216.5405827,34.781403499999996
NDWFS_J142733.2+350813,NDWFSJ1426p3456,0.0,32.00014862585158,7115.999989002903,216.8885049,35.1370805
NDWFS_J142702.5+350609,NDWFSJ1426p3456,0.0,1495.0004057551232,6651.999342537541,216.7608606,35.10257959999999
NDWFS_J142721.4+344946,NDWFSJ1426p3456,0.0,643.0000602796481,2828.9999372473094,216.8393569,34.8294474
NDWFS_J142450.3+345324,NDWFSJ1426p3456,0.0,7842.000060975788,3782.000157143575,216.209771,34.89000179999999
NDWFS_J142555.6+344139,NDWFSJ1426p3456,0.0,4765.000153718229,998.0002252563672,216.482095,34.69426669999999
NDWFS_J142627.1+345006,NDWFSJ1426p3456,0.0,3235.000200369819,2941.0005602348792,216.6130321,34.83506909999999
NDWFS_J142638.2+344351,NDWFSJ1426p3456,0.0,2724.999786296436,1480.999664406846,216.6592474,34.7309793
NDWFS_J142725.5+351213,NDWFSJ1426p3456,0.0,389.0000790373433,8052.000160240759,216.8562919,35.20383469999998
NDWFS_J142620.9+345335,NDWFSJ1426p3456,0.0,3518.999595433452,3755.9999510054695,216.5872447,34.8931643
NDWFS_J142727.8+350125,NDWFSJ1426p3456,0.0,304.9995476116019,5535.000048621676,216.8661673,35.02359539999999
NDWFS_J142637.6+351144,NDWFSJ1426p3456,0.0,2664.9996048891626,7968.999957284634,216.65687689999996,35.19581060000001
NDWFS_J142715.0+345652,NDWFSJ1426p3456,0.0,929.0000940674254,4486.99998873306,216.81267439999996,34.947986300000004
NDWFS_J142701.9+345456,NDWFSJ1426p3456,0.0,1559.0001397258438,4044.00047653619,216.7580987,34.915690899999994
NDWFS_J142607.5+344850,NDWFSJ1426p3456,0.0,4175.999895328427,2658.9999421995217,216.5312801,34.81389199999999
NDWFS_J142532.4+345534,NDWFSJ1426p3456,0.0,5824.000355455279,4254.99964873818,216.3852798,34.9263729
NDWFS_J142604.9+350218,NDWFSJ1426p3456,0.0,4254.999630403137,5795.000137720946,216.5203442,35.0384483
NDWFS_J142642.2+345539,NDWFSJ1426p3456,0.0,2497.999538824779,4223.999661954731,216.6758641,34.92770749999998
NDWFS_J142715.3+350424,NDWFSJ1426p3456,0.0,893.9995333714432,6238.999952301352,216.8139119,35.073528199999984
NDWFS_J142720.5+344943,NDWFSJ1426p3456,0.0,688.0003545902146,2820.9997627985367,216.8354378,34.8288361
NDWFS_J142641.1+351051,NDWFSJ1426p3456,0.0,2499.9994702830645,7757.999660435636,216.6715845,35.180858599999986
NDWFS_J142703.0+350458,NDWFSJ1426p3456,0.0,1474.9998784166182,6376.000468996879,216.7629113,35.08282659999998
NDWFS_J142700.6+350653,NDWFSJ1426p3456,0.0,1586.9998319930091,6827.000072978926,216.7526142,35.11503179999999
NDWFS_J142500.9+344319,NDWFSJ1426p3456,0.0,7378.999776043522,1430.9993677850516,216.2537609,34.722202199999984
NDWFS_J142433.3+344928,NDWFSJ1426p3456,0.0,8663.99945422971,2885.0002741812923,216.13946980000003,34.82467079999999
NDWFS_J142724.2+351526,NDWFSJ1426p3456,0.0,440.999564546024,8799.999609801192,216.8509772,35.257371499999984
NDWFS_J142556.5+350656,NDWFSJ1426p3456,0.0,4636.999884091561,6878.999713672534,216.4854963,35.11567509999998
NDWFS_J142534.3+344805,NDWFSJ1426p3456,0.0,5761.000470581286,2513.000031823999,216.3932221,34.801667
NDWFS_J142650.9+345135,NDWFSJ1426p3456,0.0,2091.0005494683537,3270.000370609009,216.7124969,34.859750899999995
NDWFS_J142629.2+350722,NDWFSJ1426p3456,0.0,3079.9995093528323,6956.999757012602,216.621727,35.12290849999999
NDWFS_J142726.2+344517,NDWFSJ1426p3456,0.0,426.9996163688356,1784.0002394459943,216.85925199999997,34.754758499999994
NDWFS_J142514.6+345436,NDWFSJ1426p3456,0.0,6676.000158886738,4043.000588333578,216.31117669999998,34.910166399999994
NDWFS_J142643.0+350120,NDWFSJ1426p3456,0.0,2442.000227408833,5544.999393282467,216.6792308,35.022393099999995
NDWFS_J142554.1+350431,NDWFSJ1426p3456,0.0,4761.000211883467,6318.999830487763,216.4753865,35.0754269
NDWFS_J142547.1+350742,NDWFSJ1426p3456,0.0,5081.0004896759165,7065.000049723038,216.4463719,35.12849979999999
NDWFS_J142630.4+350011,NDWFSJ1426p3456,0.0,3042.0001671767805,5284.000422856007,216.6270664,35.0031066
NDWFS_J142711.7+351548,NDWFSJ1426p3456,0.0,1032.0005522189877,8888.000462762137,216.7990413,35.26316359999999
NDWFS_J142454.4+350042,NDWFSJ1426p3456,0.0,7615.99992165426,5480.000383553448,216.2268803,35.01190690000001
NDWFS_J142522.6+345302,NDWFSJ1426p3456,0.0,6303.000561940233,3670.9998115911785,216.3442849,34.88397359999999
NDWFS_J142711.5+350602,NDWFSJ1426p3456,0.0,1071.000180045752,6620.999736977916,216.7980168,35.10073829999998
NDWFS_J142605.4+345055,NDWFSJ1426p3456,0.0,4265.000564229977,3148.0003785548743,216.5228864,34.84882669999999
NDWFS_J142717.8+350226,NDWFSJ1426p3456,0.0,776.9995333832212,5779.999370113781,216.8246262,35.04074769999999
NDWFS_J142722.8+344037,NDWFSJ1426p3456,0.0,596.0004372448511,702.0004367854935,216.8456089,34.677094899999986
NDWFS_J142653.5+345444,NDWFSJ1426p3456,0.0,1960.00006958904,3998.999830732308,216.723119,34.912098799999995
NDWFS_J142614.6+350009,NDWFSJ1426p3456,0.0,3799.999766159286,5289.0001389667705,216.5607813,35.00268739999999
NDWFS_J142700.8+344548,NDWFSJ1426p3456,0.0,1640.0005257782375,1920.9997344253752,216.7533393,34.76352099999999
NDWFS_J142523.2+350857,NDWFSJ1426p3456,0.0,6213.99986069863,7375.000088059192,216.3467221,35.1493759
NDWFS_J142537.6+345425,NDWFSJ1426p3456,0.0,5581.000359304362,3979.999624151271,216.40688669999997,34.906958
NDWFS_J142524.4+350920,NDWFSJ1426p3456,0.0,6154.000556816114,7461.000256277885,216.3518528,35.155607499999995
NDWFS_J142550.9+344355,NDWFSJ1426p3456,0.0,4983.999804275056,1526.9994176301634,216.4623108,34.73192029999999
NDWFS_J142542.5+345540,NDWFSJ1426p3456,0.0,5346.000222771148,4269.999343361891,216.4270109,34.92800079999999
NDWFS_J142639.1+345730,NDWFSJ1426p3456,0.0,2638.9995479865884,4656.999964435316,216.6630395,34.958589599999996
NDWFS_J142600.2+351013,NDWFSJ1426p3456,0.0,4450.999875064801,7639.000232911207,216.5007844,35.17031489999999
NDWFS_J142657.5+345018,NDWFSJ1426p3456,0.0,1783.0002597483544,2969.0006468407364,216.7397163,34.83847249999999
NDWFS_J142529.2+344436,NDWFSJ1426p3456,0.0,6017.999839464759,1702.9993366261078,216.3719556,34.74334429999998
NDWFS_J142650.1+344202,NDWFSJ1426p3456,0.0,2163.0000590087457,1049.999409514322,216.7087174,34.700637399999984
NDWFS_J142436.4+344136,NDWFSJ1426p3456,0.0,8552.999720971125,1050.999738800344,216.1520954,34.6934625
NDWFS_J142653.9+345450,NDWFSJ1426p3456,0.0,1941.999592055503,4022.999927922783,216.7246646,34.9138349
NDWFS_J142557.0+351218,NDWFSJ1426p3456,0.0,4592.999853024707,8127.999674985895,216.4876969,35.20518209999999
NDWFS_J142546.7+350835,NDWFSJ1426p3456,0.0,5097.999450694359,7272.000631932968,216.444602,35.14330659999999
NDWFS_J142438.6+344608,NDWFSJ1426p3456,0.0,8433.000195905963,2105.0003458276897,216.1608639,34.769113999999995
NDWFS_J142519.5+350856,NDWFSJ1426p3456,0.0,6389.999564948423,7374.000487449523,216.3313103,35.14909089999999
NDWFS_J142533.3+344208,NDWFSJ1426p3456,0.0,5832.999453876386,1126.00038669245,216.3888874,34.70222869999999
NDWFS_J142539.4+350035,NDWFSJ1426p3456,0.0,5472.999823100927,5414.000335703668,216.4143362,35.009797699999986
NDWFS_J142643.6+344514,NDWFSJ1426p3456,0.0,2461.00005388842,1799.999933218147,216.6818907,34.7540877
NDWFS_J142705.6+344326,NDWFSJ1426p3456,0.0,1416.0002405649975,1367.999409993955,216.7734647,34.724102699999996
NDWFS_J142555.0+351418,NDWFSJ1426p3456,0.0,4682.999541887439,8596.999960251516,216.4791846,35.2386726
NDWFS_J142503.1+344852,NDWFSJ1426p3456,0.0,7245.999938460227,2720.000150656635,216.2634041,34.81469739999999
NDWFS_J142610.5+345440,NDWFSJ1426p3456,0.0,4012.000507003828,4011.99936366076,216.5438695,34.91098849999999
NDWFS_J142531.6+344835,NDWFSJ1426p3456,0.0,5888.999555327184,2629.000288098686,216.3818954,34.809826799999996
NDWFS_J142634.7+350043,NDWFSJ1426p3456,0.0,2837.000501992865,5405.999897429458,216.64484739999997,35.01205000000001
NDWFS_J142555.0+344304,NDWFSJ1426p3456,0.0,4792.000211042174,1327.99944158134,216.4793065,34.71787709999999
NDWFS_J142532.7+345413,NDWFSJ1426p3456,0.0,5813.000475793677,3938.00064054181,216.3866863,34.90367959999999
NDWFS_J142532.8+351458,NDWFSJ1426p3456,0.0,5730.999554299629,8764.99954613384,216.3870631,35.24950189999999
NDWFS_J142716.8+345716,NDWFSJ1426p3456,0.0,843.9997502429123,4576.999910476254,216.8200099,34.9545075
NDWFS_J142535.1+343932,NDWFSJ1426p3456,0.0,5756.000498806388,521.0003178934157,216.3964382,34.65897939999999
NDWFS_J142706.9+350456,NDWFSJ1426p3456,0.0,1294.000464784693,6368.999958230566,216.7787624,35.08248809999999
NDWFS_J142725.6+350021,NDWFSJ1426p3456,0.0,412.00019939085,5291.000299163883,216.8570521,35.00602599999999
NDWFS_J142532.2+345004,NDWFSJ1426p3456,0.0,5855.000373825893,2975.000212890148,216.3843744,34.83465089999999
NDWFS_J142646.4+350620,NDWFSJ1426p3456,0.0,2262.00012129429,6705.0003977573015,216.6936477,35.10566119999999
NDWFS_J142600.3+345734,NDWFSJ1426p3456,0.0,4492.000479117698,4698.000031628742,216.5010502,34.95961259999999
NDWFS_J142446.6+350556,NDWFSJ1426p3456,0.0,7964.000410887937,6702.999533035123,216.1945346,35.0990422
NDWFS_J142647.8+345930,NDWFSJ1426p3456,0.0,2219.00021555867,5117.000687764354,216.6992232,34.99194659999999
NDWFS_J142512.0+350128,NDWFSJ1426p3456,0.0,6775.999525423154,5641.000133127021,216.3000794,35.0244986
NDWFS_J142532.3+345256,NDWFSJ1426p3456,0.0,5838.999463047559,3640.999589186768,216.384834,34.8823752
NDWFS_J142632.6+345838,NDWFSJ1426p3456,0.0,2945.999909864473,4921.000250205134,216.635894,34.97719909999999
NDWFS_J142522.3+350834,NDWFSJ1426p3456,0.0,6255.000289866275,7286.99945121848,216.3432588,35.143023799999995
NDWFS_J142638.1+350829,NDWFSJ1426p3456,0.0,2652.99957728178,7211.999856962977,216.6588191,35.14159919999999
NDWFS_J142623.0+351422,NDWFSJ1426p3531,1.0,3453.000402489534,439.99937848124864,216.5960791,35.239456899999986
NDWFS_J142445.9+354714,NDWFSJ1426p3531,1.0,7925.00005327331,8165.000046672634,216.1918107,35.7873037
NDWFS_J142447.3+351457,NDWFSJ1426p3531,1.0,7999.000356563771,653.0005166621413,216.1971875,35.24937509999999
NDWFS_J142658.8+353900,NDWFSJ1426p3531,1.0,1684.0000182819713,6151.000119750308,216.7449124,35.65019579999999
NDWFS_J142657.1+354524,NDWFSJ1426p3531,1.0,1742.000360858472,7641.000028653296,216.7381407,35.75683219999999
NDWFS_J142716.7+354847,NDWFSJ1426p3531,1.0,806.0003494479715,8414.999821649533,216.8199339,35.81310249999999
NDWFS_J142538.4+353918,NDWFSJ1426p3531,1.0,5478.999855074268,6272.999676090891,216.4103231,35.6549324
NDWFS_J142438.5+353852,NDWFSJ1426p3531,1.0,8314.00053679787,6224.999852732421,216.1606219,35.64790579999999
NDWFS_J142456.3+354342,NDWFSJ1426p3531,1.0,7449.999768048532,7332.000176491336,216.2350193,35.72830289999999
NDWFS_J142524.3+354506,NDWFSJ1426p3531,1.0,6125.999893865122,7638.999672452119,216.3513338,35.751952999999986
NDWFS_J142503.2+354555,NDWFSJ1426p3531,1.0,7116.000384661231,7844.999948181892,216.2636894,35.765458899999985
NDWFS_J142523.5+354717,NDWFSJ1426p3531,1.0,6150.000284232352,8143.999568583375,216.3484827,35.78807539999999
NDWFS_J142712.9+353731,NDWFSJ1426p3531,1.0,1016.9994520670916,5797.000573702633,216.8040729,35.62545310000001
NDWFS_J142540.7+352635,NDWFSJ1426p3531,1.0,5419.000168518494,3315.999367458957,216.4197199,35.44327189999998
NDWFS_J142539.4+352912,NDWFSJ1426p3531,1.0,5471.000220583999,3924.999752169268,216.4143024,35.48682049999999
NDWFS_J142532.9+353311,NDWFSJ1426p3531,1.0,5768.999545250441,4858.00057131326,216.3867766,35.55327609999999
NDWFS_J142553.2+353744,NDWFSJ1426p3531,1.0,4787.999463966062,5897.999992903715,216.4717179,35.6288795
NDWFS_J142527.6+352704,NDWFSJ1426p3531,1.0,6037.000163013756,3437.999749383118,216.3652291,35.45127719999999
NDWFS_J142527.2+352746,NDWFSJ1426p3531,1.0,6054.9995229125125,3601.0000383849,216.3634131,35.462927399999984
NDWFS_J142655.6+351508,NDWFSJ1426p3531,1.0,1902.00046506602,597.9998754883127,216.7319157,35.2522956
NDWFS_J142645.6+352047,NDWFSJ1426p3531,1.0,2360.000016309381,1920.999879975476,216.6902236,35.34662129999998
NDWFS_J142542.4+351459,NDWFSJ1426p3531,1.0,5380.999454727182,614.9996102287441,216.4267878,35.24988699999999
NDWFS_J142546.1+352210,NDWFSJ1426p3531,1.0,5178.999760049916,2284.0001946627217,216.4422249,35.369645999999996
NDWFS_J142530.2+351555,NDWFSJ1426p3531,1.0,5954.99988992852,842.0001552935537,216.3761336,35.26547209999999
NDWFS_J142458.6+351612,NDWFSJ1426p3531,1.0,7454.000407710533,933.999996798202,216.2445378,35.270206599999995
NDWFS_J142442.7+351752,NDWFSJ1426p3531,1.0,8201.99959700248,1336.9998706884437,216.1783025,35.29808609999999
NDWFS_J142441.0+351807,NDWFSJ1426p3531,1.0,8285.00052011856,1392.9997341509095,216.1709322,35.30198519999999
NDWFS_J142600.3+351959,NDWFSJ1426p3531,0.0,4510.999706070492,1764.000503284733,216.501571,35.3331559
NDWFS_J142558.4+353230,NDWFSJ1426p3531,0.0,4559.000134628524,4677.000002433852,216.4935099,35.54170829999998
NDWFS_J142647.4+354452,NDWFSJ1426p3531,0.0,2202.000387181859,7524.000689480734,216.6976824,35.74801619999999
NDWFS_J142509.7+351646,NDWFSJ1426p3531,0.0,6925.9998579160965,1056.999947355598,216.2906585,35.279684199999984
NDWFS_J142605.3+352424,NDWFSJ1426p3531,0.0,4261.999479946,2789.0003275001964,216.5221002,35.406834499999995
NDWFS_J142720.6+352055,NDWFSJ1426p3531,0.0,700.9998230422043,1928.999541197112,216.8358965,35.348707199999986
NDWFS_J142647.2+352447,NDWFSJ1426p3531,0.0,2273.9998537527754,2847.99948058317,216.696713,35.4130967
NDWFS_J142715.4+351540,NDWFSJ1426p3531,0.0,958.999741903088,710.0000933124793,216.8145124,35.26116919999999
NDWFS_J142545.0+354644,NDWFSJ1426p3531,0.0,5142.000258239477,8002.999654336199,216.4376412,35.77918279999998
NDWFS_J142715.0+351351,NDWFSJ1426p3531,0.0,985.0002191317052,288.9995832934201,216.8126713,35.230990099999985
NDWFS_J142501.1+351711,NDWFSJ1426p3531,0.0,7331.999984839862,1161.0005970847617,216.2548905,35.286618499999996
NDWFS_J142609.3+351408,NDWFSJ1426p3531,0.0,4103.000247321579,398.0002720958382,216.53913679999997,35.235766000000005
NDWFS_J142731.3+353328,NDWFSJ1426p3531,0.0,158.0005029322274,4845.000060753155,216.8807044,35.55801509999999
NDWFS_J142513.1+354412,NDWFSJ1426p3531,0.0,6658.000367714347,7436.000480241,216.3047067,35.73676189999999
NDWFS_J142648.4+354842,NDWFSJ1426p3531,0.0,2141.99991675813,8414.999870317602,216.7019548,35.811868399999994
NDWFS_J142545.1+352449,NDWFSJ1426p3531,0.0,5216.999512591327,2898.00025826415,216.4380472,35.413572399999985
NDWFS_J142533.8+355040,NDWFSJ1426p3531,0.0,5656.000443180143,8920.000543305105,216.3909817,35.84422329999999
NDWFS_J142648.3+351608,NDWFSJ1426p3531,0.0,2246.0005329068845,833.9995332327217,216.7014746,35.268875
NDWFS_J142439.5+353305,NDWFSJ1426p3531,0.0,8291.999845666061,4877.999567072551,216.1647292,35.55150269999999
NDWFS_J142522.3+353014,NDWFSJ1426p3531,0.0,6279.999683743008,4177.000146054466,216.3427968,35.503898899999996
NDWFS_J142714.3+353726,NDWFSJ1426p3531,0.0,954.0000057177368,5776.000608352817,216.8096459,35.62400509999998
NDWFS_J142505.1+353054,NDWFSJ1426p3531,0.0,7088.999491264796,4347.999674789822,216.271388,35.515134399999994
NDWFS_J142504.1+353728,NDWFSJ1426p3531,0.0,7111.000451019434,5878.000405286864,216.26712819999997,35.62464940000001
NDWFS_J142631.3+352737,NDWFSJ1426p3531,0.0,3016.99984916424,3521.0000216347544,216.630611,35.46056259999999
NDWFS_J142552.9+353909,NDWFSJ1426p3531,0.0,4794.000143616846,6229.000025749734,216.470744,35.6525723
NDWFS_J142441.7+354545,NDWFSJ1426p3531,0.0,8136.000197496342,7825.000319613551,216.1737378,35.762682399999996
NDWFS_J142705.0+353802,NDWFSJ1426p3531,0.0,1388.9994355297204,5919.99991878722,216.7711628,35.63392619999999
NDWFS_J142504.4+354913,NDWFSJ1426p3531,0.0,7047.000155130121,8610.000685671323,216.268612,35.820308599999976
NDWFS_J142447.6+354221,NDWFSJ1426p3531,0.0,7868.999524128169,7027.999531864691,216.1985531,35.705988299999994
NDWFS_J142639.6+354337,NDWFSJ1426p3531,0.0,2575.999847582096,7238.000176044214,216.66502009999996,35.7271718
NDWFS_J142541.0+352849,NDWFSJ1426p3531,0.0,5397.999577699618,3835.000273434431,216.4208467,35.480460999999984
NDWFS_J142659.6+353103,NDWFSJ1426p3531,0.0,1665.0004527300516,4298.999682047252,216.7486333,35.5175885
NDWFS_J142458.1+354319,NDWFSJ1426p3531,0.0,7368.000353316282,7241.999453321081,216.2423892,35.721966899999984
NDWFS_J142449.3+353732,NDWFSJ1426p3531,0.0,7809.999824491348,5906.9996929991285,216.2055212,35.62581589999999
NDWFS_J142613.9+354741,NDWFSJ1426p3531,0.0,3773.000548246244,8200.999350153612,216.5582124,35.79488479999999
NDWFS_J142512.6+354411,NDWFSJ1426p3531,0.0,6683.000032214721,7431.999711496297,216.30250779999997,35.73644410000001
NDWFS_J142621.2+352857,NDWFSJ1426p3531,0.0,3492.999774116181,3836.000542708989,216.5883687,35.48263260000001
NDWFS_J142715.1+352253,NDWFSJ1426p3531,0.0,954.999491622888,2391.0005855750424,216.813108,35.38157769999999
NDWFS_J142545.0+351509,NDWFSJ1426p3531,0.0,5255.000086145865,648.9993635958563,216.43779,35.25246669999999
NDWFS_J142638.9+352100,NDWFSJ1426p3531,0.0,2678.9996879441605,1977.0002402514765,216.6621475,35.350321199999996
NDWFS_J142523.4+354330,NDWFSJ1426p3531,0.0,6174.999793878513,7263.999867486131,216.3475565,35.725047
NDWFS_J142626.9+352030,NDWFSJ1426p3531,0.0,3248.000275230208,1864.999891675563,216.6123212,35.34172899999999
NDWFS_J142648.4+351717,NDWFSJ1426p3531,0.0,2238.9999035630062,1103.0005100350372,216.701782,35.288149099999984
NDWFS_J142543.3+354905,NDWFSJ1426p3531,0.0,5215.999448384213,8548.000228228473,216.4303571,35.8181127
NDWFS_J142453.5+354814,NDWFSJ1426p3531,0.0,7566.000334675122,8390.999437485829,216.2231367,35.80395750000001
NDWFS_J142502.0+351507,NDWFSJ1426p3531,0.0,7297.99982562695,677.0001545298801,216.2586097,35.25200199999999
NDWFS_J142620.0+352351,NDWFSJ1426p3531,0.0,3565.000255025643,2652.000042847463,216.5835112,35.397765699999994
NDWFS_J142507.5+353819,NDWFSJ1426p3531,0.0,6947.00041219503,6072.999814363222,216.2812781,35.63881899999999
NDWFS_J142457.5+351550,NDWFSJ1426p3531,0.0,7508.999831258767,848.0006694175572,216.2398469,35.26397739999997
NDWFS_J142605.1+354833,NDWFSJ1426p3531,0.0,4187.999471977677,8410.000666801701,216.5213058,35.8093973
NDWFS_J142635.2+354246,NDWFSJ1426p3531,0.0,2784.00043237012,7043.000669370045,216.6469052,35.713001999999996
NDWFS_J142541.1+353045,NDWFSJ1426p3531,0.0,5383.999758742535,4285.999709580923,216.4214529,35.51277169999999
NDWFS_J142537.5+353238,NDWFSJ1426p3531,0.0,5549.999859976684,4723.9999873141605,216.4062378,35.543940299999996
NDWFS_J142503.3+354004,NDWFSJ1426p3531,0.0,7133.000080107166,6482.000196788642,216.2642702,35.667862899999996
NDWFS_J142506.4+351833,NDWFSJ1426p3531,0.0,7073.000077517729,1474.9994165298797,216.2771356,35.30943289999999
NDWFS_J142512.3+351922,NDWFSJ1426p3531,0.0,6789.999895251061,1658.99932760694,216.3016929,35.32296389999999
NDWFS_J142711.4+354521,NDWFSJ1426p3531,0.0,1065.9996894556225,7621.00000889185,216.7978183,35.756020299999996
NDWFS_J142656.1+354042,NDWFSJ1426p3531,0.0,1801.0002731076456,6546.000381481288,216.73415939999998,35.678371000000006
NDWFS_J142532.4+354935,NDWFSJ1426p3531,0.0,5724.000101316709,8673.000579840078,216.3853276,35.8264605
NDWFS_J142626.2+351759,NDWFSJ1426p3531,0.0,3288.0000022643617,1282.0002741707249,216.6095211,35.29993299999999
NDWFS_J142502.9+351958,NDWFSJ1426p3531,0.0,7237.0001771370335,1807.0005001233983,216.2622418,35.33299939999999
NDWFS_J142635.2+351813,NDWFSJ1426p3531,0.0,2862.000336697909,1329.000098896433,216.64684869999996,35.3037288
NDWFS_J142452.6+352735,NDWFSJ1426p3531,0.0,7695.000044953435,3588.9994594661985,216.2192719,35.460007700000006
NDWFS_J142714.3+353103,NDWFSJ1426p3531,0.0,967.999576801416,4289.000175740024,216.809976,35.51750239999997
NDWFS_J142535.6+352639,NDWFSJ1426p3531,0.0,5658.000231759765,3331.999346623405,216.3986914,35.4441379
NDWFS_J142644.8+353751,NDWFSJ1426p3531,0.0,2347.000293278212,5892.999530460409,216.6867802,35.6310893
NDWFS_J142433.5+353101,NDWFSJ1426p3531,0.0,8585.000477158916,4400.999973770289,216.1397268,35.51695399999999
NDWFS_J142715.3+353652,NDWFSJ1426p3531,0.0,908.9998414009696,5646.00028543995,216.8137471,35.61473530000001
NDWFS_J142733.7+353217,NDWFSJ1426p3531,0.0,55.000060338205,4562.999793924482,216.8900496,35.5379042
NDWFS_J142649.8+352622,NDWFSJ1426p3531,0.0,2145.999835189443,3215.000249626082,216.7075441,35.43950349999998
NDWFS_J142430.6+354450,NDWFSJ1426p3531,0.0,8656.000498789232,7622.000247757653,216.1282018,35.7474403
NDWFS_J142629.0+354128,NDWFSJ1426p3531,0.0,3081.9995451415234,6744.000314493576,216.6209873,35.69129100000001
NDWFS_J142702.9+353828,NDWFSJ1426p3531,0.0,1488.9996183669737,6024.9999929745645,216.7622363,35.641353599999995
NDWFS_J142622.8+354007,NDWFSJ1426p3531,0.0,3381.0003585820723,6434.99993943753,216.5950075,35.66885729999999
NDWFS_J142701.1+352437,NDWFSJ1426p3531,0.0,1614.0000442359396,2799.9997127018432,216.75476669999998,35.41027960000001
NDWFS_J142721.7+351444,NDWFSJ1426p3531,0.0,662.999844356129,491.0002619842835,216.8407025,35.24573769999999
NDWFS_J142652.0+353817,NDWFSJ1426p3531,0.0,2003.000454969546,5984.999483552729,216.7169861,35.63800839999998
NDWFS_J142720.4+354602,NDWFSJ1426p3531,0.0,644.9996258839456,7775.999473331653,216.8348119,35.76749009999999
NDWFS_J142518.5+353108,NDWFSJ1426p3531,0.0,6453.999586456244,4392.000629947848,216.32717799999998,35.519080100000004
NDWFS_J142622.6+352524,NDWFSJ1426p3531,0.0,3436.0001639154143,3008.000268504078,216.594405,35.4233952
NDWFS_J142505.8+352723,NDWFSJ1426p3531,0.0,7070.000500432765,3529.000602198776,216.2742984,35.456516999999984
NDWFS_J142713.2+352714,NDWFSJ1426p3531,0.0,1031.0001340561175,3402.999460458228,216.8053662,35.45399249999999
NDWFS_J142726.4+354628,NDWFSJ1426p3531,0.0,356.99998289144605,7871.000049071135,216.8601361,35.77453999999998
NDWFS_J142601.5+352750,NDWFSJ1426p3531,0.0,4430.000255187941,3585.999385352694,216.5062948,35.46372589999997
NDWFS_J142500.3+354818,NDWFSJ1426p3531,0.0,7245.999518953045,8401.999640118218,216.251364,35.805162899999985
NDWFS_J142512.9+352907,NDWFSJ1426p3531,0.0,6727.00027698862,3924.000261498779,216.3038598,35.4852317
NDWFS_J142523.2+354644,NDWFSJ1426p3531,0.0,6169.999990742061,8017.999843667701,216.346901,35.779031
NDWFS_J142449.3+351947,NDWFSJ1426p3531,0.0,7883.000499577411,1775.0002640335551,216.2055985,35.3298721
NDWFS_J142501.4+353424,NDWFSJ1426p3531,0.0,7249.000117588275,5165.999496361634,216.2560642,35.57349689999999
NDWFS_J142508.1+353738,NDWFSJ1426p3531,0.0,6921.999617897582,5910.999355291162,216.28372459999997,35.627252500000004
NDWFS_J142502.1+351911,NDWFSJ1426p3531,0.0,7278.000052877935,1625.9998332404575,216.2589192,35.31998589999999
NDWFS_J142615.3+351523,NDWFSJ1426p3531,0.0,3813.9995777532968,683.9996991254902,216.564117,35.256556999999994
NDWFS_J142509.5+352352,NDWFSJ1426p3531,0.0,6909.000514542582,2708.0001564465965,216.2896802,35.39793259999998
NDWFS_J142441.8+353723,NDWFSJ1426p3531,0.0,8166.000003779656,5877.999935461688,216.1742153,35.6232645
NDWFS_J142517.8+352847,NDWFSJ1426p3531,0.0,6495.999937190387,3844.000233984225,216.324289,35.47978999999999
NDWFS_J142715.7+351857,NDWFSJ1426p3531,0.0,938.000293255649,1473.9998669076597,216.8155584,35.3159117
NDWFS_J142548.6+351707,NDWFSJ1426p3531,0.0,5080.00022708398,1104.9995522050267,216.4525183,35.285324
NDWFS_J142511.5+354700,NDWFSJ1426p3531,0.0,6719.000299376257,8088.999879939078,216.2983496,35.783431099999994
NDWFS_J142445.9+354240,NDWFSJ1426p3531,0.0,7949.000556823903,7101.999379139859,216.1913831,35.7111789
NDWFS_J142457.5+354603,NDWFSJ1426p3531,0.0,7386.999489144659,7878.000339991453,216.2397301,35.7674704
NDWFS_J142508.4+351641,NDWFSJ1426p3531,0.0,6987.000245291158,1038.999426659535,216.2853352,35.27831869999999
NDWFS_J142623.0+352732,NDWFSJ1426p3531,0.0,3413.00034306966,3505.9993124497887,216.5958118,35.459083199999995
NDWFS_J142706.0+352113,NDWFSJ1426p3531,0.0,1388.9995496578397,2006.999663213743,216.775395,35.353687699999995
NDWFS_J142538.0+352031,NDWFSJ1426p3531,0.0,5565.999445616148,1903.999933030948,216.4087707,35.34198539999999
NDWFS_J142618.8+352159,NDWFSJ1426p3531,0.0,3628.9996742166622,2213.999780609364,216.5784354,35.3663304
NDWFS_J142511.8+352824,NDWFSJ1426p3531,0.0,6781.000571854056,3760.999486258482,216.2993547,35.47349289999999
NDWFS_J142450.2+351546,NDWFSJ1426p3531,0.0,7857.000246818447,839.9998913121726,216.2093442,35.262952599999984
NDWFS_J142435.5+353722,NDWFSJ1426p3531,0.0,8464.000443878133,5877.99964236698,216.1479724,35.62286039999999
NDWFS_J142520.1+353400,NDWFSJ1426p3531,0.0,6369.000036520843,5056.99979741397,216.3336829,35.566798999999996
NDWFS_J142622.2+352235,NDWFSJ1426p3531,0.0,3462.0004480926746,2355.0003296574832,216.5929274,35.37660239999999
NDWFS_J142726.8+354517,NDWFSJ1426p3531,0.0,344.0003139612236,7596.000008359624,216.861561,35.754859999999994
NDWFS_J142517.3+351838,NDWFSJ1426p3531,0.0,6556.999484020314,1483.0000657363344,216.3223987,35.31064859999999
NDWFS_J142522.8+354430,NDWFSJ1426p3531,0.0,6198.999616437715,7497.999302761673,216.3450994,35.7417696
NDWFS_J142442.0+352646,NDWFSJ1426p3531,0.0,8198.000338478549,3405.9996919535515,216.1753543,35.4462388
NDWFS_J142638.7+352804,NDWFSJ1426p3531,0.0,2664.999691641864,3619.000251952999,216.6614455,35.4679327
NDWFS_J142641.0+355017,NDWFSJ1426p3531,0.0,2489.999931029226,8785.999417606457,216.6707897,35.83808959999999
NDWFS_J142436.4+352103,NDWFSJ1426p3531,0.0,8489.000031903586,2081.9999033144177,216.1519243,35.35104639999998
NDWFS_J142519.7+353252,NDWFSJ1426p3531,0.0,6388.000529521047,4793.000002812671,216.332397,35.547873299999985
NDWFS_J142610.6+354517,NDWFSJ1426p3531,0.0,3937.000062946354,7644.0000720286225,216.5444504,35.75483040000001
NDWFS_J142555.4+351727,NDWFSJ1426p3531,0.0,4750.999867651146,1177.0005772701588,216.4812852,35.290850499999976
NDWFS_J142546.1+353919,NDWFSJ1426p3531,0.0,5118.000493521486,6273.999561079225,216.4421323,35.65542419999998
NDWFS_J142444.4+351845,NDWFSJ1426p3531,0.0,8118.999553797592,1537.9999882669545,216.1852645,35.3125895
NDWFS_J142525.9+354546,NDWFSJ1426p3531,0.0,6045.000069090456,7790.999525247604,216.3582597,35.76293319999998
NDWFS_J142714.6+353345,NDWFSJ1426p3531,0.0,947.9997720865432,4919.000509147612,216.8110749,35.56263809999999
NDWFS_J142602.5+352759,NDWFSJ1426p3531,0.0,4380.000155738824,3624.9996253538775,216.5106398,35.466573699999984
NDWFS_J142608.7+354447,NDWFSJ1426p3531,0.0,4032.000268024338,7526.999951776324,216.5362193,35.7463508
NDWFS_J142658.3+354355,NDWFSJ1426p3531,0.0,1691.0003135591996,7294.999476682515,216.7430258,35.732105699999984
NDWFS_J142549.3+353142,NDWFSJ1426p3531,0.0,4993.999614076969,4495.999329732396,216.4554754,35.52825789999999
NDWFS_J142724.0+352223,NDWFSJ1426p3531,0.0,535.0002361417828,2268.000551263638,216.8501308,35.3731303
NDWFS_J142720.5+352723,NDWFSJ1426p3531,0.0,685.9998946063715,3432.9995181833074,216.8356709,35.45644219999999
NDWFS_J142604.8+352654,NDWFSJ1426p3531,0.0,4272.999801727416,3370.999652866132,216.5203778,35.448501399999984
NDWFS_J142819.6+325448,NDWFSJ1428p3236,1.0,6303.999596779393,8567.000318952174,217.081896,32.91341359999999
NDWFS_J143009.7+325800,NDWFSJ1428p3311,1.0,546.9996638251578,1209.999516767628,217.5405357,32.96722869999999
NDWFS_J142824.1+325552,NDWFSJ1428p3311,1.0,5704.999727301876,741.0004012209247,217.1004771,32.93117079999999
NDWFS_J142843.3+330302,NDWFSJ1428p3236,1.0,5133.000560305061,10472.0006992233,217.1804668,33.050563399999966
NDWFS_J142820.8+325614,NDWFSJ1428p3311,1.0,5862.999528310329,830.0006605049566,217.0869229,32.93744489999999
NDWFS_J142735.0+325646,NDWFSJ1428p3236,1.0,8475.999799176563,9045.00060194748,216.896128,32.946118099999985
NDWFS_J142739.3+325723,NDWFSJ1428p3311,1.0,7885.999489471629,1116.0006463478494,216.9140037,32.95651949999999
NDWFS_J143013.5+323737,NDWFSJ1428p3236,1.0,762.0002387409822,4529.000385587395,217.5564051,32.62689069999999
NDWFS_J143020.1+325019,NDWFSJ1431p3236,1.0,8022.999853286644,7490.000049977712,217.583811,32.838678800000004
NDWFS_J142749.9+323734,NDWFSJ1428p3236,1.0,7792.999799036792,4572.000488179074,216.9584217,32.62633739999997
NDWFS_J142920.6+322732,NDWFSJ1428p3236,1.0,3368.000239556549,2198.0002127962143,217.3361016,32.45898569999997
NDWFS_J142727.7+324432,NDWFSJ1428p3236,1.0,8866.000183794127,6203.999682994101,216.8656031,32.74237929999999
NDWFS_J142930.8+325413,NDWFSJ1428p3236,0.0,2828.9999111152456,8404.000058334721,217.3785119,32.90361309999999
NDWFS_J142931.4+324707,NDWFSJ1428p3236,0.0,2810.9998227670003,6751.999538519005,217.3809386,32.78530939999998
NDWFS_J142839.6+325248,NDWFSJ1428p3236,0.0,5333.999610232242,8095.000637514502,217.1650034,32.880203899999984
NDWFS_J142731.9+323143,NDWFSJ1428p3236,0.0,8692.000141136095,3218.999585333375,216.8832683,32.52880849999997
NDWFS_J142754.0+324805,NDWFSJ1428p3236,0.0,7571.000139457496,7016.999684721133,216.9751558,32.80156009999999
NDWFS_J142854.7+325341,NDWFSJ1428p3236,0.0,4595.000126090305,8293.999915852932,217.2279048,32.89487069999999
NDWFS_J142841.1+322503,NDWFSJ1428p3236,0.0,5316.000218889227,1637.0004483663795,217.171156,32.417819899999984
NDWFS_J142736.1+323404,NDWFSJ1428p3236,0.0,8484.000351455254,3761.000535736999,216.9004261,32.56776719999998
NDWFS_J142946.8+324559,NDWFSJ1428p3236,0.0,2056.9999582752625,6483.9993175708405,217.4453159,32.766428699999985
NDWFS_J142730.8+322947,NDWFSJ1428p3236,0.0,8753.999806963118,2770.000210071892,216.8784319,32.4966196
NDWFS_J142734.4+322757,NDWFSJ1428p3236,0.0,8578.999918411346,2337.999555680872,216.8936972,32.465829799999995
NDWFS_J143023.4+325803,NDWFSJ1428p3236,0.0,258.9996826246115,9284.99966920416,217.5974925,32.96764999999999
NDWFS_J143016.0+325901,NDWFSJ1428p3236,0.0,615.0003741059627,9512.000542021298,217.5670049,32.98380249999998
NDWFS_J142948.2+322950,NDWFSJ1428p3236,0.0,2010.000269676588,2726.0004054888377,217.4511222,32.49736049999998
NDWFS_J143003.1+325253,NDWFSJ1428p3236,0.0,1251.0004409437242,8087.000382292463,217.513295,32.8815285
NDWFS_J142946.7+323712,NDWFSJ1428p3236,0.0,2076.999856123469,4441.99970408724,217.4446026,32.62019729999998
NDWFS_J142951.6+322301,NDWFSJ1428p3236,0.0,1854.0001546385265,1137.999965862633,217.465111,32.38373579999999
NDWFS_J143003.2+322154,NDWFSJ1428p3236,0.0,1286.00051183719,875.9994297403318,217.5133958,32.365183900000005
NDWFS_J142901.1+322109,NDWFSJ1428p3236,0.0,4337.000451662943,718.0006655224752,217.2548017,32.35256829999999
NDWFS_J142841.0+325457,NDWFSJ1428p3236,0.0,5259.000418079526,8592.000157981995,217.1710451,32.915841099999994
NDWFS_J142916.5+324154,NDWFSJ1428p3236,0.0,3546.999560532209,5542.000342144384,217.3189409,32.69832589999999
NDWFS_J142823.8+324632,NDWFSJ1428p3236,0.0,6114.9998120099535,6639.99973245111,217.0995166,32.77553649999998
NDWFS_J142928.4+325031,NDWFSJ1428p3236,0.0,2951.9996742148205,7545.999318854021,217.3684885,32.8421098
NDWFS_J142723.0+324123,NDWFSJ1428p3236,0.0,9104.999486064373,5474.000399053515,216.8459735,32.68992389999999
NDWFS_J142905.4+325126,NDWFSJ1428p3236,0.0,4077.000066397879,7768.000220219594,217.2724285,32.8574721
NDWFS_J142824.2+325711,NDWFSJ1428p3236,0.0,6075.999541629437,9122.000667084856,217.1009206,32.953305899999975
NDWFS_J143005.3+324446,NDWFSJ1428p3236,0.0,1156.0005529167438,6198.000586655566,217.5221938,32.74627669999999
NDWFS_J142941.6+323605,NDWFSJ1428p3236,0.0,2328.000373087675,4181.999527258209,217.4233868,32.60148099999997
NDWFS_J142817.1+323916,NDWFSJ1428p3236,0.0,6460.999862442444,4955.000161984422,217.0713857,32.65466509999999
NDWFS_J142839.3+322253,NDWFSJ1428p3236,0.0,5403.999793422427,1131.0006752998816,217.1640533,32.381549199999995
NDWFS_J142949.9+323031,NDWFSJ1428p3236,0.0,1925.000114066864,2883.000542741531,217.4582666,32.508633299999985
NDWFS_J142741.1+322343,NDWFSJ1428p3236,0.0,8261.999549965392,1349.999868171897,216.9215105,32.395347499999986
NDWFS_J142927.2+323712,NDWFSJ1428p3236,0.0,3028.9998647939165,4446.999375580264,217.363638,32.62015770000001
NDWFS_J142856.7+322946,NDWFSJ1428p3236,0.0,4540.000586211778,2725.999678219385,217.2362746,32.496204799999994
NDWFS_J142946.2+324202,NDWFSJ1428p3236,0.0,2096.00047613724,5568.000601778178,217.4424394,32.70081799999997
NDWFS_J142916.8+323927,NDWFSJ1428p3236,0.0,3537.0001320300325,4973.99934878611,217.3201265,32.6576588
NDWFS_J142929.1+324451,NDWFSJ1428p3236,0.0,2923.999854916382,6226.000633866184,217.3715975,32.74759199999999
NDWFS_J143000.3+324024,NDWFSJ1428p3236,0.0,1404.9998587189984,5181.000600018309,217.5014308,32.67336319999998
NDWFS_J142740.1+322821,NDWFSJ1428p3236,0.0,8299.000333814633,2431.999984198843,216.9173746,32.47276859999999
NDWFS_J142920.1+322420,NDWFSJ1428p3236,0.0,3396.9996291735315,1455.000672820901,217.3340677,32.405783199999995
NDWFS_J142732.0+325222,NDWFSJ1428p3236,0.0,8636.000201663413,8023.999633472027,216.8834491,32.872879299999994
NDWFS_J142848.7+322310,NDWFSJ1428p3236,0.0,4942.99971639182,1193.999376254862,217.2031034,32.38631799999998
NDWFS_J142829.9+324539,NDWFSJ1428p3236,0.0,5820.999425455309,6432.000221217149,217.1247188,32.76082349999998
NDWFS_J142933.3+322756,NDWFSJ1428p3236,0.0,2745.9999621353327,2290.0006390540875,217.3888503,32.46584799999999
NDWFS_J142816.4+323137,NDWFSJ1428p3236,0.0,6512.999682239666,3173.00040241428,217.0683861,32.527050399999986
NDWFS_J143007.3+322851,NDWFSJ1428p3236,0.0,1077.0004590767794,2491.999807377153,217.5304533,32.48094149999999
NDWFS_J142744.5+324333,NDWFSJ1428p3236,0.0,8045.999850021888,5964.999530608588,216.9356411,32.7258893
NDWFS_J142802.2+324012,NDWFSJ1428p3236,0.0,7188.999627205694,5176.999719583899,217.0092698,32.67007699999999
NDWFS_J142907.2+325332,NDWFSJ1428p3236,0.0,3981.99972477604,8255.999812502643,217.2802256,32.89246959999999
NDWFS_J143007.5+323257,NDWFSJ1428p3236,0.0,1059.9994535571177,3448.0004940882536,217.531504,32.549393
NDWFS_J142905.0+325227,NDWFSJ1428p3236,0.0,4094.000383079001,8004.000189074337,217.2708298,32.87436499999999
NDWFS_J142936.1+322124,NDWFSJ1428p3236,0.0,2613.999887414615,765.9998978770964,217.4008482,32.35680629999999
NDWFS_J142831.8+324648,NDWFSJ1428p3236,0.0,5727.999860710743,6701.999452493401,217.1324385,32.780213999999994
NDWFS_J142803.8+321918,NDWFSJ1428p3236,0.0,7157.000187554271,313.9993635787323,217.0160913,32.32197669999999
NDWFS_J142909.8+325525,NDWFSJ1428p3236,0.0,3852.999523265482,8689.999598387763,217.2909641,32.92361720000001
NDWFS_J142925.3+330241,NDWFSJ1428p3236,0.0,3083.0000826515325,10376.999324717632,217.3557336,33.044815099999994
NDWFS_J142743.6+323300,NDWFSJ1428p3236,0.0,8116.999756542715,3509.000127108706,216.9318414,32.550000299999994
NDWFS_J142835.4+324050,NDWFSJ1428p3236,0.0,5562.000493376345,5312.999470810668,217.1476001,32.68085279999999
NDWFS_J142910.6+325233,NDWFSJ1428p3236,0.0,3817.0005305416817,8025.000084585747,217.2944433,32.8760083
NDWFS_J142807.2+323324,NDWFSJ1428p3236,0.0,6956.9999534527615,3590.9996439727947,217.0303263,32.55668419999998
NDWFS_J142945.5+323209,NDWFSJ1428p3236,0.0,2141.0002821062862,3264.0006691130075,217.4397349,32.53582779999999
NDWFS_J142736.8+325430,NDWFSJ1428p3236,0.0,8395.000525520523,8517.000143526555,216.9035376,32.908368299999985
NDWFS_J142751.1+324338,NDWFSJ1428p3236,0.0,7722.00013052686,5982.999651638358,216.963208,32.72741339999999
NDWFS_J143008.3+324314,NDWFSJ1428p3236,0.0,1008.0002210868817,5841.00002636639,217.5349455,32.7207608
NDWFS_J142735.1+325251,NDWFSJ1428p3236,0.0,8483.999953264849,8136.000271528621,216.8963052,32.88101659999998
NDWFS_J142832.9+322051,NDWFSJ1428p3236,0.0,5724.999445572523,658.9993242257951,217.1371816,32.34757659999999
NDWFS_J142811.2+322838,NDWFSJ1428p3236,0.0,6773.000310813841,2480.000093107661,217.0468671,32.477271499999986
NDWFS_J142905.8+324117,NDWFSJ1428p3236,0.0,4070.999755903536,5405.0005378596725,217.2744247,32.688258600000005
NDWFS_J142855.1+323757,NDWFSJ1428p3236,0.0,4599.99991918173,4634.00002421645,217.2299152,32.63277729999999
NDWFS_J142937.3+325324,NDWFSJ1428p3236,0.0,2514.00018403629,8212.999669844685,217.4054887,32.89006869999998
NDWFS_J142818.3+325232,NDWFSJ1428p3236,0.0,6373.00051305194,8040.00011893249,217.0764273,32.87562819999998
NDWFS_J142852.8+322015,NDWFSJ1428p3236,0.0,4745.999421663984,512.0003672675884,217.2202672,32.337608099999976
NDWFS_J142747.2+322602,NDWFSJ1428p3236,0.0,7954.999874968891,1889.000651687904,216.9470614,32.43415209999999
NDWFS_J142940.5+324812,NDWFSJ1428p3236,0.0,2365.0004345225097,7001.999406758827,217.4188148,32.80340139999999
NDWFS_J142905.5+324038,NDWFSJ1428p3236,0.0,4085.9996520407385,5250.999742087926,217.2732448,32.677223799999986
NDWFS_J143020.5+324150,NDWFSJ1428p3236,0.0,414.0002869272421,5511.000547253592,217.5856444,32.69731539999998
NDWFS_J142752.4+323629,NDWFSJ1428p3236,0.0,7677.999802444867,4316.999386882024,216.9684256,32.60816299999999
NDWFS_J142814.6+325449,NDWFSJ1428p3236,0.0,6548.999553102705,8574.000380025635,217.0609858,32.9137564
NDWFS_J142956.7+322519,NDWFSJ1428p3236,0.0,1600.9995827136115,1673.0003660322836,217.4863287,32.42212749999999
NDWFS_J142835.8+323730,NDWFSJ1428p3236,0.0,5549.000204490989,4534.000072001705,217.1492763,32.625083699999976
NDWFS_J142949.6+324904,NDWFSJ1428p3236,0.0,1915.9997352632672,7201.9994802369765,217.456987,32.81790279999999
NDWFS_J142951.9+322444,NDWFSJ1428p3236,0.0,1834.0002926358584,1538.000377116059,217.4666214,32.4123777
NDWFS_J142917.3+322554,NDWFSJ1428p3236,0.0,3533.999540184015,1818.999800842383,217.3222331,32.43177649999999
NDWFS_J142817.9+323021,NDWFSJ1428p3236,0.0,6440.999756208983,2879.000022978544,217.0747348,32.50604929999998
NDWFS_J142823.6+322005,NDWFSJ1428p3236,0.0,6182.999585994936,484.9996484181647,217.0984936,32.33484499999999
NDWFS_J143008.9+330343,NDWFSJ1428p3236,0.0,959.0004755040108,10605.000198548114,217.5371772,33.06198319999999
NDWFS_J142749.8+322933,NDWFSJ1428p3236,0.0,7820.000287632274,2704.999750774474,216.9577896,32.492660099999995
NDWFS_J142855.7+323746,NDWFSJ1428p3236,0.0,4571.999662642516,4587.999464664215,217.2323271,32.629498599999984
NDWFS_J142944.7+330041,NDWFSJ1428p3236,0.0,2140.000482352372,9906.000268285312,217.4365621,33.011481699999976
NDWFS_J142747.2+322659,NDWFSJ1428p3236,0.0,7954.999522436745,2107.0005560117024,216.9468656,32.44975659999999
NDWFS_J142853.5+325546,NDWFSJ1428p3236,0.0,4648.00056823062,8778.999709059703,217.2230575,32.92957709999999
NDWFS_J142755.5+325530,NDWFSJ1428p3236,0.0,7478.9994472443395,8742.999575075733,216.981488,32.92522579999998
NDWFS_J142937.4+324356,NDWFSJ1428p3236,0.0,2523.000384774241,6009.000355529213,217.4058631,32.73222469999999
NDWFS_J142739.0+324212,NDWFSJ1428p3236,0.0,8317.99944961131,5654.0005983890005,216.9127747,32.7034197
NDWFS_J142932.8+322221,NDWFSJ1428p3236,0.0,2782.9997698183715,985.9993528186787,217.386403,32.37248309999998
NDWFS_J142850.2+322209,NDWFSJ1428p3236,0.0,4872.000266339284,955.0002803367606,217.2092869,32.369249199999985
NDWFS_J142806.3+323145,NDWFSJ1428p3236,0.0,7005.999454729748,3207.999302329132,217.026482,32.529232400000005
NDWFS_J142938.3+323100,NDWFSJ1428p3236,0.0,2494.9994645875504,2999.0005195217163,217.4097947,32.5167124
NDWFS_J142919.8+322831,NDWFSJ1428p3236,0.0,3407.9998333926733,2428.999765580851,217.3325731,32.47550439999999
NDWFS_J142752.4+324855,NDWFSJ1428p3236,0.0,7647.000544557837,7211.0001471428,216.9685084,32.81539779999998
NDWFS_J142948.7+325427,NDWFSJ1428p3236,0.0,1955.000009367619,8456.999948803303,217.4530623,32.90776999999998
NDWFS_J143009.7+324523,NDWFSJ1428p3236,0.0,938.9995506769072,6341.999846351562,217.5406181,32.75666119999998
NDWFS_J142806.9+323230,NDWFSJ1428p3236,0.0,6974.99995820838,3384.000680136982,217.0289689,32.54185299999999
NDWFS_J142939.3+322441,NDWFSJ1428p3236,0.0,2455.000321384313,1529.0001566294995,217.4139409,32.41149059999999
NDWFS_J143008.5+324829,NDWFSJ1428p3236,0.0,993.9995880953902,7061.999522461603,217.5356387,32.808205999999984
NDWFS_J142956.1+322700,NDWFSJ1428p3236,0.0,1628.9998860937849,2065.000399295532,217.4837763,32.450180399999994
NDWFS_J142733.2+322711,NDWFSJ1428p3236,0.0,8642.999498885289,2160.00005131567,216.8884341,32.453039899999986
NDWFS_J142913.9+325318,NDWFSJ1428p3236,0.0,3652.999834992017,8194.999505234715,217.3083299,32.888263799999976
NDWFS_J143018.6+324349,NDWFSJ1428p3236,0.0,504.9994274216906,5975.000212608913,217.5777249,32.730515699999984
NDWFS_J142910.4+322245,NDWFSJ1428p3236,0.0,3880.0004278998513,1087.9993282245778,217.2933188,32.37928229999998
NDWFS_J143014.4+322240,NDWFSJ1428p3236,0.0,734.9999003253597,1050.000163789693,217.5600506,32.37781929999997
NDWFS_J142950.4+322225,NDWFSJ1428p3236,0.0,1911.9998578179648,1000.0003639235692,217.4602568,32.37383539999999
NDWFS_J142830.4+323229,NDWFSJ1428p3236,0.0,5821.000038910293,3367.999673227754,217.1270196,32.5414414
NDWFS_J142859.8+322513,NDWFSJ1428p3236,0.0,4394.999793354926,1666.0006504284574,217.2492729,32.420397999999985
NDWFS_J143002.9+325036,NDWFSJ1428p3236,0.0,1263.9996291665057,7556.000525279647,217.5124138,32.843493799999976
NDWFS_J142734.3+322654,NDWFSJ1428p3236,0.0,8592.000338118325,2094.000018818835,216.8928241,32.44835439999998
NDWFS_J142803.3+323920,NDWFSJ1428p3236,0.0,7135.000568633008,4977.999910458311,217.0140321,32.6558658
NDWFS_J142848.8+324155,NDWFSJ1428p3236,0.0,4904.0002414366645,5554.00001798513,217.2034287,32.69848619999997
NDWFS_J142802.1+324510,NDWFSJ1428p3236,0.0,7183.000103614675,6332.999450974032,217.0087988,32.7528527
NDWFS_J142841.9+324110,NDWFSJ1428p3236,0.0,5243.00039592756,5382.999715541722,217.1746962,32.6860508
NDWFS_J142755.6+330102,NDWFSJ1428p3236,0.0,7462.000104857005,10028.000339175054,216.9818153,33.017266299999996
NDWFS_J142944.6+323247,NDWFSJ1428p3236,0.0,2185.0000132478363,3416.999328037724,217.4359215,32.546764699999976
NDWFS_J142901.6+324413,NDWFSJ1428p3236,0.0,4274.000567346484,6088.999927589124,217.2567088,32.73713359999999
NDWFS_J142936.3+330214,NDWFSJ1428p3236,0.0,2547.0001804706344,10272.999585613485,217.4015984,33.03760149999998
NDWFS_J142732.7+325410,NDWFSJ1428p3236,0.0,8593.999717117576,8442.00042454258,216.8866322,32.902844899999984
NDWFS_J142749.9+325554,NDWFSJ1428p3236,0.0,7751.999674663115,8835.999463930191,216.9581092,32.93169039999999
NDWFS_J142929.4+322939,NDWFSJ1428p3236,0.0,2933.999760417516,2689.0001128346485,217.3726741,32.49433179999998
NDWFS_J143006.9+323448,NDWFSJ1428p3236,0.0,1085.9995015203203,3877.999302369666,217.5291169,32.580172199999986
NDWFS_J142913.5+323445,NDWFSJ1428p3236,0.0,3708.000468979733,3878.000425119655,217.3062358,32.57910239999998
NDWFS_J142959.2+325601,NDWFSJ1428p3236,0.0,1442.000022964451,8814.999662830982,217.4966796,32.93360239999999
NDWFS_J142811.9+325203,NDWFSJ1428p3236,0.0,6689.000141123972,7931.999660101948,217.049565,32.867687899999986
NDWFS_J142732.1+324958,NDWFSJ1428p3236,0.0,8633.99975298367,7465.000319645202,216.8841538,32.832852
NDWFS_J142947.9+325906,NDWFSJ1428p3236,0.0,1985.999641067656,9537.00063758755,217.4498971,32.98511219999998
NDWFS_J142823.1+325604,NDWFSJ1428p3236,0.0,6130.000552612417,8861.999902296786,217.0965131,32.934651099999996
NDWFS_J142907.4+323350,NDWFSJ1428p3236,0.0,4007.999842904997,3668.999712047309,217.2808656,32.56399110000001
NDWFS_J142833.9+323312,NDWFSJ1428p3236,0.0,5647.000467231179,3534.00040914214,217.1416798,32.55342989999999
NDWFS_J142850.4+324858,NDWFSJ1428p3236,0.0,4810.000058441472,7197.000648151799,217.2103112,32.81619139999998
NDWFS_J142751.2+322832,NDWFSJ1428p3236,0.0,7755.99971063613,2468.000048383816,216.9634331,32.47574039999999
NDWFS_J142758.0+324311,NDWFSJ1428p3236,0.0,7390.00054428845,5872.999965261024,216.9915679,32.719771999999985
NDWFS_J142744.9+323918,NDWFSJ1428p3236,0.0,8037.000390549108,4976.000066044278,216.9373066,32.65508489999999
NDWFS_J142913.9+322232,NDWFSJ1428p3236,0.0,3705.000065771237,1036.00022435121,217.3081903,32.37564479999999
NDWFS_J142745.5+323155,NDWFSJ1428p3236,0.0,8027.999537344669,3254.9998435094494,216.9396326,32.53188209999998
NDWFS_J143013.1+323829,NDWFSJ1428p3236,0.0,779.0003143825188,4735.000387466662,217.5548784,32.64163599999997
NDWFS_J142941.7+324852,NDWFSJ1428p3236,0.0,2305.000373944783,7160.00027846426,217.423849,32.8147412
NDWFS_J142802.3+321936,NDWFSJ1428p3236,0.0,7228.000027535831,382.0001975921696,217.0100177,32.32679569999999
NDWFS_J142846.2+330818,NDWFSJ1428p3311,1.0,4599.999559796834,3628.000318518674,217.1927713,33.13861099999998
NDWFS_J142855.7+331937,NDWFSJ1428p3311,1.0,4109.000479730939,6252.000508173613,217.233034,33.3268554
NDWFS_J142741.9+325448,NDWFSJ1428p3311,1.0,7767.999468427033,514.9999907654201,216.9246307,32.91356809999997
NDWFS_J142753.6+325714,NDWFSJ1428p3311,1.0,7187.000050383533,1073.9999207448818,216.973709,32.954024999999994
NDWFS_J142825.2+325925,NDWFSJ1428p3311,1.0,5644.000238122386,1566.9994901707432,217.1050463,32.99036659999999
NDWFS_J142938.3+332149,NDWFSJ1428p3311,1.0,2046.999499961356,6756.9998815572,217.4095882,33.364030399999976
NDWFS_J142827.4+332936,NDWFSJ1428p3311,1.0,5471.000551795554,8591.999814975909,217.1144575,33.49370089999999
NDWFS_J142824.3+331943,NDWFSJ1428p3311,1.0,5643.999483891663,6291.99966919956,217.101387,33.32881749999999
NDWFS_J142824.3+331959,NDWFSJ1428p3311,1.0,5641.000494330016,6352.000167313265,217.1015975,33.333117699999995
NDWFS_J142728.7+332301,NDWFSJ1428p3311,1.0,8336.999868249264,7083.999581899949,216.8697264,33.38363099999999
NDWFS_J142754.0+332712,NDWFSJ1428p3311,1.0,7095.99992028505,8045.999508883124,216.9753423,33.45348719999998
NDWFS_J142738.8+332852,NDWFSJ1428p3311,1.0,7835.999705307777,8443.999521401089,216.9114308,33.481448399999984
NDWFS_J142918.2+331128,NDWFSJ1428p3311,1.0,3036.000313826842,4349.999340731276,217.3261602,33.19114779999998
NDWFS_J143006.2+331756,NDWFSJ1428p3311,1.0,690.9995459470101,5838.000625729983,217.5263063,33.29870789999998
NDWFS_J142919.3+331746,NDWFSJ1428p3311,1.0,2974.999867441302,5815.000027776821,217.3305278,33.296126499999986
NDWFS_J142836.0+331529,NDWFSJ1428p3311,1.0,5084.000247471073,5300.9994691184,217.1501336,33.25817079999998
NDWFS_J142852.7+331605,NDWFSJ1428p3311,1.0,4268.999867617049,5435.999527822531,217.2198677,33.26831059999997
NDWFS_J142750.7+330925,NDWFSJ1428p3311,1.0,7301.000311936401,3904.999983583021,216.9614539,33.15670389999998
NDWFS_J142813.0+331014,NDWFSJ1428p3311,1.0,6213.000439025962,4089.000087885208,217.0543999,33.170639499999986
NDWFS_J142751.0+331005,NDWFSJ1428p3311,1.0,7288.000085573338,4065.999891583424,216.9624225,33.16824529999998
NDWFS_J142756.7+331152,NDWFSJ1428p3311,1.0,7003.000585439986,4475.999799304751,216.9864538,33.19781759999998
NDWFS_J142803.6+331743,NDWFSJ1428p3311,1.0,6653.000111274776,5833.999878405988,217.0152636,33.29533919999999
NDWFS_J142757.1+325349,NDWFSJ1428p3311,1.0,7028.000359783187,277.9993154859767,216.98797339999996,32.897132299999974
NDWFS_J142754.1+325710,NDWFSJ1428p3311,-999.0,7167.000045622293,1057.9997616235232,216.9754303,32.95289339999999
NDWFS_J142752.6+325730,NDWFSJ1428p3311,1.0,7237.00045116822,1139.0002231135877,216.9693834,32.95864429999999
NDWFS_J142732.9+325711,NDWFSJ1428p3311,-999.0,8199.000038341372,1072.9994104536454,216.887327,32.953200899999985
NDWFS_J142732.4+325737,NDWFSJ1428p3311,1.0,8225.000561014913,1169.9997921783906,216.885015,32.96012739999999
NDWFS_J142825.3+325822,NDWFSJ1428p3311,1.0,5642.000522715582,1321.999689012384,217.105406,32.972820799999994
NDWFS_J142734.8+325935,NDWFSJ1428p3311,1.0,8099.000142059775,1631.0000369490665,216.8953342,32.99323939999998
NDWFS_J142820.6+330012,NDWFSJ1428p3311,1.0,5857.999580595653,1758.999786268323,217.0866191,33.00398269999998
NDWFS_J142806.7+330029,NDWFSJ1428p3311,1.0,6540.999985483653,1826.000247003216,217.0282249,33.0083318
NDWFS_J142825.1+330154,NDWFSJ1428p3311,1.0,5642.00029668163,2145.0002021174296,217.1047711,33.03176559999999
NDWFS_J142800.2+330408,NDWFSJ1428p3311,1.0,6848.999558462123,2675.9993092658297,217.0011865,33.06899849999999
NDWFS_J142829.4+330235,NDWFSJ1428p3311,1.0,5433.0001589249405,2302.999444263583,217.1225095,33.04321179999998
NDWFS_J142948.9+332830,NDWFSJ1428p3311,1.0,1521.999547685501,8302.999400986839,217.4538848,33.47501019999999
NDWFS_J142951.8+330935,NDWFSJ1428p3311,0.0,1404.0003033476169,3902.000004215686,217.466094,33.159755999999994
NDWFS_J142812.3+325308,NDWFSJ1428p3311,0.0,6285.000502410956,111.99993577353598,217.0514915,32.88575099999998
NDWFS_J142828.7+332156,NDWFSJ1428p3311,0.0,5425.99948971638,6803.999560032911,217.1196889,33.36563329999999
NDWFS_J142830.8+333011,NDWFSJ1428p3311,0.0,5305.999577559089,8723.00009431851,217.1285338,33.50318910000001
NDWFS_J142955.7+332809,NDWFSJ1428p3311,0.0,1185.9996929004235,8221.999939575508,217.4827852,33.4693354
NDWFS_J142927.4+330507,NDWFSJ1428p3311,0.0,2597.9997577864124,2870.000068007019,217.3644801,33.08533389999999
NDWFS_J142826.7+331103,NDWFSJ1428p3311,0.0,5545.000164346517,4271.999423064433,217.1114291,33.1841779
NDWFS_J142846.4+330020,NDWFSJ1428p3311,0.0,4607.99955366412,1773.0005957363935,217.1933825,33.00573789999997
NDWFS_J142819.7+331334,NDWFSJ1428p3311,0.0,5879.000335916437,4860.999492986939,217.082373,33.226157199999996
NDWFS_J143016.4+331636,NDWFSJ1428p3311,0.0,198.9998083591072,5526.999492589386,217.5686031,33.276587799999994
NDWFS_J142930.5+332935,NDWFSJ1428p3311,0.0,2409.9997467115018,8564.00027193021,217.3774619,33.49333799999999
NDWFS_J142851.9+331747,NDWFSJ1428p3311,0.0,4306.99981201489,5828.999943683975,217.2163443,33.296443299999986
NDWFS_J142832.3+330132,NDWFSJ1428p3311,0.0,5291.999441643242,2055.999570881533,217.1347435,33.025606699999976
NDWFS_J142825.4+330539,NDWFSJ1428p3311,0.0,5619.999569824764,3018.9994261045467,217.1059771,33.094379699999976
NDWFS_J142945.1+331353,NDWFSJ1428p3311,0.0,1726.9997795056106,4905.000078231224,217.4379559,33.231481899999984
NDWFS_J142956.0+331349,NDWFSJ1428p3311,0.0,1197.0000372581108,4888.000392687129,217.4833618,33.23046859999999
NDWFS_J142944.7+331005,NDWFSJ1428p3311,0.0,1749.000060271589,4019.999678671584,217.4365091,33.16807389999999
NDWFS_J142856.2+330330,NDWFSJ1428p3311,0.0,4120.999642417442,2505.0005220583407,217.2344982,33.0584366
NDWFS_J142932.0+330902,NDWFSJ1428p3311,0.0,2367.0005083950546,3780.000220983204,217.3837427,33.15062209999999
NDWFS_J142936.7+332721,NDWFSJ1428p3311,0.0,2113.0005423356497,8039.000198510816,217.4032551,33.45585249999996
NDWFS_J142742.9+331702,NDWFSJ1428p3311,0.0,7661.000501133602,5684.000246103842,216.9290129,33.28386669999998
NDWFS_J142806.9+332659,NDWFSJ1428p3311,0.0,6475.000298520379,7986.00004915643,217.0287149,33.44962619999999
NDWFS_J142936.4+331723,NDWFSJ1428p3311,0.0,2140.000559049604,5720.000282393725,217.4021534,33.28969749999998
NDWFS_J142908.3+330813,NDWFSJ1428p3311,0.0,3523.000188259117,3598.999406271765,217.2849343,33.137111499999996
NDWFS_J142931.1+325901,NDWFSJ1428p3311,0.0,2428.0000728061723,1449.9996950162497,217.3797851,32.983697399999976
NDWFS_J142736.9+330913,NDWFSJ1428p3311,0.0,7974.000173578444,3872.000139535932,216.9039017,33.15383809999999
NDWFS_J142948.5+330641,NDWFSJ1428p3311,0.0,1570.9999226061564,3228.9993033139835,217.4521251,33.11148139999998
NDWFS_J142909.9+331830,NDWFSJ1428p3311,0.0,3431.9996916216496,5991.00023251637,217.2912462,33.308511499999994
NDWFS_J142803.0+330111,NDWFSJ1428p3311,0.0,6722.99990579485,1986.9998721592456,217.0125422,33.019738299999986
NDWFS_J142739.6+330636,NDWFSJ1428p3311,0.0,7848.999644307145,3258.999353455424,216.9151682,33.11002749999999
NDWFS_J142812.8+332821,NDWFSJ1428p3311,0.0,6185.999430710173,8303.99960163987,217.0532688,33.47260399999999
NDWFS_J142950.6+332944,NDWFSJ1428p3311,0.0,1437.9999806502738,8591.00009671457,217.4609637,33.49567809999999
NDWFS_J142749.0+332046,NDWFSJ1428p3311,0.0,7354.999791513015,6554.000161698283,216.9544506,33.34641529999998
NDWFS_J142940.7+332246,NDWFSJ1428p3311,0.0,1930.000232240516,6973.9996387865285,217.4195149,33.37962629999999
NDWFS_J142855.4+330452,NDWFSJ1428p3311,0.0,4161.999671126729,2823.9996727074613,217.2307811,33.081263699999965
NDWFS_J142947.3+330338,NDWFSJ1428p3311,0.0,1634.0001562222133,2516.999913728061,217.4470816,33.06045479999998
NDWFS_J142859.1+332212,NDWFSJ1428p3311,0.0,3950.0005522939614,6856.000683389375,217.2462718,33.37021229999999
NDWFS_J142814.0+331038,NDWFSJ1428p3311,0.0,6164.9996860422725,4178.999406370838,217.0584348,33.17711789999999
NDWFS_J142913.1+330838,NDWFSJ1428p3311,0.0,3288.9998075733056,3692.000470054911,217.3048985,33.143889999999985
NDWFS_J142905.0+331019,NDWFSJ1428p3311,0.0,3679.9997683307465,4085.0001641449744,217.2711943,33.17184509999999
NDWFS_J142820.1+331457,NDWFSJ1428p3311,0.0,5857.000054259577,5182.9993953621,217.0840023,33.249237299999976
NDWFS_J142825.7+331042,NDWFSJ1428p3311,0.0,5594.999690285054,4190.000102491007,217.1072125,33.17827289999999
NDWFS_J142918.5+330547,NDWFSJ1428p3311,0.0,3033.000337516876,3027.000170010452,217.3271927,33.09637859999998
NDWFS_J142725.5+331939,NDWFSJ1428p3311,0.0,8498.999525383664,6301.999826092992,216.8565987,33.327484499999976
NDWFS_J142821.8+332438,NDWFSJ1428p3311,0.0,5754.9999938147575,7433.99935339771,217.0909715,33.41055859999999
NDWFS_J142956.0+332351,NDWFSJ1428p3311,0.0,1181.00004845694,7223.000262771504,217.4836703,33.397761099999975
NDWFS_J142813.9+325400,NDWFSJ1428p3311,0.0,6207.999455927711,314.0001519490216,217.0578958,32.9002678
NDWFS_J142947.3+330957,NDWFSJ1428p3311,0.0,1623.999422592995,3990.9993547504328,217.4472223,33.166046199999975
NDWFS_J142726.0+332405,NDWFSJ1428p3311,0.0,8462.999731856999,7334.00027376441,216.8586715,33.401439199999984
NDWFS_J142920.5+325429,NDWFSJ1428p3311,0.0,2952.9995497326736,401.000015769856,217.3355536,32.90832709999999
NDWFS_J142807.6+330246,NDWFSJ1428p3311,0.0,6492.000054108696,2357.0005532792093,217.0319681,33.04639609999999
NDWFS_J142917.6+325920,NDWFSJ1428p3311,0.0,3085.9998667712352,1527.999915672197,217.3235428,32.988983099999984
NDWFS_J142951.6+330914,NDWFSJ1428p3311,0.0,1414.0000104641858,3823.000574020511,217.4652753,33.15409299999999
NDWFS_J142811.7+331119,NDWFSJ1428p3311,0.0,6274.999535610235,4341.00011702888,217.0488872,33.18864899999999
NDWFS_J142925.1+332203,NDWFSJ1428p3311,0.0,2683.9995154216185,6810.999994460646,217.3549106,33.36761809999998
NDWFS_J142916.5+330111,NDWFSJ1428p3311,0.0,3135.000238897226,1960.9996836095704,217.3191015,33.01997360000001
NDWFS_J143009.6+331206,NDWFSJ1428p3311,0.0,536.9999840431792,4483.000429313368,217.5400605,33.20168629999999
NDWFS_J142824.8+325922,NDWFSJ1428p3311,0.0,5662.999869253483,1556.9995702646556,217.1034314,32.989638499999984
NDWFS_J142847.2+332442,NDWFSJ1428p3311,0.0,4518.00007118117,7440.000625532037,217.1971363,33.411737899999984
NDWFS_J142806.9+330255,NDWFSJ1428p3311,0.0,6526.999934184858,2389.0002420062883,217.0289504,33.04866429999999
NDWFS_J142721.8+332219,NDWFSJ1428p3311,0.0,8672.99958256411,6926.999651958742,216.8410586,33.372114399999994
NDWFS_J142724.1+325829,NDWFSJ1428p3311,0.0,8624.999935137725,1376.9994069697786,216.8506665,32.97463699999999
NDWFS_J142906.3+332157,NDWFSJ1428p3311,0.0,3596.000420004437,6794.0006530192295,217.2766809,33.36595609999998
NDWFS_J142848.2+332041,NDWFSJ1428p3311,0.0,4481.999770884397,6507.99984783748,217.2008734,33.34498839999999
NDWFS_J142805.9+330358,NDWFSJ1428p3311,0.0,6573.00005865976,2635.999466427711,217.024812,33.06632389999999
NDWFS_J142820.9+330741,NDWFSJ1428p3311,0.0,5837.000585234677,3489.999501027636,217.0870511,33.127978799999994
NDWFS_J142747.9+332545,NDWFSJ1428p3311,0.0,7393.999696625502,7711.000590500957,216.95005879999997,33.42927029999997
NDWFS_J142810.0+331347,NDWFSJ1428p3311,0.0,6349.999689112621,4916.999854311247,217.0419913,33.22985829999998
NDWFS_J143001.2+331849,NDWFSJ1428p3311,0.0,934.9998994922016,6048.000023218079,217.5052974,33.31366779999999
NDWFS_J143015.9+331626,NDWFSJ1428p3311,0.0,225.0002396906812,5489.999604682671,217.566389,33.273928899999994
NDWFS_J142753.1+332655,NDWFSJ1428p3311,0.0,7142.999457144109,7980.999605577688,216.9713645,33.4487966
NDWFS_J142922.8+332907,NDWFSJ1428p3311,0.0,2786.999749844739,8455.000424553913,217.3451331,33.48535599999999
NDWFS_J142731.0+325331,NDWFSJ1428p3311,0.0,8302.999526450865,221.99991689833405,216.8792674,32.89217829999999
NDWFS_J142811.1+331821,NDWFSJ1428p3311,0.0,6288.999944098176,5978.000092110511,217.0463422,33.30590279999999
NDWFS_J142756.8+330501,NDWFSJ1428p3311,0.0,7012.999818821823,2884.0000200678696,216.986987,33.08378099999999
NDWFS_J142905.4+331558,NDWFSJ1428p3311,0.0,3647.999617225784,5402.999833652482,217.2731007,33.2662777
NDWFS_J142920.6+331707,NDWFSJ1428p3311,0.0,2913.999706292964,5665.000019203329,217.3358436,33.285409399999985
NDWFS_J142857.5+330906,NDWFSJ1428p3311,0.0,4049.0004364883735,3807.999398679138,217.239794,33.151808799999976
NDWFS_J142943.7+330759,NDWFSJ1428p3311,0.0,1800.000421994957,3530.999493246196,217.4323872,33.13302379999998
NDWFS_J142723.7+332819,NDWFSJ1428p3311,0.0,8565.000215529919,8320.000696420713,216.8489421,33.47199029999998
NDWFS_J142812.9+331107,NDWFSJ1428p3311,0.0,6214.999945291795,4294.999604795805,217.0540607,33.18539389999999
NDWFS_J142824.7+332615,NDWFSJ1428p3311,0.0,5611.999816379888,7813.000036165966,217.1029501,33.437802
NDWFS_J142735.2+331039,NDWFSJ1428p3311,0.0,8049.999580866061,4205.999799959523,216.8970828,33.17770269999998
NDWFS_J142953.4+330904,NDWFSJ1428p3311,0.0,1324.9994635021958,3782.000522451026,217.4729109,33.15118970000001
NDWFS_J142955.8+331627,NDWFSJ1428p3311,0.0,1201.0000634911455,5499.000149612517,217.4827408,33.274239399999985
NDWFS_J142815.1+330247,NDWFSJ1428p3311,0.0,6125.999706793387,2355.999323103621,217.0632462,33.04656799999999
NDWFS_J142801.9+331205,NDWFSJ1428p3311,0.0,6748.000070294944,4525.000318632578,217.0082417,33.201506699999975
NDWFS_J142744.8+330429,NDWFSJ1428p3311,0.0,7599.000560121916,2766.0003351362,216.9369974,33.07490489999999
NDWFS_J142931.2+332656,NDWFSJ1428p3311,0.0,2381.0003159999333,7943.999787330751,217.3802905,33.44892919999999
NDWFS_J142815.4+332357,NDWFSJ1428p3311,0.0,6064.999963833787,7281.000239967559,217.0644897,33.39939579999999
NDWFS_J142755.2+325924,NDWFSJ1428p3311,0.0,7103.999628830856,1578.99996352346,216.9803518,32.990250899999985
NDWFS_J142805.2+331830,NDWFSJ1428p3311,0.0,6576.000415256116,6014.999366151254,217.0217101,33.308358199999994
NDWFS_J142722.8+331813,NDWFSJ1428p3311,0.0,8633.999668560824,5973.000598476623,216.8453519,33.303809099999995
NDWFS_J143002.3+331548,NDWFSJ1428p3311,0.0,884.0000567886136,5346.000414123033,217.5099742,33.26339300000001
NDWFS_J142840.2+333007,NDWFSJ1428p3346,1.0,4715.000476833702,537.9998370030808,217.1678143,33.502032399999976
NDWFS_J142923.2+335614,NDWFSJ1428p3346,1.0,2591.999684047966,6597.000521312867,217.3467673,33.937307899999986
NDWFS_J142944.5+335630,NDWFSJ1428p3346,1.0,1561.9998507233904,6653.999427930831,217.4357017,33.94184739999999
NDWFS_J142959.4+340133,NDWFSJ1428p3346,1.0,836.999585415926,7826.0001378018,217.4978025,34.02611689999999
NDWFS_J142820.2+335423,NDWFSJ1428p3346,1.0,5634.999577741291,6191.000164865939,217.0842827,33.906498600000006
NDWFS_J142854.2+340011,NDWFSJ1428p3346,1.0,3981.0003090510254,7524.999430419144,217.2261737,34.0030913
NDWFS_J142742.4+335909,NDWFSJ1428p3346,1.0,7448.000568946432,7319.00052503149,216.9267248,33.98603379999999
NDWFS_J142741.9+340454,NDWFSJ1428p3346,1.0,7458.999690304676,8656.999891980477,216.924525,34.081895899999985
NDWFS_J142842.8+334255,NDWFSJ1428p3346,1.0,4565.999979343165,3511.0002849674165,217.1784938,33.715132199999985
NDWFS_J142838.0+334301,NDWFSJ1428p3346,1.0,4800.0002061419855,3539.999591877192,217.1583164,33.71707109999999
NDWFS_J142850.1+335044,NDWFSJ1428p3346,1.0,4198.999531707186,5329.000068769806,217.208852,33.8456104
NDWFS_J142800.6+334228,NDWFSJ1428p3346,1.0,6607.000376299982,3428.000593833737,217.0027669,33.707863299999985
NDWFS_J142910.6+333144,NDWFSJ1428p3346,1.0,3242.000519366251,903.99947865178,217.2941542,33.529061599999984
NDWFS_J142723.2+334023,NDWFSJ1428p3346,1.0,8421.99949353958,2964.99978968723,216.8469229,33.67330759999999
NDWFS_J142746.5+335854,NDWFSJ1428p3346,0.0,7247.999978552414,7258.999759299641,216.9440607,33.98188679999999
NDWFS_J142810.8+340344,NDWFSJ1428p3346,0.0,6068.999777336772,8371.999512719416,217.0450044,34.06248639999999
NDWFS_J142820.6+335201,NDWFSJ1428p3346,0.0,5621.999762090461,5641.000316628632,217.08584279999997,33.867097599999994
NDWFS_J142934.1+332918,NDWFSJ1428p3346,0.0,2102.0004338888675,329.9995008231199,217.3924486,33.48847089999999
NDWFS_J142904.6+333636,NDWFSJ1428p3346,0.0,3523.9994720161067,2040.00001863957,217.2691914,33.61031089999998
NDWFS_J142833.3+333347,NDWFSJ1428p3346,0.0,5044.999593300998,1393.999815688947,217.1388208,33.5631631
NDWFS_J142845.5+334137,NDWFSJ1428p3346,0.0,4434.999898375689,3213.000211981981,217.1899883,33.69385629999998
NDWFS_J142832.1+332903,NDWFSJ1428p3346,0.0,5110.999543133728,291.9995154991448,217.1339749,33.48416919999998
NDWFS_J142805.9+335800,NDWFSJ1428p3346,0.0,6315.999775022883,7035.999715970227,217.024777,33.96658519999999
NDWFS_J143004.1+334922,NDWFSJ1428p3346,0.0,624.0002796348499,4990.999901245684,217.5174398,33.82303489999999
NDWFS_J143001.9+335354,NDWFSJ1428p3346,0.0,729.0003279849425,6044.000616200969,217.5079221,33.8984555
NDWFS_J142854.9+335900,NDWFSJ1428p3346,0.0,3952.00009700416,7252.000460516585,217.2288647,33.983544899999984
NDWFS_J142746.6+335207,NDWFSJ1428p3346,0.0,7264.000306314772,5680.0006529461925,216.9441264,33.868737599999996
NDWFS_J142859.6+334609,NDWFSJ1428p3346,0.0,3747.999715098251,4260.999645989887,217.2484633,33.76933249999998
NDWFS_J142757.6+333015,NDWFSJ1428p3346,0.0,6783.000270884142,587.9993230538603,216.990095,33.504265799999985
NDWFS_J142928.0+340304,NDWFSJ1428p3346,0.0,2350.00001771379,8186.000119927649,217.3667825,34.0512885
NDWFS_J142729.3+340227,NDWFSJ1428p3346,0.0,8071.000116949484,8093.000601945037,216.8721392,34.04100189999998
NDWFS_J143014.2+334909,NDWFSJ1428p3346,0.0,135.0005396345141,4935.999613294897,217.5596418,33.81925879999998
NDWFS_J142853.2+333548,NDWFSJ1428p3346,0.0,4077.000012854134,1856.0003656556528,217.2217397,33.59682939999998
NDWFS_J142742.9+335045,NDWFSJ1428p3346,0.0,7443.999536231584,5365.99946124146,216.928887,33.84610309999999
NDWFS_J142759.6+334643,NDWFSJ1428p3346,0.0,6646.000005705237,4416.9993259536295,216.99854959999996,33.77869629999997
NDWFS_J142934.9+334357,NDWFSJ1428p3346,0.0,2042.9996598777616,3739.0004312934943,217.3957092,33.732759899999984
NDWFS_J142901.0+333219,NDWFSJ1428p3346,0.0,3705.000009679272,1041.0000954878303,217.2542694,33.53863769999998
NDWFS_J142750.1+335801,NDWFSJ1428p3346,0.0,7077.000270412071,7052.000346504314,216.95902239999998,33.96718299999999
NDWFS_J142821.7+334421,NDWFSJ1428p3346,0.0,5585.000410004879,3857.999600292508,217.0904472,33.739365899999996
NDWFS_J142821.2+335914,NDWFSJ1428p3346,0.0,5572.999868716954,7316.9999583864355,217.0887415,33.987222299999985
NDWFS_J142729.7+340055,NDWFSJ1428p3346,0.0,8066.000554438708,7741.000046268336,216.8729158,34.01578479999999
NDWFS_J142859.5+334934,NDWFSJ1428p3346,0.0,3744.0002148655694,5055.999606111211,217.2482856,33.82630039999999
NDWFS_J142913.2+333957,NDWFSJ1428p3346,0.0,3102.0000115899475,2815.00029837255,217.305027,33.66605639999999
NDWFS_J142848.1+335753,NDWFSJ1428p3346,0.0,4283.000367499169,6993.000069895192,217.2004431,33.96479839999999
NDWFS_J142955.5+334909,NDWFSJ1428p3346,0.0,1043.0004039656933,4939.999626134926,217.4813214,33.819227299999994
NDWFS_J142753.3+334158,NDWFSJ1428p3346,0.0,6962.99944474615,3317.999975509292,216.9722054,33.699726
NDWFS_J142848.2+333552,NDWFSJ1428p3346,0.0,4319.9995214789415,1875.0003387855631,217.200824,33.598054099999985
NDWFS_J142725.0+340014,NDWFSJ1428p3346,0.0,8281.999731949922,7579.999946621951,216.8544068,34.00407379999999
NDWFS_J142921.5+333801,NDWFSJ1428p3346,0.0,2699.0003006129627,2358.999490867085,217.3399863,33.63357859999999
NDWFS_J142843.7+335300,NDWFSJ1428p3346,0.0,4502.999861313219,5859.00013410795,217.1822472,33.883412299999996
NDWFS_J142915.8+334612,NDWFSJ1428p3346,0.0,2965.999739525487,4268.999334763784,217.3158644,33.77030890000001
NDWFS_J142935.6+335338,NDWFSJ1428p3346,0.0,1992.9996678909629,5986.999725397282,217.39882729999997,33.89386789999998
NDWFS_J142929.4+334212,NDWFSJ1428p3346,0.0,2309.0003128597564,3332.0004340745454,217.3730143,33.703478100000005
NDWFS_J142755.5+335805,NDWFSJ1428p3346,0.0,6814.000111021525,7062.000230362519,216.9817332,33.96809309999998
NDWFS_J142903.7+333003,NDWFSJ1428p3346,0.0,3580.0000870135336,515.0005081394702,217.2653517,33.501016999999976
NDWFS_J143004.7+332901,NDWFSJ1428p3346,0.0,619.9998477907784,258.0001646481851,217.5198076,33.48389269999999
NDWFS_J142801.2+335732,NDWFSJ1428p3346,0.0,6543.999521343194,6932.000396640882,217.0051706,33.95897259999999
NDWFS_J142850.5+334006,NDWFSJ1428p3346,0.0,4201.0000794298085,2856.000168470113,217.2103855,33.66841039999999
NDWFS_J142927.0+334156,NDWFSJ1428p3346,0.0,2430.000557127126,3270.000020807288,217.362627,33.69898040000002
NDWFS_J142943.0+334318,NDWFSJ1428p3346,0.0,1649.9996875835925,3582.0004021458726,217.4296504,33.7216767
NDWFS_J142744.0+334816,NDWFSJ1428p3346,0.0,7394.999522634433,4785.999830424534,216.93365,33.80458389999999
NDWFS_J142924.6+340400,NDWFSJ1428p3346,0.0,2511.00026353104,8403.000066066948,217.3527342,34.06676399999999
NDWFS_J142818.4+333703,NDWFSJ1428p3346,0.0,5760.999912311787,2159.0006166653293,217.0766464,33.617519399999985
NDWFS_J142754.1+334102,NDWFSJ1428p3346,0.0,6926.000439540219,3102.000316527019,216.9755832,33.68427719999999
NDWFS_J142812.5+335437,NDWFSJ1428p3346,0.0,6003.00016500054,6247.000085727928,217.0524676,33.91026589999999
NDWFS_J142751.7+335837,NDWFSJ1428p3346,0.0,6999.000151092085,7190.999952646593,216.9656356,33.9772005
NDWFS_J142816.7+340409,NDWFSJ1428p3346,0.0,5782.000249317285,8463.99943405019,217.0697518,34.06927299999999
NDWFS_J142822.5+334503,NDWFSJ1428p3346,0.0,5544.999437126378,4018.000399958033,217.0937676,33.75085599999999
NDWFS_J142827.2+334726,NDWFSJ1428p3346,0.0,5308.000132716321,4571.000285505908,217.1137638,33.790630999999976
NDWFS_J142806.2+335856,NDWFSJ1428p3346,0.0,6297.0001318420855,7254.999333521286,217.0262328,33.982290599999985
NDWFS_J142807.8+333234,NDWFSJ1428p3346,0.0,6283.99989833709,1123.0002882466124,217.0325196,33.542943799999996
NDWFS_J142934.3+334956,NDWFSJ1428p3346,0.0,2066.0001661553206,5128.999624392769,217.3929847,33.83235289999999
NDWFS_J142832.6+333153,NDWFSJ1428p3346,0.0,5081.999453510314,951.99931129367,217.1359712,33.531472699999995
NDWFS_J142934.2+333420,NDWFSJ1428p3346,0.0,2091.9994967182747,1502.0006898531592,217.3926831,33.57244919999998
NDWFS_J142820.5+335056,NDWFSJ1428p3346,0.0,5625.999589021361,5387.999873966238,217.085699,33.84896669999999
NDWFS_J142935.9+333624,NDWFSJ1428p3346,0.0,2006.9999105302031,1981.999936532593,217.3997398,33.606878999999985
NDWFS_J142923.0+334959,NDWFSJ1428p3346,0.0,2613.0002909793902,5145.99948290184,217.34578879999998,33.83332179999997
NDWFS_J142927.1+335751,NDWFSJ1428p3346,0.0,2398.0002807548035,6974.000182417891,217.3633117,33.964414099999985
NDWFS_J143000.9+335408,NDWFSJ1428p3346,0.0,775.0005670602231,6096.99931794534,217.5039273,33.90223679999999
NDWFS_J142944.5+335346,NDWFSJ1428p3346,0.0,1565.99999142687,6017.999861576948,217.4356738,33.89626999999999
NDWFS_J142918.4+333439,NDWFSJ1428p3346,0.0,2853.999861316588,1579.9995619059373,217.3271062,33.577688
NDWFS_J143008.7+333819,NDWFSJ1428p3346,0.0,416.0004114784424,2418.000426729533,217.5364448,33.63873239999999
NDWFS_J143013.9+334440,NDWFSJ1428p3346,0.0,156.99948419451084,3894.000598235221,217.5581557,33.74458319999997
NDWFS_J142759.0+335313,NDWFSJ1428p3346,0.0,6659.999914206226,5928.999642329937,216.996026,33.887022299999984
NDWFS_J142942.4+334059,NDWFSJ1428p3346,0.0,1684.0001512186473,3046.9997367878914,217.4269916,33.68332689999998
NDWFS_J142913.1+333157,NDWFSJ1428p3346,0.0,3117.000119983064,951.0004186688402,217.3048698,33.53249169999999
NDWFS_J142858.2+333823,NDWFSJ1428p3346,0.0,3827.999792627308,2453.999894235327,217.2427636,33.63981269999998
NDWFS_J142738.6+333222,NDWFSJ1428p3346,0.0,7696.999903087551,1092.9996320115588,216.9110954,33.539767399999995
NDWFS_J142901.5+334750,NDWFSJ1428p3346,0.0,3654.999453152277,4649.9995599417925,217.2562265,33.79725609999999
NDWFS_J142754.4+334338,NDWFSJ1428p3346,0.0,6905.99984704624,3705.999935493057,216.9767699,33.72756679999998
NDWFS_J142913.8+333623,NDWFSJ1428p3346,0.0,3075.000318423332,1984.999534201836,217.3078544,33.606598599999984
NDWFS_J142930.6+334057,NDWFSJ1428p3346,0.0,2258.0000893517854,3038.9995744184544,217.3775674,33.682506199999985
NDWFS_J143008.6+334714,NDWFSJ1428p3346,0.0,411.9999445455842,4490.999725705445,217.53593339999998,33.787278699999966
NDWFS_J142848.5+340042,NDWFSJ1428p3346,0.0,4257.999721327607,7650.000013193804,217.2021445,34.011891699999985
NDWFS_J142934.3+333415,NDWFSJ1428p3346,0.0,2088.0002458170266,1482.00044496153,217.3930377,33.57101790000001
NDWFS_J142826.5+333844,NDWFSJ1428p3346,0.0,5360.999875680152,2547.9995573339547,217.1107601,33.64564809999999
NDWFS_J142848.4+335211,NDWFSJ1428p3346,0.0,4277.999438976727,5667.9993866033055,217.2018002,33.86985649999999
NDWFS_J142939.9+334644,NDWFSJ1428p3346,0.0,1801.0000362668989,4383.999721371063,217.4162287,33.77908219999999
NDWFS_J142808.5+333123,NDWFSJ1428p3346,0.0,6249.9995580370905,848.0002868814627,217.0356718,33.523264999999995
NDWFS_J142909.4+342542,NDWFSJ1428p3421,1.0,3687.999632129728,5374.999991829343,217.28928619999996,34.42852229999998
NDWFS_J142906.2+341128,NDWFSJ1428p3421,1.0,3864.000181132331,2064.999612909636,217.27611,34.19123389999999
NDWFS_J142753.7+341204,NDWFSJ1428p3421,1.0,7352.999897930205,2231.000680302751,216.9737379,34.200924699999995
NDWFS_J142735.3+342332,NDWFSJ1428p3421,1.0,8205.00057664531,4911.999310900317,216.89736189999996,34.39237469999999
NDWFS_J142732.4+341213,NDWFSJ1428p3421,1.0,8376.00011318601,2279.9993853550413,216.885074,34.203648599999994
NDWFS_J142755.6+340555,NDWFSJ1428p3421,1.0,7273.000402356558,804.0006154092493,216.9819342,34.098732699999985
NDWFS_J142922.8+340457,NDWFSJ1428p3421,1.0,3077.0003373811205,543.0005929089903,217.3451674,34.082560399999984
NDWFS_J142942.6+343234,NDWFSJ1428p3421,1.0,2085.99958802978,6960.999513776418,217.42765499999996,34.542931200000005
NDWFS_J142842.7+343331,NDWFSJ1428p3421,1.0,4950.000308653904,7203.000328704973,217.178334,34.558808500000005
NDWFS_J142831.1+343752,NDWFSJ1428p3421,1.0,5496.999708639376,8218.999709852638,217.129966,34.63127339999999
NDWFS_J142737.8+342955,NDWFSJ1428p3421,1.0,8070.999938638459,6396.000253896491,216.90758200000002,34.498813099999985
NDWFS_J142814.0+343918,NDWFSJ1428p3421,1.0,6313.999918632908,8559.999445761325,217.0585423,34.65516759999999
NDWFS_J142930.5+341610,NDWFSJ1428p3421,1.0,2693.000209324632,3148.9997735512125,217.37695719999996,34.269489199999995
NDWFS_J142939.3+341753,NDWFSJ1428p3421,1.0,2263.000019991273,3544.000140203182,217.4140385,34.29798619999999
NDWFS_J142946.6+342406,NDWFSJ1428p3421,1.0,1904.000033868867,4990.999697384191,217.4444645,34.40183269999999
NDWFS_J142859.5+342207,NDWFSJ1428p3421,1.0,4168.000197044656,4546.999737354261,217.2481355,34.3689316
NDWFS_J142911.3+342525,NDWFSJ1428p3421,1.0,3594.0005404616804,5301.000294293521,217.2974982,34.42326799999999
NDWFS_J142741.0+342041,NDWFSJ1428p3421,1.0,7937.999594564075,4244.999623373133,216.921171,34.344792299999995
NDWFS_J142805.5+342232,NDWFSJ1428p3421,1.0,6757.999558434745,4662.0000410976045,217.0232099,34.375548099999996
NDWFS_J142824.9+342711,NDWFSJ1428p3421,1.0,5818.000230282656,5735.000427805484,217.1039699,34.453073199999984
NDWFS_J142928.9+341124,NDWFSJ1428p3421,1.0,2769.0000783707137,2044.000431203292,217.370982,34.19026799999998
NDWFS_J142939.8+341140,NDWFSJ1428p3421,1.0,2246.999721742533,2100.999380991425,217.4161741,34.194583899999984
NDWFS_J142928.7+341350,NDWFSJ1428p3421,1.0,2779.0001340934705,2608.999345098676,217.369801,34.23075229999999
NDWFS_J142958.9+341340,NDWFSJ1428p3421,1.0,1327.9995397816792,2559.999909269557,217.4955875,34.227844299999994
NDWFS_J142842.9+340646,NDWFSJ1428p3421,1.0,4995.999934058575,976.9998711280068,217.1788316,34.11263559999999
NDWFS_J142837.3+341236,NDWFSJ1428p3421,1.0,5250.9995066527645,2337.999745595357,217.1557578,34.210009199999995
NDWFS_J142748.1+340704,NDWFSJ1428p3421,1.0,7634.000406397119,1075.9993602747113,216.9504518,34.117954699999984
NDWFS_J142804.7+340804,NDWFSJ1428p3421,1.0,6832.000458869281,1301.9996123187866,217.0196654,34.134733099999984
NDWFS_J142807.0+340852,NDWFSJ1428p3421,1.0,6718.999791080749,1486.0003832510456,217.02929110000002,34.14799699999999
NDWFS_J142754.8+341511,NDWFSJ1428p3421,1.0,7290.999439976518,2962.0003875406305,216.978458,34.25334989999999
NDWFS_J142952.0+343933,NDWFSJ1428p3421,1.0,1628.9997861629863,8583.00064505334,217.4666399,34.6593522
NDWFS_J142905.9+344042,NDWFSJ1428p3421,1.0,3830.9994637360633,8862.0003167734,217.2746322,34.678321699999984
NDWFS_J142737.3+343856,NDWFSJ1428p3421,1.0,8068.000208271145,8495.00064566897,216.9058372,34.6492112
NDWFS_J143016.2+343318,NDWFSJ1428p3421,1.0,472.0001460635976,7120.999886227692,217.5680087,34.55499929999999
NDWFS_J142911.7+340604,NDWFSJ1428p3421,0.0,3608.000539225212,811.0004703125733,217.299061,34.101504199999994
NDWFS_J142857.9+343056,NDWFSJ1428p3421,0.0,4227.0000572685,6594.999680168953,217.2416466,34.51565759999998
NDWFS_J142950.6+340931,NDWFSJ1428p3421,0.0,1732.0000149544294,1597.000060455396,217.4610337,34.15867769999999
NDWFS_J142745.7+343906,NDWFSJ1428p3421,0.0,7670.00039249918,8526.000155848918,216.9404696,34.65174379999999
NDWFS_J142844.9+341452,NDWFSJ1428p3421,0.0,4880.000466858788,2862.999458424315,217.1875288,34.2478524
NDWFS_J142734.6+340837,NDWFSJ1428p3421,0.0,8279.000381547972,1443.0002522080397,216.8942818,34.143752899999996
NDWFS_J142939.2+343318,NDWFSJ1428p3421,0.0,2247.9998258642454,7130.999893283142,217.4134728,34.555044299999985
NDWFS_J142858.9+343218,NDWFSJ1428p3421,0.0,4181.999619933884,6915.000084001819,217.245347,34.538613299999994
NDWFS_J142741.6+341058,NDWFSJ1428p3421,0.0,7934.999648821564,1988.00010631164,216.9235498,34.18307299999998
NDWFS_J142950.4+343055,NDWFSJ1428p3421,0.0,1712.9997971160474,6575.000393466662,217.460291,34.515423199999994
NDWFS_J142744.0+343304,NDWFSJ1428p3421,0.0,7764.000474006667,7125.0001154010415,216.9335908,34.5512875
NDWFS_J142740.5+343844,NDWFSJ1428p3421,0.0,7916.000451127875,8442.999457405738,216.91912369999997,34.645605399999994
NDWFS_J142756.1+341142,NDWFSJ1428p3421,0.0,7235.999574507712,2150.0004658555413,216.983945,34.195206599999985
NDWFS_J142938.4+343011,NDWFSJ1428p3421,0.0,2290.9999499283103,6409.00066684254,217.4101104,34.50328629999999
NDWFS_J143010.1+341521,NDWFSJ1428p3421,0.0,789.0005636763535,2950.9997864557104,217.5421438,34.256056399999984
NDWFS_J142817.5+343722,NDWFSJ1428p3421,0.0,6150.0000673206105,8106.999595485299,217.07319559999996,34.6228201
NDWFS_J142729.7+340435,NDWFSJ1428p3421,0.0,8522.999777200326,508.0001302550618,216.8740753,34.07656339999999
NDWFS_J142837.8+342057,NDWFSJ1428p3421,0.0,5210.000252069096,4277.999918026108,217.1578792,34.34905159999998
NDWFS_J142808.4+343923,NDWFSJ1428p3421,0.0,6584.000572864257,8579.999958690423,217.0350083,34.6564131
NDWFS_J142840.7+341215,NDWFSJ1428p3421,0.0,5092.000132408883,2256.000089571634,217.1695938,34.20422949999998
NDWFS_J142759.2+343054,NDWFSJ1428p3421,0.0,7044.999801607477,6611.999387008116,216.9965864,34.515069099999984
NDWFS_J142929.9+342629,NDWFSJ1428p3421,0.0,2706.000352932846,5548.000320099902,217.3745021,34.44140019999999
NDWFS_J142907.4+343455,NDWFSJ1428p3421,0.0,3767.9994745897375,7520.000211801434,217.2809755,34.58219019999998
NDWFS_J142837.5+341908,NDWFSJ1428p3421,0.0,5231.999526929279,3860.999966235089,217.1562786,34.31915659999999
NDWFS_J142921.1+342609,NDWFSJ1428p3421,0.0,3123.999832915468,5473.000688457052,217.3382263,34.43582829999999
NDWFS_J142746.4+343425,NDWFSJ1428p3421,0.0,7645.999956632873,7437.0001719945085,216.9435671,34.573733799999985
NDWFS_J142846.5+341746,NDWFSJ1428p3421,0.0,4798.999630862529,3537.000216106548,217.1940737,34.29619819999999
NDWFS_J142903.0+340549,NDWFSJ1428p3421,0.0,4025.9997327117926,753.0003002050462,217.2629264,34.09713019999999
NDWFS_J142913.7+342123,NDWFSJ1428p3421,0.0,3490.999755748324,4367.999490953403,217.30701689999998,34.35646099999999
NDWFS_J142804.5+344024,NDWFSJ1428p3421,0.0,6764.999622356294,8820.00011957424,217.0190367,34.6734814
NDWFS_J142733.7+343008,NDWFSJ1428p3421,0.0,8265.000538192353,6449.9996156915095,216.8906651,34.502527699999995
NDWFS_J143007.4+343741,NDWFSJ1428p3421,0.0,893.0000170155981,8145.000286621849,217.5309449,34.62823949999999
NDWFS_J143014.5+341944,NDWFSJ1428p3421,0.0,572.0003180381518,3966.9998951030366,217.56055719999998,34.3289395
NDWFS_J142828.0+341902,NDWFSJ1428p3421,0.0,5686.999540038789,3841.000165617747,217.1168204,34.317438799999984
NDWFS_J142938.5+342004,NDWFSJ1428p3421,0.0,2300.0002641136225,4053.999461945546,217.41056229999998,34.3345181
NDWFS_J143002.9+342110,NDWFSJ1428p3421,0.0,1127.999450004092,4301.000606447842,217.5121631,34.35268409999998
NDWFS_J142918.2+343732,NDWFSJ1428p3421,0.0,3242.9998901545378,8125.999951666711,217.3263067,34.62588389999998
NDWFS_J142841.8+342151,NDWFSJ1428p3421,0.0,5021.000347199137,4487.99971772309,217.1741298,34.364214299999986
NDWFS_J142741.1+343517,NDWFSJ1428p3421,0.0,7896.999468641397,7640.000442849412,216.9215362,34.58808469999998
NDWFS_J142822.2+343829,NDWFSJ1428p3421,0.0,5923.999596354261,8367.000356861332,217.0926658,34.64160139999998
NDWFS_J143004.3+342839,NDWFSJ1428p3421,0.0,1051.0002008802576,6044.999460229015,217.5180942,34.4776927
NDWFS_J142824.1+343615,NDWFSJ1428p3421,0.0,5839.000026550895,7844.000510974865,217.1004817,34.604181999999994
NDWFS_J142748.1+341421,NDWFSJ1428p3421,0.0,7612.999814230941,2768.999453180707,216.9507235,34.23928049999999
NDWFS_J142932.5+341514,NDWFSJ1428p3421,0.0,2593.000010421578,2932.000475968312,217.3857465,34.25398379999999
NDWFS_J142908.1+341021,NDWFSJ1428p3421,0.0,3775.000245252215,1804.0003987433715,217.2839844,34.1725771
NDWFS_J142844.3+341841,NDWFSJ1428p3421,0.0,4903.000130730236,3748.9993808900144,217.1849017,34.31132869999998
NDWFS_J142943.2+342745,NDWFSJ1428p3421,0.0,2063.999507205609,5839.000398496517,217.43013860000002,34.46253609999998
NDWFS_J142953.1+340855,NDWFSJ1428p3421,0.0,1613.0002125386627,1457.0003069486622,217.471405,34.148691499999984
NDWFS_J142821.7+343516,NDWFSJ1428p3421,0.0,5957.000475188401,7619.999479000743,217.0903888,34.588053399999986
NDWFS_J142849.1+343213,NDWFSJ1428p3421,0.0,4648.999669572937,6896.0001628796845,217.2047379,34.53698729999999
NDWFS_J142901.4+343805,NDWFSJ1428p3421,0.0,4046.9999883515466,8256.99978552857,217.2562093,34.634852499999994
NDWFS_J142935.1+343113,NDWFSJ1428p3421,0.0,2446.000533776155,6650.000444365516,217.3965031,34.5204885
NDWFS_J142905.4+343048,NDWFSJ1428p3421,0.0,3871.99992742714,6559.999434212137,217.2725411,34.51334239999999
NDWFS_J142749.8+341614,NDWFSJ1428p3421,0.0,7528.99971758502,3204.999967770661,216.95760729999998,34.27058499999999
NDWFS_J142938.8+341020,NDWFSJ1428p3421,0.0,2296.99992323261,1791.000338949422,217.41200379999998,34.172347199999976
NDWFS_J142847.7+343524,NDWFSJ1428p3421,0.0,4711.999942979759,7639.0002130759185,217.1987337,34.5901921
NDWFS_J142816.2+343953,NDWFSJ1428p3421,0.0,6211.000452483217,8694.000184153709,217.0674039,34.664839599999986
NDWFS_J143008.1+341523,NDWFSJ1428p3421,0.0,883.0000033925289,2957.0006466717737,217.5339913,34.256454299999994
NDWFS_J142946.6+343947,NDWFSJ1428p3421,0.0,1884.999442824876,8638.999705620976,217.4443098,34.6632616
NDWFS_J142807.1+342940,NDWFSJ1428p3421,0.0,6667.999434859794,6325.000422416716,217.02961169999998,34.49477429999999
NDWFS_J142808.5+342910,NDWFSJ1428p3421,0.0,6598.999651620503,6206.999795682552,217.0357097,34.486367399999985
NDWFS_J142948.2+342418,NDWFSJ1428p3421,0.0,1829.0005290564088,5037.999958646755,217.4509553,34.40523139999999
NDWFS_J142906.1+342102,NDWFSJ1428p3421,0.0,3854.999439966288,4288.000186658401,217.275473,34.35053999999999
NDWFS_J142924.0+342802,NDWFSJ1428p3421,0.0,2984.000432939023,5911.000278481184,217.3501379,34.4672831
NDWFS_J142837.5+341756,NDWFSJ1428p3421,0.0,5230.999544766852,3580.0000909744444,217.1565732,34.2990212
NDWFS_J142926.2+340711,NDWFSJ1428p3421,0.0,2910.000380135455,1062.0002511760936,217.3593228,34.119831099999985
NDWFS_J142944.9+342816,NDWFSJ1428p3421,0.0,1978.99990310861,5961.999891671313,217.4374646,34.471385999999995
NDWFS_J142826.8+341441,NDWFSJ1428p3421,0.0,5751.999609948511,2830.0002293494726,217.1119677,34.24495129999998
NDWFS_J142958.4+341457,NDWFSJ1428p3421,0.0,1349.9997695045913,2857.000091118387,217.4935465,34.249120199999986
NDWFS_J142909.4+340728,NDWFSJ1428p3421,0.0,3719.999673565675,1132.9994191860196,217.2891677,34.1245214
NDWFS_J142936.0+342818,NDWFSJ1428p3421,0.0,2406.000407187389,5972.999450849688,217.4003429,34.47199139999998
NDWFS_J142839.4+342510,NDWFSJ1428p3421,0.0,5127.999923633939,5261.000320516175,217.1642749,34.41954169999999
NDWFS_J142901.9+342735,NDWFSJ1428p3421,0.0,4042.0004513976382,5814.000174141274,217.2582459,34.45979319999999
NDWFS_J142826.8+340758,NDWFSJ1428p3421,0.0,5729.000205641365,1283.9997166977896,217.1151583,34.13418359999999
NDWFS_J142939.4+343608,NDWFSJ1428p3421,0.0,2232.00029466502,7793.000199683284,217.4145199,34.6024906
NDWFS_J142944.8+343900,NDWFSJ1428p3421,0.0,1971.0003186384367,8454.999498612993,217.4369097,34.65004049999999
NDWFS_J142739.8+343216,NDWFSJ1428p3421,0.0,7967.999717368562,6938.000096374524,216.9160228,34.53772959999999
NDWFS_J142857.5+341051,NDWFSJ1428p3421,0.0,4287.00053122453,1929.0005043179929,217.2395572,34.181260499999986
NDWFS_J142740.5+341057,NDWFSJ1428p3421,0.0,7987.999707487108,1983.0004353898328,216.9189644,34.182673699999995
NDWFS_J142942.2+340750,NDWFSJ1428p3421,0.0,2137.000449344281,1206.9996997790458,217.42615910000004,34.130564299999996
NDWFS_J142801.3+342029,NDWFSJ1428p3421,0.0,6967.999830292514,4189.000541382995,217.0053912,34.34150549999999
NDWFS_J143024.1+343726,NDWFSJ1428p3421,0.0,92.99946326696954,8080.999536695821,217.60063919999996,34.62391350000001
NDWFS_J142744.0+340434,NDWFSJ1428p3421,0.0,7834.00033384227,497.0001486861115,216.93368089999998,34.07631589999999
NDWFS_J142821.0+342722,NDWFSJ1428p3421,0.0,6001.999616807925,5781.999534148514,217.0879442,34.456320199999986
NDWFS_J142902.3+343412,NDWFSJ1428p3421,0.0,4012.0001791210816,7352.99956300611,217.2598486,34.57009269999998
NDWFS_J142755.2+340406,NDWFSJ1428p3421,0.0,7296.999494704554,384.9998684250973,216.9802297,34.068692099999986
NDWFS_J142817.8+340710,NDWFSJ1428p3421,0.0,6202.999489245245,1084.0002594321772,217.07428909999996,34.11954329999999
NDWFS_J142928.7+341115,NDWFSJ1428p3421,0.0,2781.000494687972,2007.00040104382,217.369963,34.18761099999998
NDWFS_J142758.8+342237,NDWFSJ1428p3421,0.0,7080.999739472516,4687.999759042072,216.995148,34.37717969999999
NDWFS_J143020.9+342924,NDWFSJ1428p3421,0.0,251.99993724283195,6216.000390324356,217.5874893,34.49021369999999
NDWFS_J142935.2+341513,NDWFSJ1428p3421,0.0,2466.000089558621,2925.999354664196,217.39676019999996,34.25361029999998
NDWFS_J142806.7+342101,NDWFSJ1428p3421,0.0,6705.999763487325,4310.00067511144,217.02802309999998,34.350362
NDWFS_J142828.1+341816,NDWFSJ1428p3421,0.0,5683.99963585074,3660.000453637018,217.1172206,34.304470699999996
NDWFS_J142848.9+340648,NDWFSJ1428p3421,0.0,4704.000298646579,985.0006937607018,217.2040971,34.11337939999999
NDWFS_J142940.6+343319,NDWFSJ1428p3421,0.0,2179.000117355444,7136.99997261267,217.4194733,34.55550399999999
NDWFS_J142827.0+342314,NDWFSJ1428p3421,0.0,5725.000245780646,4817.999844166887,217.1127646,34.387423799999986
NDWFS_J142756.0+343231,NDWFSJ1428p3421,0.0,7193.0001092358125,6990.999757378449,216.9833804,34.54211739999999
NDWFS_J142845.5+343738,NDWFSJ1428p3421,0.0,4810.999881942698,8157.999695310443,217.1897465,34.62732359999998
NDWFS_J142805.0+341355,NDWFSJ1428p3421,0.0,6803.000269976867,2658.0003746620164,217.0210185,34.231918399999984
NDWFS_J143011.3+341712,NDWFSJ1428p3421,0.0,729.0003935632949,3380.000176667859,217.5471717,34.28682059999999
NDWFS_J142941.0+341905,NDWFSJ1428p3421,0.0,2180.999471255725,3827.000502776085,217.42100599999998,34.31830179999999
NDWFS_J142839.6+341041,NDWFSJ1428p3421,0.0,5143.999732147342,1891.999895412439,217.1653548,34.17811449999998
NDWFS_J142815.8+341716,NDWFSJ1428p3421,0.0,6278.00008250288,3435.999649719441,217.065881,34.28802919999998
NDWFS_J142841.7+341632,NDWFSJ1428p3421,0.0,5032.999928868727,3253.999302920182,217.1739831,34.275780199999986
NDWFS_J142820.0+344658,NDWFSJ1428p3456,1.0,6066.999893334174,2213.9997000471303,217.08219379999997,34.7827613
NDWFS_J142927.9+345905,NDWFSJ1428p3456,1.0,2796.0003733310705,5011.999674699522,217.3659807,34.985113399999975
NDWFS_J142746.4+344545,NDWFSJ1428p3456,1.0,7658.000471695481,1946.9997003853207,216.9436565,34.762483599999996
NDWFS_J142802.7+350934,NDWFSJ1428p3456,1.0,6825.999562575968,7479.999927019842,217.0114119,35.1595153
NDWFS_J142729.2+350729,NDWFSJ1428p3456,1.0,8424.999782243403,7013.999594740357,216.8717654,35.124886599999996
NDWFS_J142731.4+345022,NDWFSJ1428p3456,1.0,8363.00005287844,3030.999997685726,216.8811147,34.83958999999999
NDWFS_J142818.7+343947,NDWFSJ1428p3456,1.0,6130.000330871475,546.0003427836891,217.0780509,34.663202399999996
NDWFS_J142758.2+343755,NDWFSJ1428p3456,1.0,7111.999449481224,121.00043868600642,216.9928865,34.632059799999986
NDWFS_J143020.3+350756,NDWFSJ1428p3456,1.0,287.9996781249265,7050.000684946333,217.5845609,35.13212459999999
NDWFS_J142939.5+350621,NDWFSJ1428p3456,1.0,2211.9999980778475,6694.000007797027,217.4161772,35.105893199999976
NDWFS_J142949.1+350824,NDWFSJ1428p3456,1.0,1764.9999658360584,7171.00048311703,217.4550944,35.1402582
NDWFS_J143005.4+350941,NDWFSJ1428p3456,1.0,991.9998871387706,7462.999983974509,217.5227011,35.1614768
NDWFS_J143019.8+351209,NDWFSJ1428p3456,1.0,303.9996023317144,8036.000530965035,217.5827845,35.202763799999985
NDWFS_J142835.3+350657,NDWFSJ1428p3456,1.0,5281.000080544727,6857.999739543873,217.1472704,35.11600490000001
NDWFS_J142847.2+350837,NDWFSJ1428p3456,1.0,4714.999764496568,7244.000362203194,217.1965702,35.144006099999984
NDWFS_J142824.7+350909,NDWFSJ1428p3456,1.0,5782.000359379332,7371.000029769315,217.1029832,35.1524332
NDWFS_J142832.3+351019,NDWFSJ1428p3456,1.0,5414.999978293898,7642.999593442575,217.134933,35.17215859999999
NDWFS_J142919.1+351058,NDWFSJ1428p3456,1.0,3196.999681069889,7776.000407948954,217.3292604,35.1829522
NDWFS_J142826.7+351142,NDWFSJ1428p3456,1.0,5681.000474816607,7967.000574687037,217.1113647,35.19519739999999
NDWFS_J142812.3+350352,NDWFSJ1428p3456,1.0,6377.999459207862,6150.999767764806,217.0517821,35.064624399999985
NDWFS_J142739.8+350826,NDWFSJ1428p3456,1.0,7918.000392752518,7229.00011167254,216.9159658,35.14070079999999
NDWFS_J142803.7+351307,NDWFSJ1428p3456,1.0,6770.000103924482,8305.000098329998,217.0156024,35.218657
NDWFS_J143001.6+345150,NDWFSJ1428p3456,1.0,1191.9996016448597,3313.0006239171244,217.5070198,34.86404819999999
NDWFS_J142956.0+345445,NDWFSJ1428p3456,1.0,1455.9999424164298,3990.999999048019,217.4836494,34.9125308
NDWFS_J142925.3+350057,NDWFSJ1428p3456,1.0,2909.9996838164725,5443.99944958692,217.3557626,35.01601219999998
NDWFS_J142947.0+350021,NDWFSJ1428p3456,1.0,1881.9999033403767,5296.999327615024,217.4457757,35.00593909999999
NDWFS_J142915.1+345234,NDWFSJ1428p3456,1.0,3412.000560693078,3496.0000008656625,217.3130344,34.87618669999999
NDWFS_J142841.4+345406,NDWFSJ1428p3456,1.0,5018.000279811093,3865.999958980103,217.1724991,34.901800599999994
NDWFS_J142900.9+345807,NDWFSJ1428p3456,1.0,4081.000139957998,4793.00065126719,217.2537466,34.96876429999998
NDWFS_J142829.8+350040,NDWFSJ1428p3456,1.0,5554.000456578895,5397.000566662522,217.1244907,35.011158
NDWFS_J142909.7+345948,NDWFSJ1428p3456,1.0,3656.999637342156,5179.000634912998,217.2905765,34.99664959999999
NDWFS_J142756.2+345112,NDWFSJ1428p3456,1.0,7178.000383398554,3210.999860028845,216.9843901,34.85341019999999
NDWFS_J142822.8+345224,NDWFSJ1428p3456,1.0,5905.000500616061,3477.000627419513,217.0953201,34.8733642
NDWFS_J142810.1+345225,NDWFSJ1428p3456,1.0,6516.000310023066,3492.0002121759208,217.0419497,34.874021599999985
NDWFS_J142735.2+345502,NDWFSJ1428p3456,1.0,8173.000032109703,4112.999351096178,216.89665229999997,34.91726380000001
NDWFS_J142756.9+345704,NDWFSJ1428p3456,1.0,7131.999621408382,4592.00031708815,216.9871774,34.95238809999999
NDWFS_J142750.5+345724,NDWFSJ1428p3456,1.0,7438.000468656113,4657.999704324531,216.9603704,34.956886399999995
NDWFS_J142801.2+345932,NDWFSJ1428p3456,1.0,6917.999593679788,5147.000244063996,217.0053971,34.9923085
NDWFS_J142953.3+345023,NDWFSJ1428p3456,1.0,1587.9998929130434,2979.999534623422,217.4725935,34.84003539999999
NDWFS_J142844.2+344146,NDWFSJ1428p3456,1.0,4904.00045249902,998.999985263844,217.1845251,34.69644049999999
NDWFS_J142834.9+344230,NDWFSJ1428p3456,1.0,5350.000496010993,1169.9993486779567,217.1455285,34.7084207
NDWFS_J142846.3+344613,NDWFSJ1428p3456,1.0,4796.999891062482,2031.00047059179,217.1931156,34.770451699999995
NDWFS_J142755.4+343942,NDWFSJ1428p3456,1.0,7245.000448866784,541.0006640360498,216.9809307,34.662055599999995
NDWFS_J142746.1+344023,NDWFSJ1428p3456,1.0,7688.99978054567,704.9997781302363,216.942105,34.673470800000004
NDWFS_J142800.3+344114,NDWFSJ1428p3456,1.0,7011.999916323057,890.9993788137172,217.00091959999997,34.68730480000001
NDWFS_J142743.8+344335,NDWFSJ1428p3456,1.0,7791.999566700324,1449.9995251667724,216.9324359,34.726770299999984
NDWFS_J142733.6+344612,NDWFSJ1428p3456,1.0,8267.000363322848,2059.000350642351,216.8904394,34.77002759999999
NDWFS_J142815.2+345046,NDWFSJ1428p3456,1.0,6273.000002986231,3101.9994464633355,217.0634922,34.846247099999985
NDWFS_J142924.7+351422,NDWFSJ1428p3456,1.0,2918.999678468679,8568.999880482823,217.3531727,35.2399016
NDWFS_J142900.5+351435,NDWFSJ1428p3456,1.0,4062.99973621646,8621.999668801986,217.2527828,35.243103500000004
NDWFS_J143011.3+350753,NDWFSJ1428p3456,0.0,710.0004665959523,7043.000099261033,217.5475897,35.131484
NDWFS_J142946.1+344505,NDWFSJ1428p3456,0.0,1944.0004660843344,1745.0000971141126,217.4421287,34.75139469999998
NDWFS_J143016.3+350231,NDWFSJ1428p3456,0.0,483.0002235488119,5795.000552648664,217.5679684,35.042140800000006
NDWFS_J142755.3+351103,NDWFSJ1428p3456,0.0,7175.000277475205,7831.000381327676,216.9805149,35.18440179999999
NDWFS_J142735.6+344402,NDWFSJ1428p3456,0.0,8180.999552483485,1555.000275171582,216.8984261,34.73398629999999
NDWFS_J142915.4+345723,NDWFSJ1428p3456,0.0,3389.999909891219,4618.0003960195045,217.3142724,34.95659179999999
NDWFS_J142854.8+351425,NDWFSJ1428p3456,0.0,4337.999493612688,8588.000271904548,217.228682,35.24051239999999
NDWFS_J142738.1+345655,NDWFSJ1428p3456,0.0,8027.000336101,4552.00005606772,216.9089875,34.9488326
NDWFS_J142933.1+343917,NDWFSJ1428p3456,0.0,2574.0001522799275,402.9995684436635,217.387916,34.654955599999994
NDWFS_J142933.2+343736,NDWFSJ1428p3456,0.0,2570.000338762846,8.99957545818961,217.3884788,34.62672359999999
NDWFS_J142845.7+344455,NDWFSJ1428p3456,0.0,4826.000489169035,1730.000217201561,217.190801,34.74886659999999
NDWFS_J142808.4+350142,NDWFSJ1428p3456,0.0,6573.00023526039,5647.000107529484,217.0351428,35.0283789
NDWFS_J142832.1+350623,NDWFSJ1428p3456,0.0,5432.999654445501,6728.00045242944,217.1340569,35.106594799999996
NDWFS_J142952.1+350358,NDWFSJ1428p3456,0.0,1637.0001059861795,6138.999539917188,217.4668052,35.0663688
NDWFS_J142751.0+344918,NDWFSJ1428p3456,0.0,7431.999681670613,2773.000290372961,216.96261399999997,34.821837900000006
NDWFS_J143010.5+345233,NDWFSJ1428p3456,0.0,768.9998357485483,3474.999749349216,217.5438953,34.8758072
NDWFS_J142824.2+345513,NDWFSJ1428p3456,0.0,5830.999866004651,4134.000692371488,217.1012622,34.92048659999999
NDWFS_J142857.5+350551,NDWFSJ1428p3456,0.0,4224.999574149138,6592.999728249435,217.2399431,35.097649700000005
NDWFS_J142901.8+345823,NDWFSJ1428p3456,0.0,4037.0002099827534,4853.999744074916,217.2575536,34.97315909999998
NDWFS_J142942.4+344334,NDWFSJ1428p3456,0.0,2122.0003303194626,1394.0003839057254,217.4267843,34.72616789999999
NDWFS_J142953.7+350841,NDWFSJ1428p3456,0.0,1548.0002413732343,7232.999486725685,217.4740791,35.14478759999999
NDWFS_J142914.6+350932,NDWFSJ1428p3456,0.0,3408.999543635304,7441.999611245557,217.310881,35.15891559999999
NDWFS_J142950.4+344205,NDWFSJ1428p3456,0.0,1741.9999839004631,1046.000482917465,217.4600839,34.7013877
NDWFS_J142916.1+344521,NDWFSJ1428p3456,0.0,3375.0000792532283,1819.0001959146805,217.3172834,34.75604019999999
NDWFS_J142744.1+345918,NDWFSJ1428p3456,0.0,7734.999554908029,5103.99938142003,216.9339918,34.988610199999975
NDWFS_J142848.6+351256,NDWFSJ1428p3456,0.0,4637.000030749417,8245.999509636915,217.20269569999996,35.21583720000001
NDWFS_J142910.8+344813,NDWFSJ1428p3456,0.0,3624.999702450285,2486.999687160107,217.2950623,34.803778099999995
NDWFS_J142956.9+350318,NDWFSJ1428p3456,0.0,1402.0005670908097,5978.99981427031,217.4874521,35.054997099999994
NDWFS_J142908.2+344939,NDWFSJ1428p3456,0.0,3745.000569368358,2818.999708271675,217.2843799,34.82750450000002
NDWFS_J142905.5+345107,NDWFSJ1428p3456,0.0,3871.000087670516,3160.000221714249,217.2731619,34.851871399999986
NDWFS_J142900.8+351332,NDWFSJ1428p3456,0.0,4059.0005506633297,8379.000612752483,217.25329509999997,35.225697200000006
NDWFS_J142827.6+350307,NDWFSJ1428p3456,0.0,5652.99946774873,5971.00015807714,217.1153823,35.05221819999998
NDWFS_J142932.0+350914,NDWFSJ1428p3456,0.0,2579.0000426608685,7370.0006819019345,217.3836611,35.15416159999998
NDWFS_J142944.1+344023,NDWFSJ1428p3456,0.0,2043.0001110380745,653.9998421024438,217.4340462,34.67317359999999
NDWFS_J142832.3+351114,NDWFSJ1428p3456,0.0,5413.00022618444,7855.000451487003,217.1349459,35.18734769999999
NDWFS_J142927.2+345914,NDWFSJ1428p3456,0.0,2823.99978981565,5043.999669812438,217.3635138,34.98739299999999
NDWFS_J142814.4+345926,NDWFSJ1428p3456,0.0,6289.000538108252,5116.000652832299,217.0604301,34.990534499999995
NDWFS_J143004.5+351132,NDWFSJ1428p3456,0.0,1031.9998236283636,7894.000302338931,217.5190078,35.1923419
NDWFS_J143016.6+344832,NDWFSJ1428p3456,0.0,481.00043648536393,2543.0001486081155,217.5694148,34.809118699999985
NDWFS_J142903.1+344052,NDWFSJ1428p3456,0.0,4003.000149061965,777.0003018330644,217.2631923,34.68104589999999
NDWFS_J142751.9+345439,NDWFSJ1428p3456,0.0,7377.000086196256,4015.999695704832,216.966286,34.91093660000001
NDWFS_J142830.8+345216,NDWFSJ1428p3456,0.0,5525.999963640519,3445.0002096244552,217.1284431,34.87131849999998
NDWFS_J142756.6+344821,NDWFSJ1428p3456,0.0,7165.000291360677,2549.999536524555,216.98611379999997,34.806060300000006
NDWFS_J142848.8+345254,NDWFSJ1428p3456,0.0,4665.000148704781,3581.000453164312,217.2035392,34.881591199999995
NDWFS_J142956.5+345319,NDWFSJ1428p3456,0.0,1436.0004800433371,3658.0003498147016,217.48555099999996,34.888677400000006
NDWFS_J143019.7+344233,NDWFSJ1428p3456,0.0,337.00023182833047,1145.000427574828,217.5825121,34.708984799999996
NDWFS_J142957.3+351151,NDWFSJ1428p3456,0.0,1374.9996486823984,7969.000554906475,217.4888996,35.1975868
NDWFS_J142827.7+350021,NDWFSJ1428p3456,0.0,5656.999974623855,5323.999965682131,217.1155378,35.005860999999996
NDWFS_J142805.5+350932,NDWFSJ1428p3456,0.0,6694.000453167972,7472.000353235644,217.0229855,35.15903789999999
NDWFS_J142855.4+351241,NDWFSJ1428p3456,0.0,4315.999521630785,8183.000254210718,217.2308888,35.21151069999999
NDWFS_J142939.0+351201,NDWFSJ1428p3456,0.0,2242.0005579515137,8014.999490285765,217.4128547,35.20052429999999
NDWFS_J143018.3+344140,NDWFSJ1428p3456,0.0,408.0003659147842,945.9994353544288,217.5763991,34.69470179999999
NDWFS_J142833.5+350613,NDWFSJ1428p3456,0.0,5369.000104431318,6688.000545887424,217.1396922,35.103769899999996
NDWFS_J142938.1+350654,NDWFSJ1428p3456,0.0,2293.0000949221967,6824.000464122979,217.409014,35.115171799999985
NDWFS_J142803.9+344501,NDWFSJ1428p3456,0.0,6825.000404852588,1772.0005080512929,217.016453,34.75056479999999
NDWFS_J142826.7+351434,NDWFSJ1428p3456,0.0,5674.999694293407,8631.000617422584,217.1113686,35.24276919999999
NDWFS_J142835.7+344216,NDWFSJ1428p3456,0.0,5311.999986841718,1117.9993974943573,217.1488796,34.7047184
NDWFS_J142741.0+350744,NDWFSJ1428p3456,0.0,7859.999750584851,7065.999572567431,216.9212016,35.12906999999999
NDWFS_J142823.7+345933,NDWFSJ1428p3456,0.0,5842.000375657122,5139.999831561103,217.0995022,34.992556500000006
NDWFS_J142827.1+350227,NDWFSJ1428p3456,0.0,5683.00026504818,5812.000467586691,217.1128813,35.04080709999998
NDWFS_J142851.3+343842,NDWFSJ1428p3456,0.0,4573.000176226135,281.999900226956,217.21386909999998,34.64525739999999
NDWFS_J142749.0+350124,NDWFSJ1428p3456,0.0,7499.000509390877,5590.000587863748,216.9541816,35.02361129999998
NDWFS_J142949.2+351038,NDWFSJ1428p3456,0.0,1758.9999346077393,7689.000124937829,217.4553665,35.177373400000015
NDWFS_J143021.9+344920,NDWFSJ1428p3456,0.0,229.999466942184,2723.99972559456,217.5912544,34.82216829999999
NDWFS_J142948.3+345637,NDWFSJ1428p3456,0.0,1821.0001254386943,4430.000295040738,217.4515387,34.9438416
NDWFS_J142759.4+345140,NDWFSJ1428p3456,0.0,7024.000233941299,3318.999446901078,216.9977399,34.86126179999999
NDWFS_J142837.9+343850,NDWFSJ1428p3456,0.0,5211.999678488364,318.0001001300352,217.15818860000002,34.64745639999999
NDWFS_J142903.4+351458,NDWFSJ1428p3456,0.0,3929.999432451772,8710.00025682887,217.2643926,35.24948129999999
NDWFS_J143000.1+344329,NDWFSJ1428p3456,0.0,1275.9996132400463,1368.9997097446449,217.5005571,34.724713999999985
NDWFS_J142950.4+345520,NDWFSJ1428p3456,0.0,1724.0002954472811,4128.000332644551,217.4601643,34.9222416
NDWFS_J142941.7+345533,NDWFSJ1428p3456,0.0,2137.0002427047184,4180.999729127503,217.4240438,34.92586719999999
NDWFS_J142737.8+350723,NDWFSJ1428p3456,0.0,8013.9994346621315,6985.000372211587,216.90779059999997,35.1231445
NDWFS_J142749.0+344905,NDWFSJ1428p3456,0.0,7525.999906651119,2721.9995456447123,216.9544574,34.818112299999996
NDWFS_J142944.1+350623,NDWFSJ1428p3456,0.0,2010.0004619382707,6704.999727688895,217.4338638,35.106768300000006
NDWFS_J142940.8+345016,NDWFSJ1428p3456,0.0,2187.999974763637,2954.999982972992,217.4202224,34.8379965
NDWFS_J143003.8+350341,NDWFSJ1428p3456,0.0,1073.9994893288376,6067.0005826920005,217.5161248,35.06142539999999
NDWFS_J142904.0+344228,NDWFSJ1428p3456,0.0,3957.999536388252,1151.9996985141925,217.2668703,34.70794140000001
NDWFS_J142921.4+350701,NDWFSJ1428p3456,0.0,3091.000226231551,6856.000600214142,217.3390956,35.1170915
NDWFS_J142914.0+344956,NDWFSJ1428p3456,0.0,3471.000288393385,2885.999412200904,217.3082561,34.83244769999999
NDWFS_J142733.8+350658,NDWFSJ1428p3456,0.0,8206.999852287567,6889.9999757162,216.8909797,35.1161828
NDWFS_J142912.2+350524,NDWFSJ1428p3456,0.0,3527.9997253142847,6481.999717955991,217.3010499,35.0900745
NDWFS_J142842.1+350809,NDWFSJ1428p3456,0.0,4953.999832883126,7132.000397992968,217.1757114,35.135837999999985
NDWFS_J142948.8+345550,NDWFSJ1428p3456,0.0,1798.0003265272371,4245.999815817639,217.4536394,34.930666699999996
NDWFS_J142944.8+350849,NDWFSJ1428p3456,0.0,1969.999796242395,7267.000082374861,217.4370834,35.147051000000005
NDWFS_J142915.0+345802,NDWFSJ1428p3456,0.0,3409.000196088098,4767.99932283053,217.3125196,34.967329699999986
NDWFS_J142928.3+345720,NDWFSJ1428p3456,0.0,2777.999930283204,4598.999859396725,217.3677879,34.95552979999999
NDWFS_J142749.1+351236,NDWFSJ1428p3456,0.0,7468.999597734955,8192.999882045367,216.954412,35.210110199999995
NDWFS_J143004.8+353505,NDWFSJ1428p3531,1.0,925.9995334073136,5242.000126866016,217.5202237,35.584998099999986
NDWFS_J143007.0+353436,NDWFSJ1428p3531,1.0,824.0000368537067,5126.999696959858,217.5292586,35.576798000000004
NDWFS_J142855.1+353023,NDWFSJ1428p3531,1.0,4233.999462683674,4166.99984475322,217.2295607,35.50643860000001
NDWFS_J142929.2+354712,NDWFSJ1428p3531,1.0,2591.999817267496,8070.000541382593,217.3718646,35.786836799999996
NDWFS_J142906.5+352431,NDWFSJ1428p3531,1.0,3703.000365039534,2797.0000173162425,217.2771756,35.4086024
NDWFS_J142758.6+354429,NDWFSJ1428p3531,1.0,6875.999891437788,7471.000232792463,216.9941285,35.74130989999998
NDWFS_J142745.1+352949,NDWFSJ1428p3531,1.0,7547.999655096137,4067.0002273019018,216.9380363,35.49701419999999
NDWFS_J142825.9+352114,NDWFSJ1428p3531,1.0,5632.00004887407,2051.9996361540016,217.1082118,35.35407529999999
NDWFS_J142959.9+353927,NDWFSJ1428p3531,1.0,1152.0001464976986,6258.999375607844,217.4998528,35.65775559999999
NDWFS_J142821.2+352001,NDWFSJ1428p3531,1.0,5861.00043879377,1772.000238657496,217.0883235,35.333864899999995
NDWFS_J142832.6+354105,NDWFSJ1428p3531,1.0,5273.999464757473,6668.000593807272,217.1361192,35.68492649999999
NDWFS_J142728.4+353038,NDWFSJ1428p3531,1.0,8333.99957159369,4267.00040893109,216.8686854,35.5106988
NDWFS_J142730.0+353155,NDWFSJ1428p3531,1.0,8257.000066358316,4563.999880392064,216.8751656,35.532033899999995
NDWFS_J142945.6+351433,NDWFSJ1428p3531,1.0,1862.9997756203168,467.0002332941149,217.4400936,35.24257109999999
NDWFS_J142807.9+351331,NDWFSJ1428p3531,1.0,6503.000434716772,266.0000001312583,217.0332355,35.22553649999998
NDWFS_J143020.6+352921,NDWFSJ1428p3531,1.0,182.999934597352,3899.999709645377,217.5861874,35.48912509999998
NDWFS_J142954.2+354023,NDWFSJ1428p3531,1.0,1418.000248631146,6478.000148041239,217.4762952,35.67333690000002
NDWFS_J142943.1+354134,NDWFSJ1428p3531,1.0,1944.0004198532,6754.000315416335,217.4297665,35.6928851
NDWFS_J143005.5+354230,NDWFSJ1428p3531,1.0,882.999977296513,6963.999619252274,217.5232653,35.7083488
NDWFS_J143002.0+354614,NDWFSJ1428p3531,1.0,1042.9995008074602,7835.999794158484,217.5087596,35.77073980000001
NDWFS_J143015.8+354742,NDWFSJ1428p3531,1.0,394.0004074669114,8172.999891279192,217.5659282,35.79510479999999
NDWFS_J142925.2+354911,NDWFSJ1428p3531,1.0,2780.000044571309,8534.000367693105,217.3549936,35.81997359999999
NDWFS_J143007.2+354723,NDWFSJ1428p3531,1.0,798.0001098362618,8099.999560287164,217.5302783,35.78973639999999
NDWFS_J142835.2+353827,NDWFSJ1428p3531,1.0,5156.000217621537,6051.999629630227,217.1469938,35.64088659999999
NDWFS_J142912.8+354009,NDWFSJ1428p3531,1.0,3376.99966606463,6434.999653031235,217.3035672,35.66935179999999
NDWFS_J142911.7+354008,NDWFSJ1428p3531,1.0,3429.999597345375,6429.000129544489,217.2988975,35.6688942
NDWFS_J142914.0+354049,NDWFSJ1428p3531,1.0,3318.999680274431,6588.999447075141,217.3085861,35.680411399999976
NDWFS_J142904.0+354211,NDWFSJ1428p3531,1.0,3787.999532253873,6912.99971274806,217.2670124,35.7033636
NDWFS_J142826.3+354314,NDWFSJ1428p3531,1.0,5568.00042373579,7171.000513833445,217.109793,35.720754899999996
NDWFS_J142852.6+354351,NDWFSJ1428p3531,1.0,4327.000271214516,7303.999837105581,217.2191927,35.7310579
NDWFS_J142906.3+354420,NDWFSJ1428p3531,1.0,3676.999742640948,7406.9993357626845,217.276484,35.7388024
NDWFS_J142908.4+354452,NDWFSJ1428p3531,1.0,3578.0001419580785,7532.999693101305,217.2851402,35.74787950000001
NDWFS_J142914.8+354521,NDWFSJ1428p3531,1.0,3266.000233269373,7636.000633483221,217.3126146,35.75542099999999
NDWFS_J142921.2+354539,NDWFSJ1428p3531,1.0,2973.000090344727,7712.000322426822,217.338433,35.76101309999999
NDWFS_J142853.7+354703,NDWFSJ1428p3531,1.0,4269.000087675178,8046.000035448582,217.2237958,35.784228000000006
NDWFS_J142800.6+353816,NDWFSJ1428p3531,1.0,6792.999532214191,6025.999972457528,217.0027328,35.6378929
NDWFS_J142758.0+354006,NDWFSJ1428p3531,1.0,6913.000528015748,6454.999469366838,216.9917731,35.66852549999998
NDWFS_J142727.6+354022,NDWFSJ1428p3531,1.0,8345.999497696392,6530.9999755539575,216.8653606,35.672823799999996
NDWFS_J142813.1+354035,NDWFSJ1428p3531,1.0,6196.000314792267,6559.999350554113,217.054901,35.67656789999999
NDWFS_J142735.1+354226,NDWFSJ1428p3531,1.0,7989.999956901584,7010.999971760011,216.8962782,35.70749289999999
NDWFS_J142820.7+354257,NDWFSJ1428p3531,1.0,5835.000297288383,7106.000597200527,217.0862895,35.71591970000001
NDWFS_J142754.7+354343,NDWFSJ1428p3531,1.0,7057.999658884881,7297.000311219384,216.9782261,35.72871209999999
NDWFS_J142759.3+354500,NDWFSJ1428p3531,1.0,6836.999599347217,7593.000404513372,216.9974614,35.750075399999986
NDWFS_J142803.5+354627,NDWFSJ1428p3531,1.0,6636.000461589409,7929.999782380895,217.0149053,35.7743565
NDWFS_J142808.3+354807,NDWFSJ1428p3531,1.0,6406.000449045769,8315.999306380483,217.0348785,35.8021644
NDWFS_J142930.0+352549,NDWFSJ1428p3531,1.0,2583.9996633388,3095.99946906257,217.375371,35.4305863
NDWFS_J143002.4+352712,NDWFSJ1428p3531,1.0,1047.9996866726617,3403.999440911048,217.5102935,35.45329649999999
NDWFS_J143015.0+352739,NDWFSJ1428p3531,1.0,451.99959070811474,3503.000314353744,217.5626754,35.460599
NDWFS_J143006.5+352818,NDWFSJ1428p3531,1.0,854.0002056117391,3655.999594772617,217.5272485,35.471419199999985
NDWFS_J142952.4+352939,NDWFSJ1428p3531,1.0,1519.999967371933,3978.9994359840384,217.4685031,35.49430209999999
NDWFS_J142949.7+353251,NDWFSJ1428p3531,1.0,1644.0001968859506,4722.999478107358,217.4572268,35.54754399999999
NDWFS_J142956.9+353353,NDWFSJ1428p3531,1.0,1301.0003862605572,4961.999505667947,217.4873183,35.564800599999984
NDWFS_J143006.5+353358,NDWFSJ1428p3531,1.0,849.0004374895261,4981.000231363083,217.5271192,35.5663314
NDWFS_J143003.1+353452,NDWFSJ1428p3531,1.0,1002.9998079976048,5189.00044848321,217.5134638,35.58117349999999
NDWFS_J142922.5+353605,NDWFSJ1428p3531,1.0,2925.9999220240825,5482.999376573105,217.3438973,35.601398399999994
NDWFS_J142847.3+352844,NDWFSJ1428p3531,1.0,4602.999873632407,3785.000506504326,217.197361,35.47885989999999
NDWFS_J142847.5+352944,NDWFSJ1428p3531,1.0,4596.000394042483,4019.000370336955,217.1978096,35.49562490000002
NDWFS_J142908.6+353003,NDWFSJ1428p3531,1.0,3592.9995887898585,4084.9997642891576,217.2860236,35.500921699999985
NDWFS_J142918.3+353117,NDWFSJ1428p3531,1.0,3131.999742807888,4371.000236491418,217.3264189,35.5216476
NDWFS_J142924.2+353308,NDWFSJ1428p3531,1.0,2847.99949320464,4796.000403429898,217.35117,35.5522305
NDWFS_J142743.1+352726,NDWFSJ1428p3531,1.0,7645.999844871107,3514.999878762912,216.9299365,35.45740109999999
NDWFS_J142757.1+352931,NDWFSJ1428p3531,1.0,6981.000554914537,3993.999846173334,216.9879874,35.49222239999999
NDWFS_J142746.0+353048,NDWFSJ1428p3531,1.0,7502.0000683400285,4295.000095205196,216.94187,35.51337999999999
NDWFS_J142801.7+353122,NDWFSJ1428p3531,1.0,6757.999648465764,4420.999872725235,217.0072312,35.522971299999995
NDWFS_J142753.0+353132,NDWFSJ1428p3531,1.0,7168.999445895257,4461.9995097511965,216.9710216,35.52559879999999
NDWFS_J142819.0+353233,NDWFSJ1428p3531,1.0,5933.000074186964,4683.000368660629,217.0796281,35.542324
NDWFS_J142743.9+353245,NDWFSJ1428p3531,1.0,7595.999493904679,4752.999685761184,216.9331661,35.5461076
NDWFS_J142811.6+353444,NDWFSJ1428p3531,-999.0,6283.999815661427,5197.00010404456,217.0482941,35.57889209999999
NDWFS_J142951.0+351503,NDWFSJ1428p3531,1.0,1605.0002793130543,584.000536229898,217.4626713,35.25105989999999
NDWFS_J142959.1+351731,NDWFSJ1428p3531,1.0,1216.9999742775208,1154.0003718789849,217.4964551,35.29204829999999
NDWFS_J142931.9+351748,NDWFSJ1428p3531,1.0,2508.999942760024,1225.9994352049398,217.3830013,35.296661099999994
NDWFS_J143006.0+351959,NDWFSJ1428p3531,1.0,884.9998025918894,1722.999723830546,217.5253546,35.3329348
NDWFS_J143003.1+352036,NDWFSJ1428p3531,1.0,1032.9999721712977,1871.00003569191,217.5122908,35.34348339999999
NDWFS_J142930.3+352121,NDWFSJ1428p3531,1.0,2578.000083138648,2055.000001332177,217.376481,35.35601710000001
NDWFS_J142941.0+352256,NDWFSJ1428p3531,1.0,2069.000006455025,2419.9997321419087,217.421006,35.38239469999999
NDWFS_J142934.9+352536,NDWFSJ1428p3531,1.0,2350.000347928681,3036.000363912086,217.3959785,35.4263966
NDWFS_J142934.9+352240,NDWFSJ1428p3531,1.0,2357.0003938981063,2357.999343787731,217.3957311,35.37782489999999
NDWFS_J143013.3+352456,NDWFSJ1428p3531,1.0,533.9995962640269,2873.0002255279524,217.5557174,35.41544129999998
NDWFS_J142935.1+352505,NDWFSJ1428p3531,1.0,2343.999711674234,2921.999433768162,217.3965679,35.418232999999994
NDWFS_J142847.1+351621,NDWFSJ1428p3531,1.0,4635.999488082356,907.0002937195786,217.1965171,35.27268059999998
NDWFS_J142918.3+351627,NDWFSJ1428p3531,1.0,3152.999674956068,918.0000282332912,217.3266535,35.27428489999999
NDWFS_J142917.6+351719,NDWFSJ1428p3531,1.0,3184.999437197819,1119.0002951271854,217.3237238,35.288668299999976
NDWFS_J142911.8+351721,NDWFSJ1428p3531,1.0,3464.0002164699217,1131.0004151324938,217.2992271,35.289384399999996
NDWFS_J142828.7+352050,NDWFSJ1428p3531,1.0,5506.000004822736,1954.999734398916,217.119355,35.34720990000001
NDWFS_J142850.3+352421,NDWFSJ1428p3531,1.0,4471.000481781384,2766.000125564764,217.2096908,35.405947599999976
NDWFS_J142825.3+352241,NDWFSJ1428p3531,1.0,5655.999814796767,2388.000458773188,217.1058374,35.378127699999986
NDWFS_J142828.0+352440,NDWFSJ1428p3531,1.0,5526.999474358387,2850.000172874983,217.1168097,35.41130619999999
NDWFS_J142817.8+351819,NDWFSJ1428p3531,1.0,6024.00000307811,1373.9994376422728,217.0743361,35.30524369999999
NDWFS_J142821.4+351918,NDWFSJ1428p3531,1.0,5846.000543024753,1599.9997718248887,217.0897794,35.32155409999999
NDWFS_J142800.8+351955,NDWFSJ1428p3531,1.0,6825.000434265972,1755.9995881518098,217.0036867,35.332037099999994
NDWFS_J142759.3+352102,NDWFSJ1428p3531,1.0,6892.000497738703,2016.999361950373,216.9975723,35.35068309999999
NDWFS_J142824.4+352412,NDWFSJ1428p3531,1.0,5696.999595424815,2740.9997287452625,217.101954,35.40338590000001
NDWFS_J142759.8+352212,NDWFSJ1428p3531,1.0,6871.000546241803,2292.999639584385,216.9991725,35.370468499999994
NDWFS_J142801.9+352416,NDWFSJ1428p3531,1.0,6763.9996462018735,2767.999750155299,217.0081558,35.40457109999999
NDWFS_J142746.8+352322,NDWFSJ1428p3531,1.0,7483.999932297884,2566.00008310472,216.9450676,35.38955629999999
NDWFS_J143023.7+353543,NDWFSJ1431p3531,1.0,7986.999445799401,5377.000251628098,217.5991939,35.5954004
NDWFS_J143019.6+352043,NDWFSJ1428p3531,1.0,239.99997836601776,1896.00067381822,217.5819377,35.34554789999999
NDWFS_J143018.7+352354,NDWFSJ1428p3531,1.0,281.0001512155713,2634.0003165128146,217.5780521,35.398403900000005
NDWFS_J142836.1+353405,NDWFSJ1428p3531,0.0,5124.00039323264,5035.000563766036,217.1505839,35.5680695
NDWFS_J142722.7+354807,NDWFSJ1428p3531,0.0,8553.999941337017,8336.999455566965,216.8451775,35.80196559999999
NDWFS_J142754.1+351611,NDWFSJ1428p3531,0.0,7153.999778884501,891.0000345726748,216.9755807,35.269829399999985
NDWFS_J142900.9+352712,NDWFSJ1428p3531,0.0,3959.999672939743,3428.999450914024,217.254165,35.45373219999998
NDWFS_J142843.4+352027,NDWFSJ1428p3531,0.0,4806.000082941562,1862.0002151034969,217.1809045,35.3409904
NDWFS_J142917.5+352614,NDWFSJ1428p3531,0.0,3178.999790098351,3196.9996378908527,217.3229938,35.43753019999998
NDWFS_J143003.1+352353,NDWFSJ1428p3531,0.0,1017.9996355530257,2635.000687514843,217.5132716,35.398220299999984
NDWFS_J142817.9+354652,NDWFSJ1428p3531,0.0,5957.000486246423,8019.999663780651,217.0747743,35.781286999999985
NDWFS_J142853.8+353218,NDWFSJ1428p3531,0.0,4288.999559372576,4613.9998416257295,217.2244114,35.53842360000001
NDWFS_J142934.8+353122,NDWFSJ1428p3531,0.0,2349.9997499329465,4383.999825691502,217.3952462,35.52295540000001
NDWFS_J142833.5+353036,NDWFSJ1428p3531,0.0,5252.999624986243,4228.999380038913,217.1398404,35.5102584
NDWFS_J142947.2+353425,NDWFSJ1428p3531,0.0,1760.9994740317024,5087.999314388573,217.4467423,35.573639299999996
NDWFS_J142912.0+351857,NDWFSJ1428p3531,0.0,3451.9999603631186,1502.9996297375365,217.3000481,35.31604000000001
NDWFS_J142928.6+351924,NDWFSJ1428p3531,0.0,2662.0001183253253,1598.999439412757,217.3693595,35.323310799999994
NDWFS_J142859.5+353203,NDWFSJ1428p3531,0.0,4022.000345944183,4556.000446203114,217.2479562,35.5344222
NDWFS_J143008.4+354837,NDWFSJ1428p3531,0.0,742.0002170236867,8390.999981150435,217.5351004,35.810596100000005
NDWFS_J142854.5+352549,NDWFSJ1428p3531,0.0,4269.000334308141,3102.999513830373,217.2272138,35.43020519999999
NDWFS_J142917.5+352936,NDWFSJ1428p3531,0.0,3171.9995675086884,3978.999588050341,217.3231357,35.4935489
NDWFS_J142915.4+353110,NDWFSJ1428p3531,0.0,3267.999803017915,4342.000188078178,217.3144657,35.519500899999976
NDWFS_J143017.3+352430,NDWFSJ1428p3531,0.0,343.99960308781374,2774.999855449736,217.5724596,35.4084842
NDWFS_J142731.5+354542,NDWFSJ1428p3531,0.0,8148.00032531937,7766.999376796088,216.8815934,35.76149639999999
NDWFS_J142810.7+352718,NDWFSJ1428p3531,0.0,6341.000356012652,3468.999925479624,217.0447388,35.4550874
NDWFS_J143013.7+351437,NDWFSJ1428p3531,0.0,526.9998111349887,477.00023984154,217.5572988,35.24379379999998
NDWFS_J142938.0+354644,NDWFSJ1428p3531,0.0,2176.999549410929,7958.999330332037,217.4085714,35.7790799
NDWFS_J142831.8+351511,NDWFSJ1428p3531,0.0,5364.00047800366,644.000333501679,217.1328354,35.253388399999984
NDWFS_J142735.8+352741,NDWFSJ1428p3531,0.0,7994.000068017196,3578.0004676995923,216.8992731,35.46163339999998
NDWFS_J142934.1+351823,NDWFSJ1428p3531,0.0,2403.999910919488,1362.9996673726291,217.3921441,35.30652399999999
NDWFS_J142755.4+351358,NDWFSJ1428p3531,0.0,7097.000043320168,375.0001267622047,216.9810461,35.232909199999995
NDWFS_J142918.8+353427,NDWFSJ1428p3531,0.0,3104.0004983943227,5104.999400146222,217.3284418,35.574235399999985
NDWFS_J143014.4+354425,NDWFSJ1428p3531,0.0,463.0000417326992,7407.999888320588,217.5601421,35.7402953
NDWFS_J142751.4+354550,NDWFSJ1428p3531,0.0,7209.999649125999,7791.999768704896,216.9643604,35.76404099999999
NDWFS_J142901.2+352022,NDWFSJ1428p3531,0.0,3960.99979068824,1834.999532032145,217.2551364,35.339548699999995
NDWFS_J142920.2+354629,NDWFSJ1428p3531,0.0,2984.0003246209044,7918.000319213501,217.3373392,35.775759900000004
NDWFS_J142748.9+352838,NDWFSJ1428p3531,0.0,7368.999511452512,3791.0001311359374,216.9540403,35.4773865
NDWFS_J143002.6+351722,NDWFSJ1428p3531,0.0,1049.9994403675228,1119.0004727345404,217.5111305,35.2896036
NDWFS_J142956.7+353017,NDWFSJ1428p3531,0.0,1319.0004128124256,4124.0001482927255,217.4861231,35.5047684
NDWFS_J142756.2+353014,NDWFSJ1428p3531,0.0,7020.99990693952,4162.000556809853,216.9843173,35.5042249
NDWFS_J143004.0+354139,NDWFSJ1428p3531,0.0,953.9997482032986,6770.000061185525,217.5170865,35.69442849999999
NDWFS_J142924.3+353525,NDWFSJ1428p3531,0.0,2840.999506901212,5329.999732525452,217.3514756,35.590481799999985
NDWFS_J142722.1+352920,NDWFSJ1428p3531,0.0,8637.999569393725,3965.0003342044974,216.8422449,35.488811899999995
NDWFS_J143023.2+353053,NDWFSJ1428p3531,0.0,59.00012809918008,4260.999963112132,217.5969654,35.515023199999995
NDWFS_J142725.4+353126,NDWFSJ1428p3531,0.0,8476.99963133614,4455.999590860552,216.8559117,35.52411399999999
NDWFS_J142839.4+353952,NDWFSJ1428p3531,0.0,4954.0001630649695,6382.999454931334,217.1645523,35.66471969999999
NDWFS_J142736.2+353736,NDWFSJ1428p3531,0.0,7958.000385023064,5881.999651199032,216.9002007,35.626670499999996
NDWFS_J142826.0+352041,NDWFSJ1428p3531,0.0,5627.999911430596,1923.0003411628784,217.1086651,35.344837399999996
NDWFS_J143017.9+352838,NDWFSJ1428p3531,0.0,315.00011251796786,3737.9999224989406,217.5746351,35.477478099999985
NDWFS_J142922.8+353019,NDWFSJ1428p3531,0.0,2921.000352917696,4142.000616493733,217.3451261,35.505350199999995
NDWFS_J142914.1+354043,NDWFSJ1428p3531,0.0,3317.999571143094,6569.000072488521,217.3086867,35.67897959999999
NDWFS_J143008.3+351620,NDWFSJ1428p3531,0.0,783.0004479032004,877.9995163243693,217.5346698,35.272434399999995
NDWFS_J142804.2+354915,NDWFSJ1428p3531,0.0,6597.999618100019,8579.000512822498,217.0176933,35.82085639999999
NDWFS_J142954.7+353236,NDWFSJ1428p3531,0.0,1408.9999631973806,4665.99940167175,217.4779464,35.5435562
NDWFS_J142752.6+351958,NDWFSJ1428p3531,0.0,7218.000190800336,1774.000424083546,216.9691619,35.33303169999999
NDWFS_J143020.1+353217,NDWFSJ1428p3531,0.0,204.99994185907508,4583.999354963453,217.5839913,35.53811389999999
NDWFS_J142900.2+353333,NDWFSJ1428p3531,0.0,3987.0003035652953,4902.000670024281,217.2508059,35.5592242
NDWFS_J142953.8+354025,NDWFSJ1428p3531,0.0,1442.0003051540762,6483.000080733291,217.4741763,35.67368540000001
NDWFS_J142833.0+352837,NDWFSJ1428p3531,0.0,5280.999680777642,3764.9999083082366,217.137732,35.477005999999996
NDWFS_J142936.5+351725,NDWFSJ1428p3531,0.0,2286.000136106229,1137.000614939423,217.4026252,35.290386899999994
NDWFS_J142846.3+352703,NDWFSJ1428p3531,0.0,4653.000198680937,3395.0002175511363,217.1932425,35.450894699999985
NDWFS_J142858.9+354258,NDWFSJ1428p3531,0.0,4028.999663301145,7095.000289565603,217.2456301,35.7162627
NDWFS_J142748.2+352328,NDWFSJ1428p3531,0.0,7413.000485012921,2588.999726286289,216.9512848,35.39125899999999
NDWFS_J142809.0+352052,NDWFSJ1428p3531,0.0,6438.000296083184,1973.9996176503137,217.0374834,35.347933499999996
NDWFS_J142858.2+352550,NDWFSJ1428p3531,0.0,4093.99970741783,3105.999924746986,217.2425982,35.43052019999999
NDWFS_J142913.7+354534,NDWFSJ1428p3531,0.0,3325.9999517886945,7693.999415670998,217.3072823,35.75954320000001
NDWFS_J142735.3+352054,NDWFSJ1428p3531,0.0,8031.999692482646,2001.0004477907223,216.8974671,35.34864949999999
NDWFS_J142945.6+352455,NDWFSJ1428p3531,0.0,1844.0004393818872,2883.999444336463,217.4405446,35.4157302
NDWFS_J142850.9+352714,NDWFSJ1428p3531,0.0,4435.999626716906,3436.999520756432,217.2122967,35.454032299999994
NDWFS_J142829.8+353445,NDWFSJ1428p3531,0.0,5419.000128171612,5193.999822064972,217.124481,35.5792671
NDWFS_J142829.2+355027,NDWFSJ1428p3531,0.0,5415.000322585227,8849.999529830871,217.1219784,35.84108699999998
NDWFS_J142858.9+353544,NDWFSJ1428p3531,0.0,4040.999670576424,5412.000058494017,217.2457072,35.5957216
NDWFS_J142931.4+353150,NDWFSJ1428p3531,0.0,2512.000062204571,4494.999659781137,217.3809243,35.530831299999996
NDWFS_J142913.0+353606,NDWFSJ1428p3531,0.0,3376.999711314218,5490.999951356494,217.3041561,35.601741700000005
NDWFS_J142853.2+351347,NDWFSJ1428p3531,0.0,4350.000534522502,308.0006002432565,217.2220291,35.22993710000001
NDWFS_J142920.4+351526,NDWFSJ1428p3531,0.0,3058.000005220898,681.000049745544,217.3351315,35.25735369999999
NDWFS_J142812.0+354440,NDWFSJ1428p3531,0.0,6238.000033245942,7510.999977000683,217.0503951,35.74464089999998
NDWFS_J142851.8+354509,NDWFSJ1428p3531,0.0,4360.999592601451,7606.000051854884,217.2159809,35.752664999999986
NDWFS_J142951.0+354223,NDWFSJ1428p3531,0.0,1568.9999488297362,6943.999779746588,217.4627522,35.70665069999999
NDWFS_J142852.4+354356,NDWFSJ1428p3531,0.0,4333.999521006046,7323.000609938943,217.2185618,35.7324145
NDWFS_J143013.1+352653,NDWFSJ1428p3531,0.0,542.0000993162412,3330.999498574676,217.5548284,35.4482475
NDWFS_J143002.3+354546,NDWFSJ1428p3531,0.0,1029.0000987555077,7726.000422705623,217.5100447,35.76286740000001
NDWFS_J142940.7+353120,NDWFSJ1428p3531,0.0,2072.000415240578,4374.999497370125,217.4197221,35.52243519999999
NDWFS_J142938.6+354425,NDWFSJ1428p3531,0.0,2152.000310715167,7419.999829876771,217.4110655,35.74049079999998
NDWFS_J142742.8+352044,NDWFSJ1428p3531,0.0,7676.999568854824,1955.9996695419304,216.9286865,35.3457114
NDWFS_J142823.0+354952,NDWFSJ1428p3531,0.0,5709.999959921302,8716.000306305166,217.0960216,35.83129449999999
NDWFS_J142731.2+351505,NDWFSJ1428p3531,0.0,8242.000477849906,649.9998982815341,216.8803585,35.25170529999999
NDWFS_J142957.7+352109,NDWFSJ1428p3531,0.0,1278.0000424736554,1996.999937941997,217.4907125,35.352417299999985
NDWFS_J142902.7+354000,NDWFSJ1428p3531,0.0,3854.000244745682,6404.000461297466,217.2615267,35.66687389999999
NDWFS_J142926.6+352750,NDWFSJ1428p3531,0.0,2740.9996226387457,3564.0001342199685,217.3612985,35.4640356
NDWFS_J142850.1+353028,NDWFSJ1428p3531,0.0,4469.999612663623,4190.999391595498,217.2087752,35.50801969999999
NDWFS_J142911.9+353835,NDWFSJ1428p3531,0.0,3423.9999188632373,6069.999706754628,217.2996519,35.643185900000006
NDWFS_J142930.5+352707,NDWFSJ1428p3531,0.0,2559.000273488071,3396.00043874682,217.3774015,35.4520879
NDWFS_J143222.8+324944,NDWFSJ1431p3236,1.0,2025.0000412667807,7344.000511437796,218.0952482,32.828971599999996
NDWFS_J143248.2+322512,NDWFSJ1431p3236,1.0,776.0003462800983,1637.999995534792,218.200891,32.420280899999995
NDWFS_J143253.3+322926,NDWFSJ1431p3236,1.0,524.0000505796352,2622.000323366592,218.2224372,32.49069730000001
NDWFS_J143248.8+322737,NDWFSJ1431p3236,1.0,747.9994930699881,2200.999766723264,218.2033513,32.46058409999998
NDWFS_J143135.7+322346,NDWFSJ1431p3236,1.0,4334.000337343742,1301.0003177895742,217.8990141,32.3962174
NDWFS_J143019.1+323126,NDWFSJ1431p3236,1.0,8089.000259310041,3098.0004524859323,217.5798179,32.52415419999999
NDWFS_J143138.5+322735,NDWFSJ1431p3236,0.0,4194.000219171931,2189.999601740612,217.9108066,32.45987349999998
NDWFS_J143147.2+323212,NDWFSJ1431p3236,0.0,3767.999769790437,3263.0001808151646,217.9469024,32.53672459999999
NDWFS_J143020.5+321937,NDWFSJ1431p3236,0.0,8031.000262896664,345.000285821905,217.5857523,32.3270856
NDWFS_J143033.8+324205,NDWFSJ1431p3236,0.0,7361.000356225087,5571.00003989763,217.6408733,32.701433899999984
NDWFS_J143240.3+325334,NDWFSJ1431p3236,0.0,1173.000134282816,8240.000379639838,218.1679981,32.8930831
NDWFS_J143025.1+323819,NDWFSJ1431p3236,0.0,7789.000058568754,4697.000403782942,217.6047443,32.63873239999999
NDWFS_J143217.4+324638,NDWFSJ1431p3236,0.0,2288.9997416785022,6622.000140818338,218.0727099,32.77727339999999
NDWFS_J143207.8+323741,NDWFSJ1431p3236,0.0,2755.9998997246544,4542.000172335054,218.0329015,32.62832889999998
NDWFS_J143102.0+325037,NDWFSJ1431p3236,0.0,5978.000531742432,7547.999852996989,217.7581702,32.84332199999999
NDWFS_J143205.2+324913,NDWFSJ1431p3236,0.0,2886.000124371668,7221.999332964111,218.0218392,32.82025409999999
NDWFS_J143215.2+323336,NDWFSJ1431p3236,0.0,2394.0001854481498,3589.999981103945,218.0636617,32.5601553
NDWFS_J143300.3+324438,NDWFSJ1431p3236,0.0,189.99974717137133,6161.999990414111,218.2514744,32.74413359999999
NDWFS_J143013.1+323013,NDWFSJ1431p3236,0.0,8381.999446787637,2813.000591427626,217.5550384,32.50365939999998
NDWFS_J143106.0+325019,NDWFSJ1431p3236,0.0,5777.999481183679,7481.999879891784,217.7752387,32.83862989999997
NDWFS_J143031.4+325243,NDWFSJ1431p3236,0.0,7468.999447357672,8044.999974086899,217.6308658,32.878584799999985
NDWFS_J143144.0+325432,NDWFSJ1431p3236,0.0,3920.99951474834,8463.000242988015,217.9335099,32.90910579999999
NDWFS_J143155.1+325523,NDWFSJ1431p3236,0.0,3379.000254456687,8658.000086451008,217.9797571,32.92309759999998
NDWFS_J143013.9+325219,NDWFSJ1431p3236,0.0,8321.000449922201,7959.999553055874,217.5582184,32.87224869999997
NDWFS_J143219.9+325324,NDWFSJ1431p3236,0.0,2163.9995019368507,8199.000626583947,218.0834398,32.89021509999998
NDWFS_J143050.9+321832,NDWFSJ1431p3236,0.0,6540.000442665023,86.00056032205612,217.712196,32.308919599999996
NDWFS_J143114.8+325209,NDWFSJ1431p3236,0.0,5346.000215109314,7908.999552677407,217.811999,32.86927979999998
NDWFS_J143056.8+322704,NDWFSJ1431p3236,0.0,6244.999608271503,2073.999725462876,217.7367197,32.45129339999998
NDWFS_J143205.8+325613,NDWFSJ1431p3236,0.0,2857.0000915997925,8847.0000362904,218.0243122,32.936642799999994
NDWFS_J143240.8+322959,NDWFSJ1431p3236,0.0,1137.0001226184563,2748.999378246408,218.1703946,32.49986109999999
NDWFS_J143234.7+322305,NDWFSJ1431p3236,0.0,1436.999618546734,1143.000275631799,218.1447526,32.38491009999999
NDWFS_J143247.9+324112,NDWFSJ1431p3236,0.0,794.9995471822408,5358.999306530302,218.1998252,32.686710999999995
NDWFS_J143229.0+323841,NDWFSJ1431p3236,0.0,1719.0005643308953,4770.999474203145,218.1211279,32.64468979999998
NDWFS_J143151.6+323820,NDWFSJ1431p3236,0.0,3553.000538769709,4691.000274487462,217.9651008,32.63898509999998
NDWFS_J143128.6+322453,NDWFSJ1431p3236,0.0,4682.000533344097,1564.0006456628837,217.8694593,32.415012999999995
NDWFS_J143153.2+324935,NDWFSJ1431p3236,0.0,3472.9998863853107,7310.999668414755,217.9717926,32.82661759999998
NDWFS_J143132.9+325342,NDWFSJ1431p3236,0.0,4460.99976041496,8268.999322963213,217.8874484,32.89516889999997
NDWFS_J143212.0+322640,NDWFSJ1431p3236,0.0,2555.999902845008,1974.9994206611664,218.0498577,32.4445286
NDWFS_J143120.0+323216,NDWFSJ1431p3236,0.0,5101.000409971146,3281.0000225878466,217.8336354,32.53789369999998
NDWFS_J143015.6+322524,NDWFSJ1431p3236,0.0,8268.000353398233,1692.9995177551973,217.5651495,32.42351140000001
NDWFS_J143213.2+322035,NDWFSJ1431p3236,0.0,2495.000510963368,559.9998028590999,218.0549984,32.34322899999997
NDWFS_J143139.3+323817,NDWFSJ1431p3236,0.0,4154.000450266132,4679.999371609356,217.9139741,32.63816319999999
NDWFS_J143138.4+324449,NDWFSJ1431p3236,0.0,4198.000248848109,6203.000254116087,217.9100862,32.747224299999985
NDWFS_J143122.5+324730,NDWFSJ1431p3236,0.0,4968.999892042473,6833.000317341965,217.844319,32.79226629999998
NDWFS_J143223.0+325330,NDWFSJ1431p3236,0.0,2017.000514260668,8220.999787160767,218.0959833,32.89178419999998
NDWFS_J143130.5+324417,NDWFSJ1431p3236,0.0,4581.9998741522295,6077.999411737506,217.877393,32.73823860000001
NDWFS_J143040.4+323311,NDWFSJ1431p3236,0.0,7043.999943973457,3499.999920561837,217.6684755,32.55321769999998
NDWFS_J143135.1+322141,NDWFSJ1431p3236,0.0,4366.000112492104,815.0001372106708,217.8963512,32.361423099999996
NDWFS_J143109.9+323441,NDWFSJ1431p3236,0.0,5594.999810021885,3844.999580959229,217.7915509,32.578206699999996
NDWFS_J143230.9+324252,NDWFSJ1431p3236,0.0,1625.9997380103116,5745.000682373546,218.1291259,32.714432299999984
NDWFS_J143144.3+324630,NDWFSJ1431p3236,0.0,3907.999906191694,6589.999348080084,217.9347592,32.77495959999999
NDWFS_J143110.1+322605,NDWFSJ1431p3236,0.0,5589.000082927634,1843.999538773558,217.7924478,32.4349412
NDWFS_J143143.6+324824,NDWFSJ1431p3236,0.0,3941.999930758861,7035.000614980156,217.9318279,32.80682769999998
NDWFS_J143129.9+325028,NDWFSJ1431p3236,0.0,4611.999930706277,7518.000177495149,217.8746581,32.8413655
NDWFS_J143259.4+322723,NDWFSJ1431p3236,0.0,224.00023200724672,2146.9999364692594,218.2478253,32.45664710000001
NDWFS_J143140.8+324847,NDWFSJ1431p3236,0.0,4075.99972666912,7123.999800861617,217.9203983,32.81319289999999
NDWFS_J143301.0+322158,NDWFSJ1431p3236,0.0,144.00058476918548,884.0003855884388,218.2543734,32.366216900000005
NDWFS_J143026.5+323622,NDWFSJ1431p3236,0.0,7718.999854217308,4242.999901579453,217.6108558,32.60624339999999
NDWFS_J143216.1+323446,NDWFSJ1431p3236,0.0,2351.999487467992,3861.000127774773,218.0672413,32.57955849999998
NDWFS_J143033.8+323535,NDWFSJ1431p3236,0.0,7366.999727485283,4061.000614325563,217.6408465,32.593305999999984
NDWFS_J143115.5+324001,NDWFSJ1431p3236,0.0,5321.999809958637,5083.000066982957,217.8145421,32.6668958
NDWFS_J143100.4+322047,NDWFSJ1431p3236,0.0,6072.000440414222,610.9998159611278,217.7517366,32.3465917
NDWFS_J143020.0+322010,NDWFSJ1431p3236,0.0,8054.999420379408,475.0005426263269,217.5836705,32.336384199999976
NDWFS_J143211.3+321947,NDWFSJ1431p3236,0.0,2586.000389982548,371.99943924904073,218.0472799,32.32977279999999
NDWFS_J143130.0+324354,NDWFSJ1431p3236,0.0,4609.0002034459885,5988.000590241314,217.8751046,32.731790699999976
NDWFS_J143041.9+323127,NDWFSJ1431p3236,0.0,6970.000468918474,3097.0004571427817,217.6748817,32.52438079999999
NDWFS_J143047.6+322328,NDWFSJ1431p3236,0.0,6694.000045503019,1236.0000807664,217.6988344,32.39120869999997
NDWFS_J143145.6+324823,NDWFSJ1431p3236,0.0,3845.999619679375,7031.999806113268,217.940011,32.80661849999999
NDWFS_J143110.7+324537,NDWFSJ1431p3236,0.0,5552.000024572175,6390.999959098688,217.7947189,32.76053099999998
NDWFS_J143110.5+324632,NDWFSJ1431p3236,0.0,5562.999652948609,6605.000498635636,217.7937406,32.7758552
NDWFS_J143205.1+324546,NDWFSJ1431p3236,0.0,2890.999452277128,6421.000427865798,218.0214146,32.7628879
NDWFS_J143151.0+323027,NDWFSJ1431p3236,0.0,3580.999900771,2857.0002579818465,217.9628124,32.50766399999998
NDWFS_J143200.4+323536,NDWFSJ1431p3236,0.0,3120.0003038799346,4054.000556063733,218.0019483,32.5933837
NDWFS_J143128.4+325551,NDWFSJ1431p3236,0.0,4679.999533726036,8768.000475091172,217.8686971,32.9308885
NDWFS_J143046.1+323742,NDWFSJ1431p3236,0.0,6758.99961962946,4548.00057541834,217.6924057,32.628323699999996
NDWFS_J143252.8+325147,NDWFSJ1431p3236,0.0,563.0005426498692,7823.999400404049,218.2199771,32.86321719999998
NDWFS_J143147.7+322408,NDWFSJ1431p3236,0.0,3744.0003841526695,1385.9999753202028,217.9490588,32.40234189999999
NDWFS_J143155.2+323114,NDWFSJ1431p3236,0.0,3375.999602798297,3035.999556768548,217.9802188,32.52048729999999
NDWFS_J143046.0+323408,NDWFSJ1431p3236,0.0,6766.999696089877,3720.999349725677,217.6919547,32.569105499999985
NDWFS_J143139.9+323759,NDWFSJ1431p3236,0.0,4125.999911704622,4610.000440689764,217.9163624,32.6331528
NDWFS_J143136.0+322915,NDWFSJ1431p3236,0.0,4315.000038794571,2575.999647304466,217.9004948,32.487499699999994
NDWFS_J143124.0+324709,NDWFSJ1431p3236,0.0,4902.000377545586,6741.000678434251,217.8500423,32.78568549999999
NDWFS_J143240.4+323249,NDWFSJ1431p3236,0.0,1160.9998006829005,3406.9999603498254,218.1684357,32.54697569999998
NDWFS_J143112.2+324307,NDWFSJ1431p3236,0.0,5478.000335445164,5805.999659235989,217.8011321,32.71864789999999
NDWFS_J143226.9+322650,NDWFSJ1431p3236,0.0,1822.0002930186736,2017.0001073051133,218.1121615,32.447507399999985
NDWFS_J143233.2+322431,NDWFSJ1431p3236,0.0,1510.999970323246,1474.9998303632856,218.1385077,32.408683499999995
NDWFS_J143251.2+324158,NDWFSJ1431p3236,0.0,634.0005764408843,5540.999572306337,218.213558,32.69972439999999
NDWFS_J143143.9+323549,NDWFSJ1431p3236,0.0,3927.999451421908,4104.999824954841,217.9332436,32.59700489999998
NDWFS_J143041.7+321827,NDWFSJ1431p3236,0.0,6988.9998168456905,67.99965161789441,217.6741521,32.30753189999999
NDWFS_J143016.8+325236,NDWFSJ1431p3236,0.0,8182.000532757437,8024.000582953668,217.5700506,32.876875899999995
NDWFS_J143222.5+323419,NDWFSJ1431p3236,0.0,2038.0003007923176,3755.99935468498,218.0939289,32.5720281
NDWFS_J143016.3+324639,NDWFSJ1431p3236,0.0,8211.999910117214,6638.999850839446,217.5680209,32.77767519999999
NDWFS_J143207.5+323522,NDWFSJ1431p3236,0.0,2773.9997223770392,4001.00016038214,218.031367,32.589590299999976
NDWFS_J143232.1+323848,NDWFSJ1431p3236,0.0,1569.0004247453796,4798.000441746535,218.1338919,32.64661279999998
NDWFS_J143044.9+324738,NDWFSJ1431p3236,0.0,6811.000425120646,6863.000001057026,217.6873313,32.79409299999998
NDWFS_J143031.3+322821,NDWFSJ1431p3236,0.0,7491.999690730819,2375.999361425722,217.6307722,32.47262999999999
NDWFS_J143203.4+322511,NDWFSJ1431p3236,0.0,2972.999459019013,1630.0002228827689,218.0144661,32.41983169999999
NDWFS_J143058.1+323850,NDWFSJ1431p3236,0.0,6173.999969664355,4812.000331086783,217.7421028,32.64734879999999
NDWFS_J143136.0+323857,NDWFSJ1431p3236,0.0,4316.9996247216095,4836.000400520992,217.9000916,32.64932129999998
NDWFS_J143023.5+323255,NDWFSJ1431p3236,0.0,7870.999593210158,3439.9998923004314,217.5982162,32.54870449999997
NDWFS_J143239.2+325442,NDWFSJ1431p3236,0.0,1226.0004878627046,8501.999402870086,218.1635066,32.911853899999976
NDWFS_J143052.4+324532,NDWFSJ1431p3236,0.0,6447.000549122197,6371.999933096929,217.7184782,32.75900849999997
NDWFS_J143157.5+323752,NDWFSJ1431p3236,0.0,3260.999456333736,4581.000613862492,217.9899448,32.63111739999998
NDWFS_J143016.1+322431,NDWFSJ1431p3236,0.0,8244.000169354003,1485.0004117549615,217.5672652,32.408628399999984
NDWFS_J143129.9+324028,NDWFSJ1431p3236,0.0,4613.0001712653,5187.999620725896,217.8748637,32.674500499999986
NDWFS_J143252.0+324652,NDWFSJ1431p3236,0.0,595.0003452414844,6681.000645002623,218.2170625,32.781359999999985
NDWFS_J143049.2+323535,NDWFSJ1431p3236,0.0,6608.999443696834,4059.0000632933807,217.7052947,32.59334179999996
NDWFS_J143127.2+322059,NDWFSJ1431p3236,0.0,4754.999727773944,655.999796557302,217.8633869,32.35000349999998
NDWFS_J143112.4+325216,NDWFSJ1431p3236,0.0,5466.000457066029,7936.000260901117,217.801758,32.87119599999998
NDWFS_J143155.2+324325,NDWFSJ1431p3236,0.0,3375.0001474850765,5876.000037299535,217.9802003,32.7238501
NDWFS_J143026.7+323551,NDWFSJ1431p3236,0.0,7714.000459520648,4123.000093797858,217.6113223,32.597652399999994
NDWFS_J143201.3+324524,NDWFSJ1431p3236,0.0,3072.999812447644,6332.000325403402,218.0059105,32.75651279999998
NDWFS_J143235.4+325555,NDWFSJ1431p3236,0.0,1411.999893173034,8786.000668476529,218.1476624,32.932212499999984
NDWFS_J143143.0+324901,NDWFSJ1431p3236,0.0,3969.9999756007846,7177.000518338315,217.92943,32.81699590000001
NDWFS_J143052.9+323543,NDWFSJ1431p3236,0.0,6427.000516734492,4088.000090138099,217.7207616,32.59545640000001
NDWFS_J143226.4+324850,NDWFSJ1431p3236,0.0,1848.9999607553584,7133.999860110849,218.1102388,32.81392189999999
NDWFS_J143111.1+324500,NDWFSJ1431p3236,0.0,5530.999899176175,6244.000201655075,217.7965359,32.7500068
NDWFS_J143115.3+323304,NDWFSJ1431p3236,0.0,5330.999585949622,3468.0005123943047,217.8140596,32.55125209999999
NDWFS_J143209.7+323609,NDWFSJ1431p3236,0.0,2663.0001614836046,4181.99948841448,218.040807,32.60254979999997
NDWFS_J143104.1+322120,NDWFSJ1431p3236,0.0,5889.00047547551,738.9997865854202,217.767224,32.35578689999999
NDWFS_J143220.2+323339,NDWFSJ1431p3236,0.0,2150.999513652323,3602.9996827816976,218.0843157,32.56107789999998
NDWFS_J143017.3+325300,NDWFSJ1431p3236,0.0,8159.999757094369,8111.999621015992,217.571894,32.88318529999997
NDWFS_J143228.2+324208,NDWFSJ1431p3236,0.0,1762.9995710811563,5574.000056975874,218.1174475,32.70219569999999
NDWFS_J143032.5+324526,NDWFSJ1431p3236,0.0,7418.000303285689,6350.999328374466,217.6357676,32.75727679999999
NDWFS_J143217.1+322136,NDWFSJ1431p3236,0.0,2303.000519742066,798.9999836216921,218.0712853,32.36033289999998
NDWFS_J143034.1+322425,NDWFSJ1431p3236,0.0,7359.999738169318,1459.0006107716908,217.6422714,32.40701529999998
NDWFS_J143211.6+325039,NDWFSJ1431p3236,0.0,2571.999673220521,7555.000256335734,218.0486152,32.844101499999994
NDWFS_J143134.7+324900,NDWFSJ1431p3236,0.0,4377.999634534436,7173.999957411452,217.8946491,32.8167501
NDWFS_J143220.5+323826,NDWFSJ1431p3236,0.0,2133.9997022056486,4715.000235663967,218.0858182,32.64070209999997
NDWFS_J143127.3+325306,NDWFSJ1431p3236,0.0,4738.99974124513,8128.000694953789,217.8637467,32.885041999999984
NDWFS_J143020.7+323508,NDWFSJ1431p3236,0.0,8005.999810563009,3951.999683223996,217.5865572,32.58532479999999
NDWFS_J143050.9+325520,NDWFSJ1431p3236,0.0,6513.999849263119,8654.000197747715,217.7121751,32.92243219999998
NDWFS_J143249.5+324142,NDWFSJ1431p3236,0.0,719.9996450385652,5476.000225006614,218.2062269,32.6950805
NDWFS_J143224.9+323204,NDWFSJ1431p3236,0.0,1919.9995054971937,3233.000351871524,218.1039245,32.53457459999998
NDWFS_J143254.4+324559,NDWFSJ1431p3236,0.0,478.0005488236784,6475.999685214432,218.2269974,32.76666279999997
NDWFS_J143230.9+324825,NDWFSJ1431p3236,0.0,1630.0000236372573,7041.0001288024,218.1288993,32.80724709999998
NDWFS_J143253.9+323427,NDWFSJ1431p3236,0.0,504.99997337012337,3830.000590677668,218.2242529,32.57718719999998
NDWFS_J143110.9+324035,NDWFSJ1431p3236,0.0,5545.9995448971495,5217.999659294019,217.7954544,32.67653
NDWFS_J143213.4+323327,NDWFSJ1431p3236,0.0,2485.999977658141,3554.0006375721023,218.0558414,32.5575799
NDWFS_J143242.5+322135,NDWFSJ1431p3236,0.0,1053.999735273052,794.9997579716292,218.1771938,32.359962599999996
NDWFS_J143114.0+324012,NDWFSJ1431p3236,0.0,5391.999553731803,5129.999783428531,217.8085768,32.67025139999998
NDWFS_J143105.9+324356,NDWFSJ1431p3236,0.0,5786.999979309046,5997.999684892919,217.774781,32.732348399999985
NDWFS_J143015.2+323725,NDWFSJ1431p3236,0.0,8272.000413896032,4490.000653117895,217.5637367,32.623767
NDWFS_J143243.2+325029,NDWFSJ1431p3236,0.0,1024.9996282802192,7519.000302622178,218.1805313,32.84142789999999
NDWFS_J143133.1+324730,NDWFSJ1431p3236,0.0,4452.999669805429,6827.999709817708,217.8882948,32.791963199999984
NDWFS_J143234.6+325403,NDWFSJ1431p3236,0.0,1451.0004963561398,8350.000261183894,218.1442891,32.9009868
NDWFS_J143022.0+325000,NDWFSJ1431p3236,0.0,7928.000001634508,7414.999405304698,217.5919384,32.83333540000001
NDWFS_J143128.0+323832,NDWFSJ1431p3236,0.0,4704.999486089807,4738.000298282041,217.867093,32.64226699999998
NDWFS_J143221.5+324249,NDWFSJ1431p3236,0.0,2085.999552372162,5736.000197295005,218.0899582,32.7138144
NDWFS_J143205.1+324546,NDWFSJ1431p3236,0.0,2890.999452277128,6421.000427865798,218.0214146,32.7628879
NDWFS_J143206.7+324111,NDWFSJ1431p3236,0.0,2810.9994865870112,5352.999936385899,218.0282262,32.68640420000001
NDWFS_J143045.7+324901,NDWFSJ1431p3236,0.0,6788.999495835011,7190.000116037449,217.6891146,32.817517099999975
NDWFS_J143144.5+322030,NDWFSJ1431p3236,0.0,3902.999642944852,542.0004718974997,217.9356319,32.34191369999997
NDWFS_J143249.0+323706,NDWFSJ1431p3236,0.0,738.0002056346193,4405.000460305408,218.2045326,32.61838969999999
NDWFS_J143140.9+322901,NDWFSJ1431p3236,0.0,4077.000151071448,2523.9998717129274,217.9207104,32.48379479999999
NDWFS_J143213.8+322452,NDWFSJ1431p3236,0.0,2465.0002976290634,1556.0000779310394,218.0575698,32.414529799999976
NDWFS_J143109.6+321934,NDWFSJ1431p3236,0.0,5619.000127635652,324.99994788126423,217.7901978,32.326195399999996
NDWFS_J143128.7+323432,NDWFSJ1431p3236,0.0,4673.999508518316,3808.999374597337,217.8698499,32.57574869999998
NDWFS_J143242.7+325157,NDWFSJ1431p3236,0.0,1051.9995298333888,7862.999999462794,218.1782735,32.86606869999998
NDWFS_J143133.8+322808,NDWFSJ1431p3236,0.0,4427.000149477677,2315.999589279618,217.8910125,32.46887519999999
NDWFS_J143248.4+324917,NDWFSJ1431p3236,0.0,775.0004509625542,7241.0000961064,218.2018078,32.82148899999998
NDWFS_J143042.5+324633,NDWFSJ1431p3236,0.0,6928.000532457547,6608.999547386637,217.6774339,32.77587530000002
NDWFS_J143021.2+322303,NDWFSJ1431p3236,0.0,7996.000343154992,1146.999898156242,217.5884279,32.38450599999999
NDWFS_J143135.2+324031,NDWFSJ1431p3236,0.0,4354.000236467094,5202.000246429587,217.8969047,32.675527199999976
NDWFS_J143208.7+324311,NDWFSJ1431p3236,0.0,2714.0002232336674,5822.000509310979,218.0364876,32.7199899
NDWFS_J143107.8+323250,NDWFSJ1431p3236,0.0,5702.99961289747,3413.0002080894083,217.782457,32.54725759999999
NDWFS_J143114.6+322738,NDWFSJ1431p3236,0.0,5371.000273839341,2202.000505714197,217.8108854,32.46060399999999
NDWFS_J143045.8+324454,NDWFSJ1431p3236,0.0,6770.99987495802,6224.999990437846,217.6909182,32.74841119999999
NDWFS_J143153.9+323051,NDWFSJ1431p3236,0.0,3439.0000177085326,2950.000392027432,217.9748702,32.514327899999984
NDWFS_J143126.7+323247,NDWFSJ1431p3236,0.0,4771.999573400701,3398.9995278206625,217.8615747,32.54638149999999
NDWFS_J143233.5+324214,NDWFSJ1431p3236,0.0,1502.9998775067925,5598.000024200843,218.1395846,32.70389599999998
NDWFS_J143157.5+325337,NDWFSJ1431p3236,0.0,3260.0000518163606,8246.000001634064,217.989926,32.89359099999999
NDWFS_J143108.4+325139,NDWFSJ1431p3236,0.0,5659.999745468389,7795.000057025616,217.7852378,32.86106689999999
NDWFS_J143055.9+322356,NDWFSJ1431p3236,0.0,6288.000333705984,1345.0002027456285,217.7332464,32.39909549999999
NDWFS_J143241.0+323456,NDWFSJ1431p3236,0.0,1130.00027522827,3900.000644813205,218.1711307,32.58227259999998
NDWFS_J143102.6+324807,NDWFSJ1431p3236,0.0,5944.9997424068,6973.000396640313,217.7611109,32.802146699999994
NDWFS_J143229.2+322524,NDWFSJ1431p3236,0.0,1706.9997918976478,1680.000165865371,218.1218953,32.42337359999998
NDWFS_J143132.9+332924,NDWFSJ1431p3311,1.0,4496.000209547089,8586.999580088224,217.8874368,33.490283599999984
NDWFS_J143248.3+332342,NDWFSJ1431p3311,1.0,838.9999306293603,7256.999635764203,218.2014652,33.394935399999994
NDWFS_J143054.9+332329,NDWFSJ1431p3311,1.0,6344.999956585927,7210.000527875592,217.7289063,33.39134579999999
NDWFS_J143224.8+331625,NDWFSJ1431p3311,1.0,1979.999678655916,5569.000467386355,218.1034216,33.27409629999998
NDWFS_J143200.6+330746,NDWFSJ1431p3311,1.0,3158.000545511921,3549.9996136716545,218.0024952,33.12947609999999
NDWFS_J143152.3+330752,NDWFSJ1431p3311,1.0,3561.0000177789307,3575.0006214009136,217.9680129,33.13125649999999
NDWFS_J143241.9+330013,NDWFSJ1431p3311,1.0,1140.0004329658707,1798.9993386240967,218.1749349,33.00395479999999
NDWFS_J143118.4+325859,NDWFSJ1431p3311,1.0,5216.00025247359,1512.000087659515,217.8267487,32.98333319999998
NDWFS_J143140.2+325948,NDWFSJ1431p3311,1.0,4152.999704241725,1699.999678190812,217.9175273,32.99690940000001
NDWFS_J143124.6+330055,NDWFSJ1431p3311,1.0,4913.000330493425,1958.0000313562232,217.852565,33.01531839999999
NDWFS_J143038.9+330208,NDWFSJ1431p3311,1.0,7138.999686949927,2247.000312714714,217.6622769,33.035615799999995
NDWFS_J143152.9+330010,NDWFSJ1431p3311,0.0,3532.9995790035305,1781.9993777093805,217.9704891,33.00281679999997
NDWFS_J143019.6+330449,NDWFSJ1431p3311,0.0,8079.000196348215,2874.000120254892,217.5817084,33.080271599999996
NDWFS_J143158.3+333002,NDWFSJ1431p3311,0.0,3268.000212650358,8733.000623446163,217.992949,33.50081589999997
NDWFS_J143104.4+325943,NDWFSJ1431p3311,0.0,5899.000583607468,1680.999817781336,217.768375,32.995333399999986
NDWFS_J143141.3+331819,NDWFSJ1431p3311,0.0,4094.000550539723,6006.999565743708,217.9222,33.30546089999999
NDWFS_J143239.7+330008,NDWFSJ1431p3311,0.0,1249.999784350582,1776.999441146956,218.1655345,33.00238989999999
NDWFS_J143210.1+332741,NDWFSJ1431p3311,0.0,2692.999928842455,8187.000009367517,218.0423536,33.461695899999995
NDWFS_J143039.8+332524,NDWFSJ1431p3311,0.0,7075.999971755521,7658.0000260895395,217.6660347,33.42328019999998
NDWFS_J143213.4+325814,NDWFSJ1431p3311,0.0,2531.0003542105733,1331.999335420136,218.0560819,32.97059040000001
NDWFS_J143101.2+330717,NDWFSJ1431p3311,0.0,6050.999439225092,3444.000172268643,217.7549925,33.12159579999999
NDWFS_J143138.2+332455,NDWFSJ1431p3311,0.0,4241.000019721332,7542.999378713315,217.9094485,33.41550139999998
NDWFS_J143226.6+330600,NDWFSJ1431p3311,0.0,1887.9999166710213,3139.0003657680136,218.1111278,33.100004699999964
NDWFS_J143131.1+331637,NDWFSJ1431p3311,0.0,4591.000123561928,5612.999845608027,217.8796361,33.277190799999985
NDWFS_J143215.8+330829,NDWFSJ1431p3311,0.0,2413.999694165326,3719.999341914626,218.0661589,33.14164919999997
NDWFS_J143111.4+330748,NDWFSJ1431p3311,0.0,5549.999967678768,3561.9993441613224,217.7978316,33.130133599999986
NDWFS_J143209.1+330423,NDWFSJ1431p3311,0.0,2742.000028909797,2765.000055961664,218.0380793,33.07324259999999
NDWFS_J143209.5+330753,NDWFSJ1431p3311,0.0,2721.000266191107,3579.9994129410043,218.0398859,33.13162599999998
NDWFS_J143149.1+331620,NDWFSJ1431p3311,0.0,3712.999460069872,5545.000443195908,217.9548932,33.27238319999998
NDWFS_J143202.9+330822,NDWFSJ1431p3311,0.0,3041.9999178610674,3691.999664151768,218.012419,33.13964999999999
NDWFS_J143044.2+330717,NDWFSJ1431p3311,0.0,6877.000585342398,3443.999661744996,217.6843271,33.12142409999999
NDWFS_J143140.8+331048,NDWFSJ1431p3311,0.0,4118.999523394332,4255.000518301236,217.9202096,33.17994059999998
NDWFS_J143041.8+332433,NDWFSJ1431p3311,0.0,6979.000047173948,7463.999869494342,217.6744198,33.40940389999997
NDWFS_J143059.6+325450,NDWFSJ1431p3311,0.0,6133.000274223057,545.999839178483,217.7486478,32.913993899999994
NDWFS_J143216.6+332603,NDWFSJ1431p3311,0.0,2380.999969308215,7804.999482210977,218.0691386,33.43431809999999
NDWFS_J143206.1+331651,NDWFSJ1431p3311,0.0,2887.999866214861,5664.999650029527,218.0256,33.280999499999986
NDWFS_J143138.8+325432,NDWFSJ1431p3311,0.0,4221.000554556355,473.9995608822392,217.9118334,32.90908829999999
NDWFS_J143145.4+325512,NDWFSJ1431p3311,0.0,3899.000451405347,630.0005335009046,217.9393019,32.92028349999996
NDWFS_J143127.0+330006,NDWFSJ1431p3311,0.0,4794.000217046436,1768.0005619275144,217.8627588,33.00172199999998
NDWFS_J143252.6+331122,NDWFSJ1431p3311,0.0,621.9994418199999,4394.000085078855,218.2196169,33.189788199999995
NDWFS_J143059.6+325610,NDWFSJ1431p3311,0.0,6131.999665626452,853.9994787483192,217.7486621,32.93605479999998
NDWFS_J143034.3+331550,NDWFSJ1431p3311,0.0,7348.000004901834,5436.000353688241,217.6433957,33.26401379999998
NDWFS_J143127.1+332528,NDWFSJ1431p3311,0.0,4778.999474956778,7668.000072490249,217.8632448,33.42440679999998
NDWFS_J143232.1+330438,NDWFSJ1431p3311,0.0,1622.0002791819693,2822.0004035050333,218.1338498,33.07727829999998
NDWFS_J143233.8+330556,NDWFSJ1431p3311,0.0,1538.9997238370122,3127.000428828527,218.1409771,33.099120699999986
NDWFS_J143200.4+330434,NDWFSJ1431p3311,0.0,3165.999449753695,2808.999705381313,218.0018245,33.07639339999998
NDWFS_J143058.0+332931,NDWFSJ1431p3311,0.0,6190.000533627077,8617.000054111253,217.7418742,33.49218869999999
NDWFS_J143050.5+332255,NDWFSJ1431p3311,0.0,6557.000192791348,7081.999493215688,217.7107456,33.3821304
NDWFS_J143200.0+333046,NDWFSJ1431p3311,0.0,3184.9998703993074,8902.999529246066,218.0000783,33.51299849999998
NDWFS_J143100.2+331008,NDWFSJ1431p3311,0.0,6096.000452751659,4106.0006245358345,217.7509907,33.16901169999998
NDWFS_J143241.4+325444,NDWFSJ1431p3311,0.0,1166.0005104800955,519.9995185568441,218.1725538,32.91234489999999
NDWFS_J143239.8+332437,NDWFSJ1431p3311,0.0,1250.0002130843698,7470.999637334527,218.1662155,33.410313699999996
NDWFS_J143031.7+332741,NDWFSJ1431p3311,0.0,7468.999443027338,8191.999993044399,217.6321175,33.46143969999999
NDWFS_J143013.9+330321,NDWFSJ1431p3311,0.0,8355.999788268611,2533.9999153257777,217.558156,33.05583079999998
NDWFS_J143116.5+325549,NDWFSJ1431p3311,0.0,5307.000100215875,774.000268575779,217.8191029,32.93045929999999
NDWFS_J143038.4+331624,NDWFSJ1431p3311,0.0,7151.000053274201,5568.999357248298,217.6602366,33.27359249999999
NDWFS_J143115.4+331001,NDWFSJ1431p3311,0.0,5357.999802566435,4076.99969451933,217.8141685,33.16705589999997
NDWFS_J143141.5+330923,NDWFSJ1431p3311,0.0,4085.000324655076,3925.9997445066856,217.9231482,33.15637349999999
NDWFS_J143237.2+325535,NDWFSJ1431p3311,0.0,1369.999436829817,718.9994828698254,218.1551658,32.92661789999999
NDWFS_J143205.5+331423,NDWFSJ1431p3311,0.0,2918.999739445987,5089.999327087604,218.0229433,33.23980419999998
NDWFS_J143240.1+332418,NDWFSJ1431p3311,0.0,1238.000342266056,7399.000607809161,218.1672369,33.40515379999997
NDWFS_J143142.3+332645,NDWFSJ1431p3311,0.0,4041.999928930456,7967.000065868682,217.9264977,33.44589589999997
NDWFS_J143300.4+331743,NDWFSJ1431p3311,0.0,248.99948987367952,5866.999318143095,218.2518362,33.2952636
NDWFS_J143121.3+332941,NDWFSJ1431p3311,0.0,5060.999671497639,8649.999746847414,217.8388796,33.494735099999986
NDWFS_J143055.4+325632,NDWFSJ1431p3311,0.0,6340.00007901894,944.0005805117436,217.7308839,32.94246109999999
NDWFS_J143145.4+332404,NDWFSJ1431p3311,0.0,3892.999441124321,7343.99971153088,217.9393383,33.40126689999999
NDWFS_J143247.2+332420,NDWFSJ1431p3311,0.0,895.0005533165909,7407.999302195436,218.1966808,33.405761199999986
NDWFS_J143229.6+330423,NDWFSJ1431p3311,0.0,1743.9998064370404,2765.99935056438,218.1234131,33.073275399999986
NDWFS_J143108.1+331400,NDWFSJ1431p3311,0.0,5709.000256203709,5004.999450794958,217.7839363,33.2334844
NDWFS_J143255.1+325725,NDWFSJ1431p3311,0.0,494.0004981655652,1148.000062425246,218.2300129,32.957245499999964
NDWFS_J143138.7+330555,NDWFSJ1431p3311,0.0,4222.000262580765,3120.0002368256755,217.9114988,33.09862369999999
NDWFS_J143013.3+331838,NDWFSJ1431p3311,0.0,8369.000512343018,6088.999387464375,217.5556461,33.31049939999998
NDWFS_J143304.9+332040,NDWFSJ1431p3311,0.0,30.9995431912007,6557.000262583422,218.2706682,33.34466379999997
NDWFS_J143240.6+325508,NDWFSJ1431p3311,0.0,1205.9994875164662,612.9995568480881,218.1691515,32.91901009999999
NDWFS_J143228.0+331118,NDWFSJ1431p3311,0.0,1823.9994237595083,4374.9998356827,218.1166984,33.18854579999997
NDWFS_J143015.9+325801,NDWFSJ1431p3311,0.0,8265.000334870545,1294.9996718227849,217.5664111,32.96711079999999
NDWFS_J143255.2+325909,NDWFSJ1431p3311,0.0,491.0002974124209,1548.9994397968076,218.2303386,32.98596820000001
NDWFS_J143054.5+330937,NDWFSJ1431p3311,0.0,6371.999942958997,3986.00027380099,217.7273953,33.160361299999984
NDWFS_J143146.0+325740,NDWFSJ1431p3311,0.0,3870.999831267116,1203.0003144839538,217.9416523,32.96132759999999
NDWFS_J143217.0+332536,NDWFSJ1431p3311,0.0,2361.9995022263392,7698.000179549534,218.0707659,33.426650899999984
NDWFS_J143141.9+332422,NDWFSJ1431p3311,0.0,4061.000264437476,7413.000646560593,217.9249122,33.40620019999999
NDWFS_J143044.4+332115,NDWFSJ1431p3311,0.0,6854.000009514164,6693.99985349813,217.6853698,33.354264699999995
NDWFS_J143101.8+332805,NDWFSJ1431p3311,0.0,6004.000544678222,8280.999846797662,217.7579318,33.46814879999998
NDWFS_J143247.8+332154,NDWFSJ1431p3311,0.0,863.0000831352861,6840.999940562917,218.1993437,33.365132499999994
NDWFS_J143034.0+331020,NDWFSJ1431p3311,0.0,7368.999958254313,4156.999450845404,217.6420075,33.172380099999984
NDWFS_J143224.5+332107,NDWFSJ1431p3311,0.0,1993.000578885359,6658.999761441866,218.1023795,33.352191299999994
NDWFS_J143122.8+332427,NDWFSJ1431p3311,0.0,4992.000448510743,7434.000183284446,217.8449923,33.407615800000016
NDWFS_J143106.6+330254,NDWFSJ1431p3311,0.0,5789.000545200235,2421.9999196030985,217.7776186,33.0484311
NDWFS_J143114.9+325922,NDWFSJ1431p3311,0.0,5383.999861948725,1599.9993385170965,217.8123836,32.98961319999998
NDWFS_J143216.0+325704,NDWFSJ1431p3311,0.0,2408.0001382467826,1066.0003360093324,218.0665768,32.95153410000002
NDWFS_J143126.9+330947,NDWFSJ1431p3311,0.0,4793.999830317797,4025.000608438517,217.862453,33.16340229999999
NDWFS_J143134.1+330128,NDWFSJ1431p3311,0.0,4447.000326143486,2088.00022238366,217.8923686,33.0246786
NDWFS_J143212.3+330042,NDWFSJ1431p3311,0.0,2582.000232775169,1907.0003291225369,218.0517399,33.01177899999998
NDWFS_J143228.4+330502,NDWFSJ1431p3311,0.0,1803.999986899008,2916.999766986035,218.1182948,33.08409629999999
NDWFS_J143246.2+325435,NDWFSJ1431p3311,0.0,931.000489928616,488.00046068781376,218.1926049,32.910027599999985
NDWFS_J143235.2+331346,NDWFSJ1431p3311,0.0,1473.9995802876426,4947.999645691134,218.1467248,33.2295705
NDWFS_J143154.9+331103,NDWFSJ1431p3311,0.0,3434.999940589557,4318.0001060504255,217.9787657,33.184488699999996
NDWFS_J143042.8+331558,NDWFSJ1431p3311,0.0,6939.000150347876,5464.999640275852,217.678436,33.266193199999975
NDWFS_J143222.8+332548,NDWFSJ1431p3311,0.0,2080.0000670184686,7745.000042191197,218.0949814,33.43000699999999
NDWFS_J143111.4+332815,NDWFSJ1431p3311,0.0,5542.999847070147,8320.00041581905,217.797525,33.471021500000006
NDWFS_J143109.9+331251,NDWFSJ1431p3311,0.0,5621.99994133594,4738.999759684482,217.7914412,33.214441799999996
NDWFS_J143121.6+330717,NDWFSJ1431p3311,0.0,5057.999866998595,3439.999794980808,217.8399465,33.121462799999996
NDWFS_J143234.4+331859,NDWFSJ1431p3311,0.0,1509.9997830833138,6160.000108140308,218.1437634,33.31640649999998
NDWFS_J143228.2+332937,NDWFSJ1431p3311,0.0,1817.0002256330977,8635.999344639467,218.1176342,33.493833899999984
NDWFS_J143151.1+330739,NDWFSJ1431p3311,0.0,3616.0003637025193,3525.999713870131,217.9633094,33.12774399999998
NDWFS_J143132.7+331130,NDWFSJ1431p3311,0.0,4516.000333749778,4420.0006453235455,217.8862026,33.19172849999999
NDWFS_J143204.9+332332,NDWFSJ1431p3311,0.0,2946.0004224859804,7217.999502937228,218.0206244,33.39226759999998
NDWFS_J143151.6+331022,NDWFSJ1431p3311,0.0,3592.9996720740346,4156.000216206507,217.9652463,33.172877399999976
NDWFS_J143222.5+330319,NDWFSJ1431p3311,0.0,2088.0000489632207,2513.999712810346,218.0939846,33.05524349999998
NDWFS_J143135.8+331537,NDWFSJ1431p3311,0.0,4363.0004638160535,5379.999410154836,217.8992023,33.26051869999999
NDWFS_J143206.4+331413,NDWFSJ1431p3311,0.0,2873.0000800083785,5054.000485134229,218.0268841,33.237225099999996
NDWFS_J143211.6+325835,NDWFSJ1431p3311,0.0,2622.0002625708853,1413.000162937209,218.048312,32.97639419999999
NDWFS_J143213.0+332524,NDWFSJ1431p3311,0.0,2554.00035005262,7652.999612922898,218.0542794,33.42343169999999
NDWFS_J143034.3+332934,NDWFSJ1431p3311,0.0,7340.000039505247,8630.000052662921,217.6430568,33.492857199999996
NDWFS_J143014.5+330843,NDWFSJ1431p3311,0.0,8322.000336076004,3786.000108707589,217.560575,33.145527299999976
NDWFS_J143015.5+330525,NDWFSJ1431p3311,0.0,8275.999621338897,3015.000015478701,217.5648091,33.09031129999998
NDWFS_J143220.0+332135,NDWFSJ1431p3311,0.0,2216.0000772323497,6769.000286423103,218.0832549,33.360083199999984
NDWFS_J143121.5+330242,NDWFSJ1431p3311,0.0,5061.00048315296,2374.000116125452,217.8398547,33.045099499999985
NDWFS_J143238.4+332052,NDWFSJ1431p3311,0.0,1320.0005347830022,6598.999423719875,218.1601061,33.34784269999999
NDWFS_J143056.8+332833,NDWFSJ1431p3311,0.0,6249.000306143327,8391.000364486614,217.7368594,33.47598379999999
NDWFS_J143215.0+330917,NDWFSJ1431p3311,0.0,2451.9996443046743,3905.000491757101,218.0629132,33.15490349999998
NDWFS_J143140.6+330639,NDWFSJ1431p3311,0.0,4127.999586511838,3292.000053338896,217.9195236,33.110952099999984
NDWFS_J143248.6+325817,NDWFSJ1431p3311,0.0,816.9997814073167,1348.000187868074,218.2024627,32.97161349999998
NDWFS_J143155.6+331827,NDWFSJ1431p3311,0.0,3399.000073984091,6037.000258627673,217.9817871,33.30764459999999
NDWFS_J143143.3+331806,NDWFSJ1431p3311,0.0,3994.999446576264,5957.000537387918,217.9306921,33.301885299999995
NDWFS_J143027.5+330024,NDWFSJ1431p3311,0.0,7695.999760097836,1848.000143689224,217.6148107,33.006889
NDWFS_J143157.1+331533,NDWFSJ1431p3311,0.0,3323.999787720506,5361.999716040216,217.9882379,33.259286199999984
NDWFS_J143230.2+334105,NDWFSJ1431p3346,1.0,1926.9996991009816,3122.000571525983,218.1261138,33.684862599999974
NDWFS_J143101.1+333028,NDWFSJ1431p3346,1.0,6245.999899809397,655.9995125504101,217.7547133,33.5079091
NDWFS_J143258.5+335251,NDWFSJ1431p3346,1.0,563.0000688495379,5863.000132064492,218.2440955,33.88113209999998
NDWFS_J143223.7+335903,NDWFSJ1431p3346,1.0,2246.000352007514,7300.000389974129,218.0989063,33.98428649999999
NDWFS_J143113.0+335225,NDWFSJ1431p3346,1.0,5658.999868901743,5762.000080397607,217.8042139,33.87389539999998
NDWFS_J143059.3+334110,NDWFSJ1431p3346,1.0,6323.000337313835,3144.9994102003293,217.7475148,33.686245400000004
NDWFS_J143044.4+334314,NDWFSJ1431p3346,1.0,7046.999785499587,3627.9998447749977,217.685024,33.72070189999999
NDWFS_J143054.5+334339,NDWFSJ1431p3346,1.0,6554.999471607449,3721.999369022949,217.7273897,33.72754629999998
NDWFS_J143029.3+334519,NDWFSJ1431p3346,1.0,7772.000468567193,4114.999456579236,217.6223952,33.75541329999998
NDWFS_J143046.5+334613,NDWFSJ1431p3346,1.0,6946.999531740376,4321.000171339358,217.6934458,33.770385
NDWFS_J143018.1+334754,NDWFSJ1431p3346,1.0,8306.000272175035,4719.999992193998,217.57613999999998,33.798609499999976
NDWFS_J143149.0+332926,NDWFSJ1431p3346,1.0,3923.999954975387,410.0005728658289,217.9542863,33.4905539
NDWFS_J143202.2+333829,NDWFSJ1431p3346,1.0,3281.9994909109946,2517.000321020516,218.0094249,33.64155059999999
NDWFS_J143138.3+333820,NDWFSJ1431p3346,1.0,4445.9999832606445,2486.0001185582587,217.9092324,33.639277199999995
NDWFS_J143208.1+334255,NDWFSJ1431p3346,0.0,2999.9998426390257,3546.9994822146336,218.0337077,33.71535949999999
NDWFS_J143223.5+334108,NDWFSJ1431p3346,0.0,2253.000009589287,3133.0004186973565,218.0980385,33.685670799999976
NDWFS_J143107.0+334600,NDWFSJ1431p3346,0.0,5949.000468880816,4268.000514661716,217.7794924,33.766786399999994
NDWFS_J143113.9+333936,NDWFSJ1431p3346,0.0,5616.000120465109,2778.000210030659,217.8084706,33.66006749999998
NDWFS_J143133.6+333328,NDWFSJ1431p3346,0.0,4670.999783439645,1351.9993692017797,217.8899937,33.55799949999998
NDWFS_J143021.8+335348,NDWFSJ1431p3346,0.0,8126.000572152286,6089.999707302524,217.5911597,33.896839499999984
NDWFS_J143224.6+334002,NDWFSJ1431p3346,0.0,2200.0000122305623,2876.0002303139554,218.1025859,33.66725169999998
NDWFS_J143300.3+334126,NDWFSJ1431p3346,0.0,473.9997751782039,3206.999482351602,218.2512655,33.69078729999999
NDWFS_J143154.8+334537,NDWFSJ1431p3346,0.0,3639.999520458204,4176.000372103261,217.9785452,33.76042599999999
NDWFS_J143025.7+333712,NDWFSJ1431p3346,0.0,7953.999504407556,2226.9999662950377,217.6073747,33.62007299999998
NDWFS_J143135.4+335544,NDWFSJ1431p3346,0.0,4577.000420671038,6530.000424851742,217.8975243,33.92906329999998
NDWFS_J143247.2+333229,NDWFSJ1431p3346,0.0,1100.9998801241395,1122.0005743443835,218.1969576,33.54147039999999
NDWFS_J143152.1+333649,NDWFSJ1431p3346,0.0,3774.0001901460346,2128.000681643181,217.9670928,33.61366379999997
NDWFS_J143308.1+334312,NDWFSJ1431p3346,0.0,95.00001244415124,3616.999863575109,218.2839981,33.720103299999984
NDWFS_J143025.7+334414,NDWFSJ1431p3346,0.0,7949.000578652188,3863.999639424046,217.607228,33.73737669999999
NDWFS_J143217.6+334811,NDWFSJ1431p3346,0.0,2537.0004701654016,4773.00040312123,218.0736486,33.80320599999999
NDWFS_J143243.8+333604,NDWFSJ1431p3346,0.0,1267.999565709223,1957.0000464565017,218.1827117,33.60132179999999
NDWFS_J143112.5+334724,NDWFSJ1431p3346,0.0,5682.9998429599655,4592.999589782724,217.802362,33.790119100000005
NDWFS_J143213.9+333702,NDWFSJ1431p3346,0.0,2717.9996709394845,2178.9999821871133,218.0579635,33.61732649999998
NDWFS_J143240.8+340051,NDWFSJ1431p3346,0.0,1419.9999527995624,7720.00051246602,218.1703483,34.01432169999999
NDWFS_J143200.4+335437,NDWFSJ1431p3346,0.0,3370.0002330681164,6269.0000827246,218.00178,33.91042149999997
NDWFS_J143219.5+335853,NDWFSJ1431p3346,0.0,2449.000099260232,7261.999610941409,218.0813595,33.98157259999998
NDWFS_J143244.4+335643,NDWFSJ1431p3346,0.0,1244.0000460703,6756.000118830894,218.1854326,33.945218199999985
NDWFS_J143042.4+333152,NDWFSJ1431p3346,0.0,7150.999510416705,984.000108455626,217.6768407,33.53121879999999
NDWFS_J143144.7+334905,NDWFSJ1431p3346,0.0,4133.999844953885,5003.999829843182,217.9359009,33.81973870000001
NDWFS_J143226.3+335649,NDWFSJ1431p3346,0.0,2115.000327293531,6777.999384568909,218.1101901,33.94687019999998
NDWFS_J143102.2+340255,NDWFSJ1431p3346,0.0,6175.000154103347,8202.000635941871,217.7591278,34.0486677
NDWFS_J143032.5+334519,NDWFSJ1431p3346,0.0,7616.999665923499,4115.000570590201,217.6357549,33.75545589999999
NDWFS_J143016.6+333423,NDWFSJ1431p3346,0.0,8398.000141314624,1574.9994010722985,217.5694179,33.573220500000005
NDWFS_J143109.7+335022,NDWFSJ1431p3346,0.0,5815.99948711736,5285.999604171664,217.7907567,33.839759399999984
NDWFS_J143248.9+332956,NDWFSJ1431p3346,0.0,1020.0000019937615,530.0003808647234,218.2038316,33.49904149999999
NDWFS_J143106.9+334713,NDWFSJ1431p3346,0.0,5953.000136096946,4554.000218676471,217.7790883,33.787280599999995
NDWFS_J143114.3+335921,NDWFSJ1431p3346,0.0,5590.999786701535,7370.0005060417725,217.8097913,33.98914059999998
NDWFS_J143251.5+334038,NDWFSJ1431p3346,0.0,899.0005644097027,3017.000088099112,218.2146304,33.67723389999999
NDWFS_J143100.6+335450,NDWFSJ1431p3346,0.0,6255.999751392146,6324.999574127451,217.7525548,33.914139299999995
NDWFS_J143223.4+340018,NDWFSJ1431p3346,0.0,2261.0002420553265,7592.000225972066,218.0976282,34.00521339999998
NDWFS_J143034.0+334650,NDWFSJ1431p3346,0.0,7542.000082431404,4466.000683292829,217.6421057,33.78062840000001
NDWFS_J143257.6+334048,NDWFSJ1431p3346,0.0,600.9998132221835,3056.0003723876034,218.2402996,33.679986499999984
NDWFS_J143237.1+335311,NDWFSJ1431p3346,0.0,1596.0002131784538,5936.999742111962,218.1549328,33.8865617
NDWFS_J143150.0+333210,NDWFSJ1431p3346,0.0,3874.0000114265727,1047.9999532871934,217.9585474,33.536271299999996
NDWFS_J143231.1+335752,NDWFSJ1431p3346,0.0,1887.9997279646225,7025.999638019747,218.129823,33.96462769999998
NDWFS_J143112.5+334018,NDWFSJ1431p3346,0.0,5688.99974828107,2939.9998771917253,217.8021552,33.67166499999999
NDWFS_J143027.9+340328,NDWFSJ1431p3346,0.0,7823.999532748237,8334.000429764057,217.6164572,34.057739299999994
NDWFS_J143131.3+335051,NDWFSJ1431p3346,0.0,4774.000499533951,5392.999918102678,217.8806473,33.84756379999999
NDWFS_J143047.4+340512,NDWFSJ1431p3346,0.0,6883.9995282641485,8736.000436778895,217.6976566,34.086789899999985
NDWFS_J143156.0+333532,NDWFSJ1431p3346,0.0,3581.999666387863,1831.000458079216,217.9836246,33.59238819999999
NDWFS_J143246.6+333755,NDWFSJ1431p3346,0.0,1131.000242135393,2385.999822112257,218.1945607,33.63204689999999
NDWFS_J143024.1+335706,NDWFSJ1431p3346,0.0,8013.999563590344,6854.99953749397,217.6005545,33.9516943
NDWFS_J143034.8+335302,NDWFSJ1431p3346,0.0,7503.999490797684,5910.000540001611,217.6449183,33.88411649999998
NDWFS_J143233.8+332940,NDWFSJ1431p3346,0.0,1752.0005539743197,465.9993218874315,218.1409218,33.49453069999998
NDWFS_J143044.0+334217,NDWFSJ1431p3346,0.0,7062.000558860558,3405.000606135791,217.6837958,33.70471859999999
NDWFS_J143139.7+333810,NDWFSJ1431p3346,0.0,4371.999436129574,2440.9998155035573,217.9156062,33.636058299999995
NDWFS_J143213.8+340159,NDWFSJ1431p3346,0.0,2720.9996666029883,7982.000578737749,218.0578726,34.03318019999998
NDWFS_J143044.4+334349,NDWFSJ1431p3346,0.0,7046.999622533427,3765.0006404393753,217.6849847,33.73051920000001
NDWFS_J143254.1+335653,NDWFSJ1431p3346,0.0,775.9995084676534,6797.999576452708,218.2258693,33.948168599999995
NDWFS_J143302.4+333819,NDWFSJ1431p3346,0.0,368.99987258464944,2481.9994835480848,218.2601638,33.63881849999999
NDWFS_J143106.8+340038,NDWFSJ1431p3346,0.0,5951.9999993462525,7671.999684286346,217.77852629999998,34.01072519999998
NDWFS_J143235.8+335125,NDWFSJ1431p3346,0.0,1658.0000834767295,5523.999822447345,218.1495364,33.85697049999999
NDWFS_J143234.5+334721,NDWFSJ1431p3346,0.0,1720.999717690162,4579.0003627265605,218.1440033,33.78925539999998
NDWFS_J143017.6+335900,NDWFSJ1431p3346,0.0,8325.999685179682,7303.000381452138,217.5734292,33.9837039
NDWFS_J143255.7+333804,NDWFSJ1431p3346,0.0,691.9996398666058,2420.0003055483903,218.2323507,33.63442559999999
NDWFS_J143133.8+334610,NDWFSJ1431p3346,0.0,4654.999716499841,4304.0006891855855,217.8910383,33.769535799999986
NDWFS_J143228.3+333950,NDWFSJ1431p3346,0.0,2018.9996682986505,2829.9995181949416,218.1181672,33.66394449999998
NDWFS_J143113.6+335658,NDWFSJ1431p3346,0.0,5626.999987311632,6818.000213696039,217.8067815,33.949576599999986
NDWFS_J143239.0+333103,NDWFSJ1431p3346,0.0,1499.000020371147,788.0001688788598,218.1626997,33.51758079999998
NDWFS_J143048.1+335905,NDWFSJ1431p3346,0.0,6854.000469424147,7312.000405394022,217.7006439,33.98474689999999
NDWFS_J143020.5+332935,NDWFSJ1431p3346,0.0,8211.999841966124,455.99938636924526,217.5858292,33.49309889999998
NDWFS_J143208.1+334602,NDWFSJ1431p3346,0.0,2997.9999496791165,4272.999676363939,218.0338862,33.76738490000001
NDWFS_J143203.9+334905,NDWFSJ1431p3346,0.0,3203.000397437106,4983.000637281458,218.0162092,33.818264799999994
NDWFS_J143216.9+334908,NDWFSJ1431p3346,0.0,2572.0000176093417,4993.999771961909,218.0706389,33.81904440000001
NDWFS_J143143.5+340104,NDWFSJ1431p3346,0.0,4184.999725408569,7771.999747333453,217.9312845,34.0181005
NDWFS_J143237.8+334053,NDWFSJ1431p3346,0.0,1560.9996659099484,3076.000269355261,218.1576294,33.681536299999976
NDWFS_J143108.0+334729,NDWFSJ1431p3346,0.0,5903.999441401483,4612.000303074575,217.7833016,33.79144519999996
NDWFS_J143016.2+334332,NDWFSJ1431p3346,0.0,8405.999778721893,3704.999447753843,217.5679089,33.72584459999998
NDWFS_J143125.5+334008,NDWFSJ1431p3346,0.0,5058.999747034567,2900.999744790673,217.8564091,33.668955299999986
NDWFS_J143129.0+335223,NDWFSJ1431p3346,0.0,4885.000437232817,5751.999606308924,217.8710228,33.87327919999999
NDWFS_J143210.3+334442,NDWFSJ1431p3346,0.0,2891.00002440144,3959.9994604897975,218.0431052,33.74495399999999
NDWFS_J143130.4+334954,NDWFSJ1431p3346,0.0,4817.000036621139,5171.000646523299,217.8769646,33.83165049999998
NDWFS_J143152.3+333158,NDWFSJ1431p3346,0.0,3761.999915711178,1000.000498520536,217.9681785,33.532836599999996
NDWFS_J143149.0+334213,NDWFSJ1431p3346,0.0,3921.0004818717593,3385.9996845710066,217.9543695,33.7038033
NDWFS_J143213.0+333451,NDWFSJ1431p3346,0.0,2761.0004129030435,1670.0001947200035,218.05425,33.580854299999984
NDWFS_J143024.0+335219,NDWFSJ1431p3346,0.0,8021.999959432317,5744.999518051499,217.6002626,33.87214739999999
NDWFS_J143258.9+340349,NDWFSJ1431p3346,0.0,551.0004407941137,8413.000520895399,218.2456113,34.063873499999985
NDWFS_J143027.6+334926,NDWFSJ1431p3346,0.0,7850.000559713219,5073.999317358882,217.6153404,33.82411289999999
NDWFS_J143259.2+340355,NDWFSJ1431p3346,0.0,536.0004291395489,8435.99968682297,218.2469133,34.065519399999985
NDWFS_J143253.4+333318,NDWFSJ1431p3346,0.0,801.9997922070584,1314.000033808972,218.2226968,33.5551896
NDWFS_J143105.6+334313,NDWFSJ1431p3346,0.0,6018.000366883295,3621.999528699349,217.7736812,33.72048229999998
NDWFS_J143115.0+334910,NDWFSJ1431p3346,0.0,5563.99948545615,5005.00039856711,217.8125495,33.81966149999997
NDWFS_J143118.0+334320,NDWFSJ1431p3346,0.0,5418.999673711856,3645.0000575200447,217.825286,33.722223799999995
NDWFS_J143034.2+334152,NDWFSJ1431p3346,0.0,7538.999883222885,3311.000516834285,217.6427374,33.69786339999999
NDWFS_J143203.6+335741,NDWFSJ1431p3346,0.0,3214.000039929944,6979.999753609258,218.0152459,33.96137630000001
NDWFS_J143144.5+334429,NDWFSJ1431p3346,0.0,4136.999867404452,3912.999510188252,217.9357236,33.741556199999984
NDWFS_J143142.8+334920,NDWFSJ1431p3346,0.0,4194.000083150323,5042.999306044096,217.9307222,33.8225297
NDWFS_J143055.6+340502,NDWFSJ1431p3421,1.0,6380.999849449823,475.99946627042254,217.7317592,34.0842236
NDWFS_J143207.2+343101,NDWFSJ1431p3421,1.0,2931.0002669308424,6507.99941983763,218.0303233,34.51686009999999
NDWFS_J143023.4+342806,NDWFSJ1431p3421,1.0,7909.99996102663,5846.000091542265,217.59751079999998,34.4686777
NDWFS_J143240.6+343049,NDWFSJ1431p3421,1.0,1332.0000982399852,6464.999518026765,218.1693949,34.5136923
NDWFS_J143214.1+343832,NDWFSJ1431p3421,1.0,2602.0002297652254,8257.999364617463,218.0589916,34.6422684
NDWFS_J143058.8+343426,NDWFSJ1431p3421,1.0,6207.999738606144,7309.999431530566,217.7451087,34.574019
NDWFS_J143049.3+343545,NDWFSJ1431p3421,1.0,6659.0000163803215,7617.999821466255,217.7057721,34.59599589999999
NDWFS_J143250.3+341709,NDWFSJ1431p3421,1.0,863.9994908646154,3289.999663091069,218.2095943,34.28609809999998
NDWFS_J143248.6+341834,NDWFSJ1431p3421,1.0,943.000119570872,3620.000591491432,218.2027923,34.30975819999999
NDWFS_J143208.3+342603,NDWFSJ1431p3421,1.0,2878.9997881067893,5354.999569531596,218.0348353,34.434229099999996
NDWFS_J143225.5+340847,NDWFSJ1431p3421,1.0,2051.999847529834,1342.9999130490808,218.1064118,34.146675899999984
NDWFS_J143231.6+341339,NDWFSJ1431p3421,1.0,1756.9994610651445,2471.9993422037865,218.1320614,34.22756739999999
NDWFS_J143122.7+340535,NDWFSJ1431p3421,1.0,5074.000040618124,598.999341008915,217.844835,34.09325419999999
NDWFS_J143135.6+341059,NDWFSJ1431p3421,1.0,4454.00055443385,1854.000483879592,217.8983557,34.183261299999984
NDWFS_J143209.4+341131,NDWFSJ1431p3421,1.0,2829.000055804947,1975.0002576092088,218.0391356,34.191995799999994
NDWFS_J143137.8+341446,NDWFSJ1431p3421,1.0,4342.999820906541,2730.9996328609222,217.9078854,34.24612209999999
NDWFS_J143103.5+340641,NDWFSJ1431p3421,1.0,5999.999798485898,857.0003455490364,217.7646429,34.111601699999994
NDWFS_J143053.9+342303,NDWFSJ1431p3421,0.0,6447.999873552093,4663.000345487898,217.7248972,34.384273199999996
NDWFS_J143031.7+341828,NDWFSJ1431p3421,0.0,7518.999841968347,3601.999653593527,217.6322489,34.3079754
NDWFS_J143033.4+340333,NDWFSJ1431p3421,0.0,7446.99945935328,130.0003058804282,217.6396331,34.05917519999997
NDWFS_J143212.9+340612,NDWFSJ1431p3421,0.0,2658.9999802997145,739.000417979335,218.0538331,34.10341359999999
NDWFS_J143225.7+342431,NDWFSJ1431p3421,0.0,2046.0003259384007,5001.000149143798,218.107191,34.4088315
NDWFS_J143303.5+341220,NDWFSJ1431p3421,0.0,225.0005533055873,2168.999821547165,218.2647893,34.20566439999998
NDWFS_J143252.6+343449,NDWFSJ1431p3421,0.0,759.0004616188908,7397.999441308269,218.2193868,34.580486199999996
NDWFS_J143242.9+340506,NDWFSJ1431p3421,0.0,1213.0000722060115,483.9998023252842,218.1789514,34.085044899999986
NDWFS_J143031.6+343638,NDWFSJ1431p3421,0.0,7506.0004927138525,7826.000275736434,217.6319651,34.61068829999999
NDWFS_J143149.0+342158,NDWFSJ1431p3421,0.0,3804.999474530237,4407.999533541877,217.9544295,34.36634200000002
NDWFS_J143037.2+342336,NDWFSJ1431p3421,0.0,7250.999748596808,4794.999637061957,217.655125,34.393543599999994
NDWFS_J143200.5+343904,NDWFSJ1431p3421,0.0,3251.9995643659795,8381.99961467104,218.0023692,34.651157900000015
NDWFS_J143131.0+342333,NDWFSJ1431p3421,0.0,4672.999997570647,4774.999599772339,217.8790231,34.3925779
NDWFS_J143246.0+342459,NDWFSJ1431p3421,0.0,1072.9997474724166,5110.000489387089,218.1917266,34.41655670000001
NDWFS_J143027.8+343426,NDWFSJ1431p3421,0.0,7693.000570974419,7318.00021926353,217.6158601,34.57423049999998
NDWFS_J143230.3+342626,NDWFSJ1431p3421,0.0,1823.9996806986248,5447.999532284901,218.1265144,34.4408516
NDWFS_J143207.5+340430,NDWFSJ1431p3421,0.0,2918.000055283989,344.0004165767013,218.0314139,34.07510899999998
NDWFS_J143023.5+342254,NDWFSJ1431p3421,0.0,7908.99957250866,4634.00039332486,217.5980387,34.381820999999995
NDWFS_J143216.2+341356,NDWFSJ1431p3421,0.0,2493.999800792064,2542.999313755487,218.0681821,34.23269529999998
NDWFS_J143143.9+342613,NDWFSJ1431p3421,0.0,4048.00041862174,5394.999940587737,217.9332555,34.437062899999994
NDWFS_J143032.8+343005,NDWFSJ1431p3421,0.0,7453.000532179523,6303.999473417913,217.6370837,34.501631299999985
NDWFS_J143033.8+342820,NDWFSJ1431p3421,0.0,7408.999592234071,5898.000033799202,217.64104279999998,34.472547700000014
NDWFS_J143202.3+341439,NDWFSJ1431p3421,0.0,3168.999798373369,2706.0000853204883,218.0096686,34.24438419999999
NDWFS_J143235.5+343541,NDWFSJ1431p3421,0.0,1578.0004812080033,7597.999740484737,218.1481197,34.594912100000016
NDWFS_J143034.6+342349,NDWFSJ1431p3421,0.0,7372.999556978851,4846.00006198783,217.6445132,34.3971663
NDWFS_J143043.5+341119,NDWFSJ1431p3421,0.0,6957.000411128287,1935.0002383168032,217.6814938,34.188654799999995
NDWFS_J143111.9+341749,NDWFSJ1431p3421,0.0,5589.000113604287,3443.000500038998,217.7997251,34.2969994
NDWFS_J143021.4+343949,NDWFSJ1431p3421,0.0,7988.999522794717,8566.99972159742,217.5896344,34.663648
NDWFS_J143202.0+340427,NDWFSJ1431p3421,0.0,3182.000533091249,332.0003227964007,218.0085723,34.07424829999997
NDWFS_J143153.4+342346,NDWFSJ1431p3421,0.0,3596.0001310988587,4827.999663608701,217.9725568,34.39645079999999
NDWFS_J143118.1+343304,NDWFSJ1431p3421,0.0,5285.000206511362,6990.000424863716,217.825497,34.55124269999999
NDWFS_J143233.2+342524,NDWFSJ1431p3421,0.0,1685.9995998914778,5206.99984366877,218.1384828,34.423569499999985
NDWFS_J143048.8+341118,NDWFSJ1431p3421,0.0,6700.999616781113,1932.000244173401,217.7036735,34.18849939999999
NDWFS_J143223.8+342414,NDWFSJ1431p3421,0.0,2137.000107013057,4934.999635734901,218.099282,34.404106599999984
NDWFS_J143137.6+343121,NDWFSJ1431p3421,0.0,4350.000151008535,6591.000640830291,217.9068939,34.52275289999998
NDWFS_J143207.6+343926,NDWFSJ1431p3421,0.0,2911.0005339254,8468.000100383822,218.0320767,34.65732260000001
NDWFS_J143231.9+340741,NDWFSJ1431p3421,0.0,1744.9995572049086,1085.9993206824051,218.1329726,34.12823699999998
NDWFS_J143037.4+342700,NDWFSJ1431p3421,0.0,7237.000358642837,5584.999779462395,217.6560928,34.450162399999996
NDWFS_J143125.4+343140,NDWFSJ1431p3421,0.0,4934.000294152953,6665.999712073568,217.8560849,34.5280688
NDWFS_J143126.6+340412,NDWFSJ1431p3421,0.0,4887.999499461797,274.99988131904865,217.8609763,34.070056899999976
NDWFS_J143013.1+342347,NDWFSJ1431p3421,0.0,8407.999934588832,4839.0000621799,217.55462679999997,34.396354399999986
NDWFS_J143124.1+342505,NDWFSJ1431p3421,0.0,5000.000142639253,5132.000568583735,217.8505709,34.418125999999994
NDWFS_J143248.5+342311,NDWFSJ1431p3421,0.0,950.000195476396,4690.000270496708,218.20234790000003,34.3864419
NDWFS_J143024.3+342945,NDWFSJ1431p3421,0.0,7862.999915908929,6223.99952286874,217.6014598,34.49578069999998
NDWFS_J143249.7+342730,NDWFSJ1431p3421,0.0,892.9997746353774,5697.000035682497,218.2074558,34.45860210000001
NDWFS_J143204.0+343203,NDWFSJ1431p3421,0.0,3085.000372465455,6752.000456097347,218.0169273,34.53434649999999
NDWFS_J143207.4+343456,NDWFSJ1431p3421,0.0,2920.0003151783803,7422.000548174556,218.0312859,34.582361999999996
NDWFS_J143246.8+343155,NDWFSJ1431p3421,0.0,1034.9999609661388,6722.000145352454,218.1952638,34.53207689999999
NDWFS_J143203.7+342936,NDWFSJ1431p3421,0.0,3101.999525999803,6184.00012866853,218.0154525,34.49364039999998
NDWFS_J143116.0+342706,NDWFSJ1431p3421,0.0,5385.000032908751,5600.000123937325,217.8170416,34.451613800000004
NDWFS_J143128.7+341811,NDWFSJ1431p3421,0.0,4780.000524017142,3528.9995498867183,217.869894,34.303270399999995
NDWFS_J143103.6+342902,NDWFSJ1431p3421,0.0,5980.9994557535365,6054.999673242844,217.7651435,34.48412329999999
NDWFS_J143033.2+343728,NDWFSJ1431p3421,0.0,7430.000099255721,8016.999910840028,217.6385196,34.62439680000001
NDWFS_J143241.9+342547,NDWFSJ1431p3421,0.0,1268.0000555984354,5295.999755602186,218.1748103,34.4299085
NDWFS_J143228.6+341714,NDWFSJ1431p3421,0.0,1901.999509065356,3306.000662572862,218.1195611,34.28734779999999
NDWFS_J143210.2+341630,NDWFSJ1431p3421,0.0,2788.000364809403,3137.0002559562085,218.0427066,34.27527189999999
NDWFS_J143048.0+340510,NDWFSJ1431p3421,0.0,6746.999575669797,506.0000901643484,217.7000814,34.086294599999995
NDWFS_J143052.3+341000,NDWFSJ1431p3421,0.0,6533.000027644706,1630.0004678310177,217.7183069,34.166893399999985
NDWFS_J143220.7+343352,NDWFSJ1431p3421,0.0,2284.9998426917928,7174.000404962296,218.0865466,34.56457329999998
NDWFS_J143124.9+343820,NDWFSJ1431p3421,0.0,4955.999864405019,8214.999783737348,217.8539462,34.63907419999999
NDWFS_J143041.5+343704,NDWFSJ1431p3421,0.0,7033.999487156043,7923.999376997131,217.6730338,34.6178357
NDWFS_J143208.8+343704,NDWFSJ1431p3421,0.0,2859.0004034784,7916.999841877574,218.0366011,34.61783539999998
NDWFS_J143214.7+342038,NDWFSJ1431p3421,0.0,2572.000041248377,4096.000398740607,218.0614706,34.343995899999996
NDWFS_J143042.2+342821,NDWFSJ1431p3421,0.0,7004.999784055281,5895.999709975005,217.6761626,34.47250879999999
NDWFS_J143026.0+340423,NDWFSJ1431p3421,0.0,7803.99957249785,325.9993330290358,217.6086828,34.07312129999998
NDWFS_J143121.4+341003,NDWFSJ1431p3421,0.0,5135.000109316177,1635.9998204847368,217.83939340000003,34.16756389999999
NDWFS_J143153.9+340425,NDWFSJ1431p3421,0.0,3572.999883057276,326.00034476342125,217.974743,34.07380949999999
NDWFS_J143253.9+341326,NDWFSJ1431p3421,0.0,685.000118682784,2424.000295172727,218.2249718,34.224010799999995
NDWFS_J143113.6+341531,NDWFSJ1431p3421,0.0,5506.99999709009,2910.00068700067,217.8069371,34.258814099999995
NDWFS_J143048.2+341935,NDWFSJ1431p3421,0.0,6726.000456237834,3858.000512967049,217.700978,34.32652149999998
NDWFS_J143012.7+343102,NDWFSJ1431p3421,0.0,8418.00044061285,6526.999514359191,217.5530799,34.51731909999999
NDWFS_J143132.6+343453,NDWFSJ1431p3421,0.0,4588.999650963197,7411.00067543256,217.8860083,34.5814965
NDWFS_J143114.6+341815,NDWFSJ1431p3421,0.0,5455.000439118883,3547.0005730725024,217.81133059999996,34.30447329999999
NDWFS_J143048.1+342652,NDWFSJ1431p3421,0.0,6723.00022372811,5550.000680027104,217.7007721,34.4477798
NDWFS_J143213.8+341420,NDWFSJ1431p3421,0.0,2613.999472216552,2630.000658895681,218.0577826,34.23893369999999
NDWFS_J143056.5+343217,NDWFSJ1431p3421,0.0,6319.999795286409,6812.000257097177,217.7354836,34.5383078
NDWFS_J143306.8+340713,NDWFSJ1431p3421,0.0,64.00007483050649,975.999646946088,218.27848189999997,34.120139200000004
NDWFS_J143206.7+342520,NDWFSJ1431p3421,0.0,2954.9996155126087,5189.999637008677,218.0282309,34.422404599999986
NDWFS_J143024.9+340736,NDWFSJ1431p3421,0.0,7855.999500894565,1076.9996152649778,217.6039158,34.126925799999995
NDWFS_J143120.7+343840,NDWFSJ1431p3421,0.0,5157.999499183456,8289.99978005193,217.8363392,34.6444233
NDWFS_J143037.2+343057,NDWFSJ1431p3421,0.0,7245.000406393983,6502.999487081905,217.6551084,34.5159481
NDWFS_J143048.8+340943,NDWFSJ1431p3421,0.0,6701.99972756733,1560.9996037343255,217.703688,34.16191129999999
NDWFS_J143238.4+343018,NDWFSJ1431p3421,0.0,1438.9994333645664,6346.9997842757975,218.160075,34.505246499999984
NDWFS_J143140.6+340725,NDWFSJ1431p3421,0.0,4213.999810665533,1023.999581146726,217.9192215,34.123797699999976
NDWFS_J143120.2+341813,NDWFSJ1431p3421,0.0,5188.999960264227,3537.000362594462,217.8344096,34.30379429999999
NDWFS_J143302.5+340838,NDWFSJ1431p3421,0.0,272.00050847225293,1308.9997773843277,218.2605431,34.144039699999986
NDWFS_J143238.0+341054,NDWFSJ1431p3421,0.0,1449.0000880998189,1834.9995030418272,218.158685,34.18188959999999
NDWFS_J143029.4+341912,NDWFSJ1431p3421,0.0,7629.000125150962,3773.000204214146,217.622647,34.32019939999999
NDWFS_J143302.2+342309,NDWFSJ1431p3421,0.0,293.9994368190032,4692.0004039293535,218.2593164,34.386489299999994
NDWFS_J143123.1+343141,NDWFSJ1431p3421,0.0,5048.000239207759,6668.000073323034,217.8461679,34.52819819999999
NDWFS_J143218.5+342700,NDWFSJ1431p3421,0.0,2391.000297152804,5580.00045458006,218.0772488,34.4503429
NDWFS_J143221.0+342948,NDWFSJ1431p3421,0.0,2272.9996804607326,6226.999316071682,218.0875393,34.49670569999999
NDWFS_J143143.0+342038,NDWFSJ1431p3421,0.0,4092.000260949376,4098.999720290534,217.9295365,34.34418049999997
NDWFS_J143023.1+343628,NDWFSJ1431p3421,0.0,7915.9997157323805,7786.999733319081,217.5962802,34.60777409999999
NDWFS_J143220.9+341625,NDWFSJ1431p3421,0.0,2274.000540107596,3116.9995340461187,218.08728350000004,34.273823599999986
NDWFS_J143219.1+342510,NDWFSJ1431p3421,0.0,2361.9996494778416,5151.00020219023,218.0797487,34.41959700000001
NDWFS_J143038.0+341318,NDWFSJ1431p3421,0.0,7223.000434589897,2398.999554797636,217.6583043,34.22184119999998
NDWFS_J143204.2+343123,NDWFSJ1431p3421,0.0,3074.999897017064,6595.999664599189,218.0177981,34.52316669999998
NDWFS_J143252.9+342806,NDWFSJ1431p3421,0.0,741.9999516210837,5833.999382527761,218.2206032,34.468399899999994
NDWFS_J143248.4+340440,NDWFSJ1431p3421,0.0,947.9998391874628,386.9998096424183,218.2018675,34.07806239999999
NDWFS_J143023.1+351010,NDWFSJ1431p3456,1.0,8649.99988171479,7674.999444025982,217.5967229,35.169568799999986
NDWFS_J143238.2+350850,NDWFSJ1431p3456,1.0,2229.000204630008,7355.999771939016,218.1595495,35.14738630000001
NDWFS_J143221.5+350948,NDWFSJ1431p3456,1.0,3026.000498198985,7579.99933805181,218.0897157,35.163493699999975
NDWFS_J143236.5+350950,NDWFSJ1431p3456,1.0,2312.0005056761465,7586.000665871348,218.1523011,35.163873699999975
NDWFS_J143310.5+351024,NDWFSJ1431p3456,1.0,693.9999678259196,7726.000518323819,218.2941568,35.17367209999999
NDWFS_J143259.0+351101,NDWFSJ1431p3456,1.0,1243.999481603318,7865.999625944134,218.2459688,35.183800399999996
NDWFS_J143234.6+351112,NDWFSJ1431p3456,1.0,2403.999982072012,7906.999585419337,218.1442703,35.18688119999999
NDWFS_J143300.6+351152,NDWFSJ1431p3456,1.0,1165.0002910287744,8060.999469742546,218.2529335,35.19775889999998
NDWFS_J143305.4+351316,NDWFSJ1431p3456,1.0,943.0004833742346,8389.00043477279,218.2724707,35.221221000000014
NDWFS_J143227.3+351401,NDWFSJ1431p3456,1.0,2753.9996031879,8562.999720737693,218.1136337,35.23390859999997
NDWFS_J143239.5+351406,NDWFSJ1431p3456,1.0,2174.0001151439164,8580.000398165199,218.1645179,35.23507839999999
NDWFS_J143238.9+352120,NDWFSJ1431p3456,1.0,2203.0003257609887,10263.999318010288,218.1621747,35.355729600000004
NDWFS_J143134.9+350928,NDWFSJ1431p3456,1.0,5242.00046463606,7502.999648700879,217.8954833,35.157926899999985
NDWFS_J143154.6+350931,NDWFSJ1431p3456,1.0,4303.999911234312,7512.999502103541,217.9776967,35.15870230000001
NDWFS_J143202.5+350938,NDWFSJ1431p3456,1.0,3928.0004307167824,7541.999984198936,218.0106523,35.160788200000006
NDWFS_J143149.1+351048,NDWFSJ1431p3456,1.0,4565.000008950463,7814.999731200114,217.9548024,35.18032960000001
NDWFS_J143202.2+351049,NDWFSJ1431p3456,1.0,3940.999858575296,7816.999415185108,218.0095095,35.1804916
NDWFS_J143134.1+351115,NDWFSJ1431p3456,1.0,5280.00044658541,7917.999547286465,217.8921056,35.18765770000001
NDWFS_J143216.4+351119,NDWFSJ1431p3456,1.0,3266.000353561131,7931.999859967822,218.0686924,35.18872380000001
NDWFS_J143221.4+351127,NDWFSJ1431p3456,1.0,3027.000245222606,7963.0003174612175,218.0896498,35.190935400000015
NDWFS_J143127.9+351205,NDWFSJ1431p3456,1.0,5574.999646478059,8113.000430773491,217.8662139,35.20159840000001
NDWFS_J143201.3+351327,NDWFSJ1431p3456,1.0,3991.999633755857,8419.999511715056,218.0050285,35.2236948
NDWFS_J143126.8+351602,NDWFSJ1431p3456,1.0,5623.000193645653,9028.999697914716,217.8618767,35.267220999999985
NDWFS_J143127.0+352115,NDWFSJ1431p3456,1.0,5613.999560138787,10245.0004738996,217.8624974,35.35434019999998
NDWFS_J143126.5+352005,NDWFSJ1431p3456,1.0,5637.999755753576,9974.000482783267,217.8604271,35.334922499999976
NDWFS_J143140.1+352130,NDWFSJ1431p3456,1.0,4991.000325164407,10304.000270691522,217.9172257,35.358627399999996
NDWFS_J143034.5+350917,NDWFSJ1431p3456,1.0,8111.999686658183,7464.999751225487,217.643951,35.1546791
NDWFS_J143053.5+350925,NDWFSJ1431p3456,1.0,7209.000159306651,7495.999952588352,217.7230838,35.15712149999999
NDWFS_J143041.8+350946,NDWFSJ1431p3456,1.0,7765.00030932443,7575.999805361687,217.6743292,35.162723200000016
NDWFS_J143044.6+351137,NDWFSJ1431p3456,1.0,7632.999744413051,8009.00018938745,217.685773,35.19377939999998
NDWFS_J143025.6+351144,NDWFSJ1431p3456,1.0,8531.000349383929,8038.000599627045,217.6070236,35.19561289999999
NDWFS_J143037.7+351209,NDWFSJ1431p3456,1.0,7937.000145638978,8141.999713712279,217.6590755,35.20323139999999
NDWFS_J143049.0+351508,NDWFSJ1431p3456,1.0,7416.999613218522,8827.000399939185,217.7044875,35.2524371
NDWFS_J143034.2+351948,NDWFSJ1431p3456,1.0,8115.00040592228,9913.999619532822,217.6428843,35.3301364
NDWFS_J143105.3+352043,NDWFSJ1431p3456,1.0,6638.99946830876,10122.000187944888,217.7724732,35.345375299999986
NDWFS_J143225.2+345622,NDWFSJ1431p3456,1.0,2847.000288133232,4454.999481569323,218.1051866,34.93956699999999
NDWFS_J143144.3+345739,NDWFSJ1431p3456,1.0,4795.00052143853,4754.000481222956,217.9348725,34.96098719999999
NDWFS_J143127.0+350133,NDWFSJ1431p3456,1.0,5617.999795433162,5664.000354905562,217.862783,35.0261198
NDWFS_J143122.5+350548,NDWFSJ1431p3456,1.0,5827.000424955053,6652.0002888280505,217.8443411,35.0968874
NDWFS_J143210.6+350747,NDWFSJ1431p3456,1.0,3544.000238541229,7109.999315710933,218.0443027,35.12983419999999
NDWFS_J143104.2+345912,NDWFSJ1431p3456,1.0,6704.999656161204,5114.999419743892,217.7677824,34.9866187
NDWFS_J143119.4+345951,NDWFSJ1431p3456,1.0,5981.00029897626,5266.000531633101,217.8310833,34.997555199999994
NDWFS_J143049.3+350032,NDWFSJ1431p3456,1.0,7414.000450314717,5429.999832791607,217.7056828,35.009043900000016
NDWFS_J143046.7+350537,NDWFSJ1431p3456,1.0,7533.99993221755,6608.999331212639,217.6948506,35.09349429999999
NDWFS_J143057.5+350720,NDWFSJ1431p3456,1.0,7015.000397650437,7006.00000451658,217.7402067,35.122053999999984
NDWFS_J143303.6+343951,NDWFSJ1431p3456,1.0,1007.9995630136546,617.9993943420695,218.2651522,34.664394699999995
NDWFS_J143222.9+344337,NDWFSJ1431p3456,1.0,2955.999466195417,1491.000647488382,218.0954755,34.727173300000004
NDWFS_J143234.1+345308,NDWFSJ1431p3456,1.0,2419.999636252221,3703.000088081544,218.1424376,34.88564979999999
NDWFS_J143201.2+344528,NDWFSJ1431p3456,1.0,3990.999474237527,1917.999948698396,218.0052204,34.75779250000001
NDWFS_J143143.4+345244,NDWFSJ1431p3456,1.0,4840.000408570382,3609.999686607544,217.9310289,34.87900790000001
NDWFS_J143048.5+344150,NDWFSJ1431p3456,1.0,7463.000181886429,1082.0003618403452,217.702597,34.69746289999999
NDWFS_J143106.6+344430,NDWFSJ1431p3456,1.0,6601.000002086058,1699.9995758042714,217.7776018,34.74192390000002
NDWFS_J143020.2+350140,NDWFSJ1431p3456,1.0,8786.000477941016,5692.999816079537,217.5855501,35.027516299999995
NDWFS_J143026.2+351520,NDWFSJ1431p3456,-999.0,8504.999719122148,8878.000544334875,217.6090031,35.2558027
NDWFS_J143107.4+352048,NDWFSJ1431p3456,1.0,6540.99981347356,10138.000560421831,217.7810786,35.3465391
NDWFS_J143057.0+345504,NDWFSJ1431p3456,0.0,7049.999710102015,4156.999745538791,217.7378421,34.917905300000015
NDWFS_J143241.7+344845,NDWFSJ1431p3456,0.0,2057.0000902040665,2685.000480177888,218.1740185,34.8126657
NDWFS_J143228.8+345147,NDWFSJ1431p3456,0.0,2675.000571752912,3388.000475359394,218.1201342,34.863096899999995
NDWFS_J143110.1+352102,NDWFSJ1431p3456,0.0,6412.999851486934,10195.000524422185,217.7923115,35.350644599999995
NDWFS_J143023.5+344454,NDWFSJ1431p3456,0.0,8658.999437257247,1799.9994017002873,217.59808919999998,34.748597100000005
NDWFS_J143056.5+350933,NDWFSJ1431p3456,0.0,7064.000383635215,7523.999844731372,217.7357854,35.15915839999999
NDWFS_J143220.7+350121,NDWFSJ1431p3456,0.0,3062.000152257812,5612.9995747843695,218.086454,35.0225556
NDWFS_J143124.5+345139,NDWFSJ1431p3456,0.0,5739.999821100015,3359.000614887821,217.8524467,34.860936599999995
NDWFS_J143104.0+351239,NDWFSJ1431p3456,0.0,6707.999914206516,8244.999963590415,217.7668284,35.2108865
NDWFS_J143028.2+345444,NDWFSJ1431p3456,0.0,8425.000291493145,4085.9999558804266,217.6177015,34.91247709999998
NDWFS_J143152.3+344543,NDWFSJ1431p3456,0.0,4415.999945714819,1978.9998168752848,217.9681454,34.76215259999999
NDWFS_J143211.0+351343,NDWFSJ1431p3456,0.0,3523.0004061149098,8491.999741949583,218.0461693,35.22885279999999
NDWFS_J143025.7+345648,NDWFSJ1431p3456,0.0,8540.999893715001,4567.999450895144,217.6073923,34.946980900000014
NDWFS_J143100.7+345517,NDWFSJ1431p3456,0.0,6877.000253267229,4206.999368199107,217.7529496,34.921522599999975
NDWFS_J143054.7+350057,NDWFSJ1431p3456,0.0,7158.999472442227,5524.999903810178,217.7279685,35.015907199999994
NDWFS_J143246.1+345837,NDWFSJ1431p3456,0.0,1849.999684098992,4980.000653046312,218.1924186,34.977097399999984
NDWFS_J143307.8+352354,NDWFSJ1431p3456,0.0,832.9999620480362,10861.000323325155,218.282671,35.39830169999998
NDWFS_J143117.8+345431,NDWFSJ1431p3456,0.0,6061.999628982478,4025.0005378480055,217.8242106,34.908618299999986
NDWFS_J143252.8+345508,NDWFSJ1431p3456,0.0,1529.99962455196,4168.999445040976,218.2202679,34.91894199999999
NDWFS_J143233.5+351350,NDWFSJ1431p3456,0.0,2456.0000164815647,8520.999550459523,218.1397724,35.230877299999996
NDWFS_J143248.2+351758,NDWFSJ1431p3456,0.0,1758.0002904710952,9480.99957484109,218.2011509,35.2995828
NDWFS_J143239.1+350102,NDWFSJ1431p3456,0.0,2188.99974735738,5540.999841039942,218.1628376,35.0173333
NDWFS_J143258.2+345119,NDWFSJ1431p3456,0.0,1271.0000978445578,3278.9998348438003,218.242736,34.8551278
NDWFS_J143129.9+345732,NDWFSJ1431p3456,0.0,5485.000263636252,4724.999471587691,217.8745422,34.95885020000001
NDWFS_J143048.0+351048,NDWFSJ1431p3456,0.0,7470.000058927734,7814.999525361887,217.7001195,35.179918599999986
NDWFS_J143236.1+345735,NDWFSJ1431p3456,0.0,2326.0004273425407,4739.999678172344,218.1507626,34.95995030000001
NDWFS_J143024.1+344927,NDWFSJ1431p3456,0.0,8623.999920231698,2857.0000401651287,217.6007583,34.82435139999999
NDWFS_J143141.1+345351,NDWFSJ1431p3456,0.0,4950.000414182355,3869.999333839869,217.921397,34.89763140000001
NDWFS_J143125.7+350424,NDWFSJ1431p3456,0.0,5680.999815834166,6325.000304970938,217.8571752,35.0734753
NDWFS_J143215.2+344904,NDWFSJ1431p3456,0.0,3321.999712452024,2756.999516018721,218.0636048,34.817911
NDWFS_J143221.4+345216,NDWFSJ1431p3456,0.0,3025.999905136281,3503.0001478317063,218.089485,34.87135799999999
NDWFS_J143251.0+344224,NDWFSJ1431p3456,0.0,1609.00008717012,1207.000576165371,218.2128824,34.70669610000001
NDWFS_J143320.6+350330,NDWFSJ1431p3456,0.0,208.99961295704088,6120.999752985055,218.3362411,35.0585714
NDWFS_J143244.7+351331,NDWFSJ1431p3456,0.0,1923.0003091762733,8445.00009258559,218.1865189,35.225378600000006
NDWFS_J143031.9+345729,NDWFSJ1431p3456,0.0,8244.000224458054,4722.999672326352,217.6333048,34.958173299999984
NDWFS_J143251.6+345855,NDWFSJ1431p3456,0.0,1588.000440377938,5051.000381949028,218.215344,34.98215109999998
NDWFS_J143058.1+344351,NDWFSJ1431p3456,0.0,7007.999773642946,1547.0001764519884,217.7421442,34.73088319999997
NDWFS_J143106.4+343949,NDWFSJ1431p3456,0.0,6613.999818008224,608.9998411759743,217.7766992,34.66373829999999
NDWFS_J143213.1+351710,NDWFSJ1431p3456,0.0,3422.999936219413,9291.000381686696,218.0549631,35.286095899999985
NDWFS_J143139.7+345240,NDWFSJ1431p3456,0.0,5015.999533808437,3593.000300340931,217.9156561,34.877777099999996
NDWFS_J143051.3+345749,NDWFSJ1431p3456,0.0,7318.999866118404,4797.000329637973,217.7141629,34.96370789999999
NDWFS_J143300.0+350702,NDWFSJ1431p3456,0.0,1192.0001545421335,6939.000207385099,218.2503468,35.11737289999999
NDWFS_J143221.7+350144,NDWFSJ1431p3456,0.0,3013.9994843323725,5702.999973521968,218.0906595,35.02900229999998
NDWFS_J143027.6+350054,NDWFSJ1431p3456,0.0,8449.000429723932,5517.000478556331,217.6151018,35.0150079
NDWFS_J143211.0+344720,NDWFSJ1431p3456,0.0,3524.9999633595216,2351.99934451894,218.045877,34.78889289999999
NDWFS_J143026.4+351302,NDWFSJ1431p3456,0.0,8494.00003509147,8341.000215548047,217.6101599,35.21733269999998
NDWFS_J143153.8+345050,NDWFSJ1431p3456,0.0,4344.000309847139,3168.999482632811,217.9743757,34.84743139999999
NDWFS_J143146.6+350213,NDWFSJ1431p3456,0.0,4685.000058488985,5817.0003335237125,217.9444185,35.0371634
NDWFS_J143251.2+344828,NDWFSJ1431p3456,0.0,1604.9995449675002,2619.9999030268064,218.2134608,34.80795289999998
NDWFS_J143205.8+350935,NDWFSJ1431p3456,0.0,3770.000009257453,7529.000521449325,218.0245012,35.159857499999994
NDWFS_J143242.5+350536,NDWFSJ1431p3456,0.0,2024.9999689359968,6603.999616497789,218.1773279,35.093483500000005
NDWFS_J143146.2+350547,NDWFSJ1431p3456,0.0,4705.00012687343,6647.000436431539,217.9426101,35.0966343
NDWFS_J143224.6+350358,NDWFSJ1431p3456,0.0,2878.0004268649727,6220.999638746687,218.1025962,35.06611179999999
NDWFS_J143226.6+345044,NDWFSJ1431p3456,0.0,2770.999508230884,3143.999969655225,218.1117314,34.8456183
NDWFS_J143205.3+350605,NDWFSJ1431p3456,0.0,3794.999915675075,6715.000595569392,218.022311,35.10153369999998
NDWFS_J143102.3+350636,NDWFSJ1431p3456,0.0,6793.99959798099,6837.999313970515,217.7596065,35.1100602
NDWFS_J143144.3+344558,NDWFSJ1431p3456,0.0,4797.999876262259,2035.0006392079893,217.9348182,34.766146
NDWFS_J143112.4+350656,NDWFSJ1431p3456,0.0,6313.0000078721805,6915.999355409758,217.8017254,35.11573309999999
NDWFS_J143228.6+351352,NDWFSJ1431p3456,0.0,2686.999480241704,8528.000014417257,218.1195086,35.231396499999995
NDWFS_J143215.0+345117,NDWFSJ1431p3456,0.0,3333.0005284857225,3272.0002035407333,218.0626617,34.85481619999998
NDWFS_J143039.1+351224,NDWFSJ1431p3456,0.0,7892.999504625223,8190.999847129497,217.6629188,35.2067536
NDWFS_J143028.3+344337,NDWFSJ1431p3456,0.0,8432.000255692306,1497.9996501760825,217.617992,34.727023
NDWFS_J143054.3+345606,NDWFSJ1431p3456,0.0,7180.000562842915,4397.000653694828,217.7264195,34.935075799999986
NDWFS_J143109.2+345206,NDWFSJ1431p3456,0.0,6472.999608782465,3465.0000006718365,217.7884086,34.86842579999998
NDWFS_J143157.6+344958,NDWFSJ1431p3456,0.0,4162.00020406541,2967.9998245411616,217.9902741,34.83303319999999
NDWFS_J143054.0+350533,NDWFSJ1431p3456,0.0,7185.999456425905,6594.999612600426,217.7253314,35.092569700000006
NDWFS_J143126.4+350211,NDWFSJ1431p3456,0.0,5647.000063738946,5806.999646619537,217.8602251,35.036362899999986
NDWFS_J143111.1+350727,NDWFSJ1431p3456,0.0,6371.999591254278,7034.999398318911,217.7965336,35.12425
NDWFS_J143137.5+350750,NDWFSJ1431p3456,0.0,5118.999794090154,7122.999474923625,217.9063025,35.1307107
NDWFS_J143258.1+351030,NDWFSJ1431p3456,0.0,1286.0003339262057,7746.999626529398,218.242264,35.1752809
NDWFS_J143234.5+352337,NDWFSJ1431p3456,0.0,2409.000301490002,10793.000440994236,218.1441312,35.39364669999998
NDWFS_J143200.1+350519,NDWFSJ1431p3456,0.0,4043.999832946767,6537.000626059404,218.000505,35.0887774
NDWFS_J143222.7+345153,NDWFSJ1431p3456,0.0,2968.0003183575186,3410.999629032087,218.0945455,34.86476249999999
NDWFS_J143103.2+345724,NDWFSJ1431p3456,0.0,6755.9999617712165,4700.000359349288,217.7634145,34.956872299999986
NDWFS_J143112.2+344415,NDWFSJ1431p3456,0.0,6332.000166233247,1640.0000416993998,217.8010729,34.73766920000001
NDWFS_J143101.1+350803,NDWFSJ1431p3456,0.0,6849.00035087408,7177.000241507172,217.7547101,35.13433919999999
NDWFS_J143252.0+350150,NDWFSJ1431p3456,0.0,1569.00056319207,5727.999930538075,218.2171183,35.03065869999998
NDWFS_J143017.9+344810,NDWFSJ1431p3456,0.0,8927.000342832918,2558.000455346468,217.5744236,34.80283119999997
NDWFS_J143051.6+345153,NDWFSJ1431p3456,0.0,7312.999462071475,3418.999863345612,217.7150533,34.86496609999999
NDWFS_J143114.9+350532,NDWFSJ1431p3456,0.0,6190.000450005682,6590.999545539962,217.8125596,35.0924656
NDWFS_J143306.5+352311,NDWFSJ1431p3456,0.0,894.9995880714023,10697.999538324002,218.2771855,35.38663600000002
NDWFS_J143220.1+350821,NDWFSJ1431p3456,0.0,3093.9997406880366,7243.000489411688,218.0837379,35.139350800000024
NDWFS_J143039.6+351908,NDWFSJ1431p3456,0.0,7863.0004444271535,9758.000465705714,217.665065,35.319027799999986
NDWFS_J143235.3+344325,NDWFSJ1431p3456,0.0,2364.0004392219244,1443.999850670374,218.1470906,34.723763999999996
NDWFS_J143108.7+350329,NDWFSJ1431p3456,0.0,6491.99960189058,6112.99968065272,217.7862089,35.05816709999999
NDWFS_J143122.1+344957,NDWFSJ1431p3456,0.0,5857.999798035501,2963.9993480122066,217.8422027,34.832616200000004
NDWFS_J143257.3+344943,NDWFSJ1431p3456,0.0,1313.0005540309853,2907.9994097489835,218.2389996,34.82854869999998
NDWFS_J143252.4+344153,NDWFSJ1431p3456,0.0,1544.0004971654002,1088.9997609202285,218.218529,34.69823100000002
NDWFS_J143042.7+350909,NDWFSJ1431p3456,0.0,7724.00014204505,7436.000203233949,217.6779646,35.15270269999998
NDWFS_J143145.0+345618,NDWFSJ1431p3456,0.0,4763.000165533104,4437.000420647786,217.9376941,34.938273999999986
NDWFS_J143302.5+343905,NDWFSJ1431p3456,0.0,1059.0002633588306,436.9996013287091,218.2606718,34.65143239999998
NDWFS_J143104.1+350454,NDWFSJ1431p3456,0.0,6705.999927102472,6444.999642608884,217.7674017,35.08191770000001
NDWFS_J143241.4+351215,NDWFSJ1431p3456,0.0,2078.999795190278,8148.999705566144,218.1727968,35.20418850000001
NDWFS_J143253.1+345032,NDWFSJ1431p3456,0.0,1512.0003835768198,3074.9994581778874,218.221655,34.8405452
NDWFS_J143109.4+345622,NDWFSJ1431p3456,0.0,6461.000116561867,4456.000660922033,217.7892571,34.93944049999999
NDWFS_J143240.8+350317,NDWFSJ1431p3456,0.0,2106.0002422395964,6065.000269536809,218.170166,35.054871500000004
NDWFS_J143035.0+344748,NDWFSJ1431p3456,0.0,8107.000205008489,2472.0002593506943,217.6460143,34.79691059999998
NDWFS_J143154.1+344801,NDWFSJ1431p3456,0.0,4333.000506174489,2512.999344234191,217.9753635,34.800422699999984
NDWFS_J143158.3+344036,NDWFSJ1431p3456,0.0,4129.999532245831,786.9998579132434,217.9931254,34.67673979999998
NDWFS_J143155.1+345025,NDWFSJ1431p3456,0.0,4282.999752756011,3070.999650150381,217.9797061,34.840410799999994
NDWFS_J143045.3+350948,NDWFSJ1431p3456,0.0,7595.999801189637,7585.9995112417055,217.6891393,35.16348129999998
NDWFS_J143202.3+350416,NDWFSJ1431p3456,0.0,3937.9997629863296,6294.999621984654,218.0097909,35.071438799999974
NDWFS_J143203.3+344831,NDWFSJ1431p3456,0.0,3889.999551468548,2629.0001813803965,218.0140245,34.8087446
NDWFS_J143250.0+350625,NDWFSJ1431p3456,0.0,1668.000273815815,6793.999874549714,218.208624,35.1070539
NDWFS_J143053.5+352005,NDWFSJ1431p3531,1.0,6588.999955395081,1736.0003698795354,217.7233177,35.3349472
NDWFS_J143141.2+352110,NDWFSJ1431p3531,1.0,4325.999727188208,1983.999908672853,217.9220649,35.35304349999999
NDWFS_J143203.8+351855,NDWFSJ1431p3531,1.0,3257.999847386418,1460.9999633577863,218.0158967,35.3156169
NDWFS_J143202.5+351904,NDWFSJ1431p3531,1.0,3316.0000425033086,1491.000552666328,218.0108031,35.31776579999998
NDWFS_J143153.0+351434,NDWFSJ1431p3531,1.0,3770.000195915791,448.0006744609764,217.9709818,35.24302949999999
NDWFS_J143055.0+352854,NDWFSJ1431p3531,1.0,6513.00032533683,3787.999472735977,217.7294715,35.481964399999995
NDWFS_J143057.6+354548,NDWFSJ1431p3531,1.0,6379.000017082912,7717.000210612892,217.7402986,35.76341219999999
NDWFS_J143302.8+354729,NDWFSJ1431p3531,1.0,470.9999168083423,8107.999533455419,218.2620014,35.791512399999995
NDWFS_J143114.9+354146,NDWFSJ1431p3531,1.0,5564.000324250077,6779.000157240655,217.8124268,35.69637979999999
NDWFS_J143236.8+351759,NDWFSJ1431p3531,1.0,1689.0002888683343,1243.000578934767,218.1536531,35.29992949999999
NDWFS_J143128.2+352656,NDWFSJ1431p3531,1.0,4945.000247357868,3325.9997018122976,217.8675022,35.4491252
NDWFS_J143232.5+351532,NDWFSJ1431p3531,1.0,1895.0004809265024,673.9999605934609,218.1355119,35.2591816
NDWFS_J143246.9+351604,NDWFSJ1431p3531,1.0,1212.0003805634803,796.999956335183,218.1954664,35.2679241
NDWFS_J143235.8+351742,NDWFSJ1431p3531,1.0,1739.0000612112278,1177.9997377813816,218.1492562,35.29527719999999
NDWFS_J143244.2+351842,NDWFSJ1431p3531,1.0,1339.0002689550092,1408.0001380507929,218.1844051,35.311713899999994
NDWFS_J143221.6+351938,NDWFSJ1431p3531,1.0,2408.000124590328,1625.0004704543571,218.0905485,35.32734829999998
NDWFS_J143243.7+352033,NDWFSJ1431p3531,1.0,1362.9998439253918,1842.000297198316,218.1823571,35.34280950000001
NDWFS_J143211.1+351511,NDWFSJ1431p3531,1.0,2910.9997027162144,588.9993322602768,218.0463514,35.253140899999984
NDWFS_J143203.7+351657,NDWFSJ1431p3531,1.0,3259.0005008234766,1001.0005095236156,218.015812,35.282660699999994
NDWFS_J143130.2+351710,NDWFSJ1431p3531,1.0,4851.00031839218,1052.0001840494351,217.8760605,35.28622499999999
NDWFS_J143045.5+351445,NDWFSJ1431p3531,1.0,6972.999837031657,497.9996108316864,217.6899468,35.24616480000002
NDWFS_J143113.0+351744,NDWFSJ1431p3531,1.0,5666.999710485166,1184.999867993527,217.8044047,35.29564539999999
NDWFS_J143100.4+351949,NDWFSJ1431p3531,1.0,6263.999593713639,1670.999383928645,217.7518788,35.33035769999999
NDWFS_J143248.0+351429,NDWFSJ1431p3531,1.0,1154.0002172629518,430.99963841932185,218.2005009,35.24169450000001
NDWFS_J143222.2+352054,NDWFSJ1431p3531,1.0,2383.999980807323,1919.9995544439955,218.0926739,35.34848149999998
NDWFS_J143115.1+351709,NDWFSJ1431p3531,1.0,5566.999481685114,1049.9996790200894,217.8132085,35.28598899999998
NDWFS_J143149.1+352122,NDWFSJ1431p3531,1.0,3954.000470670274,2025.000127770738,217.9547441,35.35600379999998
NDWFS_J143130.4+352325,NDWFSJ1431p3531,1.0,4838.000125328364,2506.9997974838097,217.8770174,35.39046539999999
NDWFS_J143050.2+351506,NDWFSJ1431p3531,1.0,6753.000448781567,575.0003385112122,217.7092284,35.25173300000001
NDWFS_J143246.2+351431,NDWFSJ1431p3531,1.0,1244.999785617436,438.00012911147314,218.192518,35.24220739999998
NDWFS_J143303.5+351440,NDWFSJ1431p3531,1.0,418.9997784180728,472.9996881283933,218.2649952,35.2445928
NDWFS_J143227.8+351656,NDWFSJ1431p3531,1.0,2115.000051673805,994.9999506432578,218.1162315,35.28219589999999
NDWFS_J143235.4+351653,NDWFSJ1431p3531,1.0,1758.0003211792975,985.000274197464,218.1475675,35.28145159999998
NDWFS_J143240.4+351741,NDWFSJ1431p3531,1.0,1518.9998891915486,1174.0005038948966,218.1685701,35.29496919999998
NDWFS_J143231.6+351755,NDWFSJ1431p3531,1.0,1939.0001378557745,1226.9995169279157,218.1317022,35.2988046
NDWFS_J143201.5+351418,NDWFSJ1431p3531,1.0,3367.0001490985105,384.9994217193125,218.0063411,35.23852590000001
NDWFS_J143203.7+351603,NDWFSJ1431p3531,1.0,3263.9995157134936,793.0004790583753,218.0153747,35.2677585
NDWFS_J143212.3+351648,NDWFSJ1431p3531,1.0,2855.000294962274,966.0006522618404,218.0512742,35.280150299999995
NDWFS_J143140.3+351722,NDWFSJ1431p3531,1.0,4369.999655399629,1101.0005224832275,217.9182798,35.289779599999974
NDWFS_J143133.5+351729,NDWFSJ1431p3531,1.0,4692.999866894498,1127.0003161117402,217.8899216,35.29161440000001
NDWFS_J143217.1+351800,NDWFSJ1431p3531,1.0,2623.000504772897,1248.0006792950444,218.0716501,35.300347699999996
NDWFS_J143140.9+351902,NDWFSJ1431p3531,1.0,4343.000420017094,1485.9998332927407,217.9206157,35.31736439999998
NDWFS_J143134.6+351937,NDWFSJ1431p3531,1.0,4642.000189371078,1622.0002139921053,217.8943435,35.327082699999984
NDWFS_J143144.8+351954,NDWFSJ1431p3531,1.0,4159.000547257778,1687.99998942632,217.9367587,35.33184889999999
NDWFS_J143129.0+352138,NDWFSJ1431p3531,1.0,4900.000164276378,2088.0006650244195,217.8716231,35.36044149999999
NDWFS_J143209.6+352124,NDWFSJ1431p3531,1.0,2980.999813947932,2036.0003663811312,218.0402295,35.35681039999999
NDWFS_J143128.1+352152,NDWFSJ1431p3531,1.0,4947.000317707456,2144.999550641549,217.8674859,35.364519699999995
NDWFS_J143050.5+351611,NDWFSJ1431p3531,1.0,6735.999923460362,829.0006603286565,217.7106515,35.26993459999999
NDWFS_J143104.2+351633,NDWFSJ1431p3531,1.0,6085.000178465718,909.9994842778924,217.7677683,35.27587150000001
NDWFS_J143054.1+351712,NDWFSJ1431p3531,1.0,6563.000404537854,1062.9999085219642,217.7257745,35.2867374
NDWFS_J143057.8+351721,NDWFSJ1431p3531,1.0,6390.999774832228,1099.0004066039671,217.7408643,35.2893527
NDWFS_J143038.5+352046,NDWFSJ1431p3531,1.0,7301.000053160666,1895.9994812211296,217.6607308,35.34623879999997
NDWFS_J143053.2+352130,NDWFSJ1431p3531,1.0,6605.000535785232,2064.0002894969584,217.7218268,35.358441899999995
NDWFS_J143212.5+353807,NDWFSJ1431p3531,1.0,2844.999835794919,5926.999508165427,218.0522739,35.6355369
NDWFS_J143222.9+354005,NDWFSJ1431p3531,1.0,2353.000481577846,6383.000086463242,218.0956742,35.668180199999995
NDWFS_J143302.2+354310,NDWFSJ1431p3531,1.0,495.99946628500766,7101.999544664199,218.2595875,35.71946849999999
NDWFS_J143215.3+354459,NDWFSJ1431p3531,1.0,2709.999440472867,7522.999312793909,218.0642307,35.74984390000001
NDWFS_J143233.1+354825,NDWFSJ1431p3531,1.0,1870.0000314098431,8324.999732742752,218.1384626,35.80723360000001
NDWFS_J143138.2+353904,NDWFSJ1431p3531,1.0,4459.999791973738,6147.999798724162,217.9098828,35.651316
NDWFS_J143211.8+353926,NDWFSJ1431p3531,1.0,2878.9995314071416,6235.999967019914,218.0492835,35.65767000000001
NDWFS_J143112.1+353932,NDWFSJ1431p3531,1.0,5700.0001752277485,6258.000129874024,217.80053,35.65904239999999
NDWFS_J143134.7+354011,NDWFSJ1431p3531,1.0,4630.999847209563,6406.999722423887,217.8947766,35.66985170000001
NDWFS_J143136.8+354310,NDWFSJ1431p3531,1.0,4526.000046056482,7102.999743493088,217.9039643,35.71971070000001
NDWFS_J143147.7+354549,NDWFSJ1431p3531,1.0,4014.999825195269,7715.999343945379,217.9490173,35.763650000000005
NDWFS_J143156.0+354740,NDWFSJ1431p3531,1.0,3626.000502387188,8146.999933347553,217.9833474,35.79453359999998
NDWFS_J143154.9+354748,NDWFSJ1431p3531,1.0,3678.999769422236,8176.999425777041,217.9786651,35.79668039999999
NDWFS_J143145.9+354713,NDWFSJ1431p3531,1.0,4097.999596764307,8044.999493313615,217.9416657,35.787207499999994
NDWFS_J143049.6+353950,NDWFSJ1431p3531,1.0,6762.999892516174,6330.999828530923,217.706777,35.6640616
NDWFS_J143029.1+354220,NDWFSJ1431p3531,1.0,7726.999658138999,6915.000229464255,217.6215661,35.7056361
NDWFS_J143037.6+354232,NDWFSJ1431p3531,1.0,7327.000199231267,6961.999713324982,217.6568415,35.7091145
NDWFS_J143026.5+354522,NDWFSJ1431p3531,1.0,7846.999727365414,7620.999969166725,217.6107261,35.75616329999998
NDWFS_J143043.4+354730,NDWFSJ1431p3531,1.0,7046.999555467273,8113.999701915312,217.6812037,35.7916911
NDWFS_J143216.3+352540,NDWFSJ1431p3531,1.0,2664.00039465715,3029.0006636130747,218.0681185,35.42794159999998
NDWFS_J143257.2+352544,NDWFSJ1431p3531,1.0,724.9994370696668,3047.9995044769566,218.2386244,35.42912049999998
NDWFS_J143221.1+352656,NDWFSJ1431p3531,1.0,2437.999473595154,3335.9998103691632,218.0880086,35.4499253
NDWFS_J143227.5+353434,NDWFSJ1431p3531,1.0,2136.999466982602,5101.000459418545,218.1146222,35.57634129999999
NDWFS_J143127.8+352740,NDWFSJ1431p3531,1.0,4961.999886648682,3492.999467886075,217.8659842,35.4610865
NDWFS_J143116.0+352926,NDWFSJ1431p3531,1.0,5518.000242687598,3906.000561479279,217.8170001,35.490598299999995
NDWFS_J143123.1+353000,NDWFSJ1431p3531,1.0,5185.000351729988,4037.9998310680166,217.8462836,35.500100399999994
NDWFS_J143201.4+353025,NDWFSJ1431p3531,1.0,3369.00033428789,4134.999680530109,218.0061084,35.5071776
NDWFS_J143113.6+353508,NDWFSJ1431p3531,1.0,5629.999433197578,5234.999878312101,217.8068949,35.5857794
NDWFS_J143132.6+353504,NDWFSJ1431p3531,1.0,4732.000009243935,5215.999402682246,217.8860116,35.58453429999999
NDWFS_J143149.1+353457,NDWFSJ1431p3531,1.0,3949.999675217568,5187.999703058602,217.9549074,35.58258749999999
NDWFS_J143119.4+353759,NDWFSJ1431p3531,1.0,5356.000029799592,5897.000488480524,217.8309238,35.633237799999996
NDWFS_J143102.1+352723,NDWFSJ1431p3531,1.0,6180.000380472297,3432.000377725333,217.7588535,35.45653000000002
NDWFS_J143037.0+352847,NDWFSJ1431p3531,1.0,7366.000276769682,3762.999662021852,217.6544254,35.47996809999998
NDWFS_J143104.9+352858,NDWFSJ1431p3531,1.0,6042.000005062042,3799.00058809057,217.7709121,35.48284599999999
NDWFS_J143026.8+352946,NDWFSJ1431p3531,1.0,7845.9994813973935,3993.000571415003,217.6121106,35.496307699999996
NDWFS_J143051.3+353225,NDWFSJ1431p3531,1.0,6686.9995272392935,4603.999514863896,217.7139428,35.540378399999994
NDWFS_J143057.9+353317,NDWFSJ1431p3531,1.0,6373.000249160107,4806.9994946315055,217.7415412,35.55498699999998
NDWFS_J143035.2+353321,NDWFSJ1431p3531,1.0,7447.999793002516,4823.999931437498,217.6468647,35.55594709999998
NDWFS_J143029.5+353352,NDWFSJ1431p3531,1.0,7712.999999685524,4944.999323873963,217.6234852,35.564539299999986
NDWFS_J143047.3+353656,NDWFSJ1431p3531,1.0,6872.999932377348,5657.000485503249,217.6972677,35.615760499999986
NDWFS_J143223.2+351405,NDWFSJ1431p3531,1.0,2335.999609169921,331.9998320135819,218.0967906,35.23470799999999
NDWFS_J143248.4+351729,NDWFSJ1431p3531,1.0,1141.000561077435,1126.000250242516,218.2017481,35.2914862
NDWFS_J143246.4+351727,NDWFSJ1431p3531,1.0,1234.000559172003,1119.99998774682,218.1935829,35.29106799999999
NDWFS_J143236.2+351934,NDWFSJ1431p3531,1.0,1719.9998883736575,1610.999595317231,218.1509718,35.32629699999999
NDWFS_J143217.3+351928,NDWFSJ1431p3531,1.0,2614.999809550759,1587.9997812685033,218.0723668,35.324706099999986
NDWFS_J143228.3+352600,NDWFSJ1431p3531,1.0,2094.999630349299,3106.000662372353,218.118159,35.43342909999999
NDWFS_J143253.5+352228,NDWFSJ1431p3531,1.0,896.999907158809,2284.9998140889893,218.2233681,35.374486
NDWFS_J143237.1+352457,NDWFSJ1431p3531,1.0,1676.0003714537454,2865.000482893058,218.1549781,35.4161301
NDWFS_J143158.8+351536,NDWFSJ1431p3531,1.0,3492.999896186615,687.9995603331063,217.9952793,35.26023259999999
NDWFS_J143128.7+351938,NDWFSJ1431p3531,1.0,4923.000057849846,1625.999432498409,217.8696638,35.32734039999997
NDWFS_J143120.7+352045,NDWFSJ1431p3531,1.0,5298.999843091317,1885.999492990968,217.8365991,35.345920899999996
NDWFS_J143152.7+352325,NDWFSJ1431p3531,1.0,3783.000286221982,2505.000481835696,217.9697453,35.3903989
NDWFS_J143020.0+351655,NDWFSJ1431p3531,1.0,8185.000122213003,1004.999993331985,217.5834162,35.28214949999999
NDWFS_J143104.8+351937,NDWFSJ1431p3531,1.0,6056.00043897182,1623.0005507841925,217.7701576,35.32695849999998
NDWFS_J143102.8+352042,NDWFSJ1431p3531,1.0,6151.000490474276,1874.999655475165,217.7617572,35.3449944
NDWFS_J143059.4+352322,NDWFSJ1431p3531,1.0,6307.000227965075,2495.999545060795,217.7479056,35.38945249999998
NDWFS_J143102.4+352434,NDWFSJ1431p3531,1.0,6164.999666809537,2777.999535904619,217.760322,35.409682299999986
NDWFS_J143019.1+351725,NDWFSJ1431p3531,1.0,8221.999442323482,1121.999318125983,217.5801238,35.2905198
NDWFS_J143014.6+352454,NDWFSJ1431p3531,0.0,8432.000123708996,2861.9999686075225,217.5609943,35.41510329999999
NDWFS_J143011.4+352633,NDWFSJ1431p3531,0.0,8580.999506651806,3248.0003118862296,217.5477362,35.44270389999999
NDWFS_J143051.8+351749,NDWFSJ1431p3531,0.0,6674.000277035626,1210.9997058843855,217.7159914,35.297316300000006
NDWFS_J143126.2+353324,NDWFSJ1431p3531,0.0,5036.000373770956,4829.999723050118,217.8592843,35.556851699999996
NDWFS_J143127.0+352835,NDWFSJ1431p3531,0.0,4996.000515976016,3706.000322643434,217.8629636,35.476341000000005
NDWFS_J143033.6+353406,NDWFSJ1431p3531,0.0,7523.00024806281,5000.999578681902,217.6402009,35.568604699999995
NDWFS_J143056.4+354030,NDWFSJ1431p3531,0.0,6439.999766238874,6486.000427731848,217.7352213,35.6752346
NDWFS_J143207.9+352457,NDWFSJ1431p3531,0.0,3062.000205622058,2861.9998280045893,218.0331196,35.4159857
NDWFS_J143137.9+351851,NDWFSJ1431p3531,0.0,4487.00009292775,1441.999790532638,217.9079746,35.3142007
NDWFS_J143211.5+353924,NDWFSJ1431p3531,0.0,2890.0001013517385,6227.000340393821,218.0483133,35.65702559999999
NDWFS_J143028.0+354149,NDWFSJ1431p3531,0.0,7779.000315027859,6793.999715872964,217.617021,35.69695459999998
NDWFS_J143031.4+354941,NDWFSJ1431p3531,0.0,7614.999967309901,8624.99996777701,217.6308646,35.82813309999999
NDWFS_J143226.1+352725,NDWFSJ1431p3531,0.0,2200.999685403714,3435.9994880196537,218.1088617,35.45707609999999
NDWFS_J143048.0+352225,NDWFSJ1431p3531,0.0,6847.999472144167,2277.9998744958866,217.7004177,35.3737178
NDWFS_J143150.4+353902,NDWFSJ1431p3531,0.0,3889.999565577069,6140.000062750481,217.9601408,35.6507799
NDWFS_J143034.0+353709,NDWFSJ1431p3531,0.0,7500.999590309403,5708.999473202232,217.6419046,35.619322999999994
NDWFS_J143109.2+353342,NDWFSJ1431p3531,0.0,5837.000005630815,4900.000374363877,217.7887263,35.56174949999998
NDWFS_J143031.5+354443,NDWFSJ1431p3531,0.0,7613.99967658951,7470.000126823921,217.6313467,35.74541760000002
NDWFS_J143122.1+354743,NDWFSJ1431p3531,0.0,5223.999735353847,8162.999771780691,217.8422032,35.79554969999999
NDWFS_J143241.2+354233,NDWFSJ1431p3531,0.0,1485.000144984521,6959.000165744001,218.1722964,35.7093654
NDWFS_J143042.4+352453,NDWFSJ1431p3531,0.0,7113.999593783856,2853.0003749522675,217.676871,35.4148453
NDWFS_J143132.5+354310,NDWFSJ1431p3531,0.0,4734.000062735319,7101.000195165685,217.8856098,35.719547900000016
NDWFS_J143147.5+354859,NDWFSJ1431p3531,0.0,4023.999517968283,8455.000270251963,217.9481742,35.8165744
NDWFS_J143043.6+351708,NDWFSJ1431p3531,0.0,7064.9997043306375,1052.0005954438602,217.6817114,35.28583329999999
NDWFS_J143127.7+354108,NDWFSJ1431p3531,0.0,4962.00055150096,6628.999610715135,217.865555,35.68571750000001
NDWFS_J143109.2+353818,NDWFSJ1431p3531,0.0,5833.999828731396,5971.999883123233,217.7887724,35.638535200000014
NDWFS_J143110.6+352603,NDWFSJ1431p3531,0.0,5773.999884861181,3122.0006752814224,217.7946278,35.43439549999999
NDWFS_J143116.3+351710,NDWFSJ1431p3531,0.0,5508.999689579436,1051.9996023772146,217.8182995,35.286140999999986
NDWFS_J143038.4+351910,NDWFSJ1431p3531,0.0,7308.000340253068,1520.9998081660233,217.6602336,35.3193716
NDWFS_J143029.0+353537,NDWFSJ1431p3531,0.0,7736.99980640551,5350.999545470106,217.6212299,35.5936133
NDWFS_J143047.0+351847,NDWFSJ1431p3531,0.0,6899.999759245098,1430.0006921730237,217.6960883,35.3129542
NDWFS_J143127.6+354944,NDWFSJ1431p3531,0.0,4958.999831525422,8629.999843267211,217.8655451,35.829026899999995
NDWFS_J143301.6+353818,NDWFSJ1431p3531,0.0,521.9998493675316,5971.999716453764,218.2570645,35.638538599999976
NDWFS_J143243.8+352017,NDWFSJ1431p3531,0.0,1360.9995763366376,1776.999584543204,218.1825239,35.338152500000014
NDWFS_J143024.2+353826,NDWFSJ1431p3531,0.0,7962.99964882626,6009.999972860296,217.6010767,35.6407468
NDWFS_J143214.6+352012,NDWFSJ1431p3531,0.0,2745.999509370208,1757.9999498522084,218.0608673,35.33688939999999
NDWFS_J143219.7+353057,NDWFSJ1431p3531,0.0,2501.999466068731,4259.99964970271,218.0824262,35.5161189
NDWFS_J143052.0+352557,NDWFSJ1431p3531,0.0,6656.999754162325,3101.999338573052,217.7169832,35.43279110000002
NDWFS_J143139.5+353029,NDWFSJ1431p3531,0.0,4406.000247264572,4149.999596506048,217.9148327,35.50820439999998
NDWFS_J143212.9+353705,NDWFSJ1431p3531,0.0,2823.999960851936,5686.000471131414,218.0541188,35.6182744
NDWFS_J143140.8+351846,NDWFSJ1431p3531,0.0,4348.999888328893,1424.000171157897,217.9200944,35.31292209999999
NDWFS_J143310.1+352732,NDWFSJ1431p3531,0.0,114.99980734947212,3467.9997130386,218.2923613,35.4591009
NDWFS_J143155.3+352200,NDWFSJ1431p3531,0.0,3662.000365275788,2178.0005290422177,217.9803927,35.3669768
NDWFS_J143156.4+352602,NDWFSJ1431p3531,0.0,3605.999822466714,3115.999777845668,217.9852822,35.43417599999998
NDWFS_J143043.2+353608,NDWFSJ1431p3531,0.0,7067.999622034119,5471.99975488555,217.6801373,35.60246189999999
NDWFS_J143019.4+351751,NDWFSJ1431p3531,0.0,8211.999682244237,1222.000581762084,217.5809634,35.29768729999999
NDWFS_J143022.7+354324,NDWFSJ1431p3531,0.0,8031.000286924531,7169.00021599391,217.594651,35.723735299999994
NDWFS_J143210.4+352720,NDWFSJ1431p3531,0.0,2942.9998199592847,3415.9996118491617,218.0435917,35.45567159999999
NDWFS_J143248.4+354223,NDWFSJ1431p3531,0.0,1145.9999741060994,6920.999735340953,218.2022014,35.70660329999997
NDWFS_J143222.4+353511,NDWFSJ1431p3531,0.0,2380.000489437153,5245.000023845827,218.0932246,35.586670099999985
NDWFS_J143132.4+352038,NDWFSJ1431p3531,0.0,4746.999900876298,1857.9993375534832,217.8850935,35.34398
NDWFS_J143119.5+352040,NDWFSJ1431p3531,0.0,5357.000559580552,1869.0004361547528,217.8315068,35.34469509999999
NDWFS_J143250.6+353622,NDWFSJ1431p3531,0.0,1042.0004826383424,5522.000086652246,218.2111499,35.60638619999998
NDWFS_J143225.6+353423,NDWFSJ1431p3531,0.0,2224.9998986439496,5056.000225072185,218.1068669,35.57312349999999
NDWFS_J143311.0+354314,NDWFSJ1431p3531,0.0,81.99949742820809,7118.000268307238,218.2961237,35.720537699999994
NDWFS_J143213.0+352744,NDWFSJ1431p3531,0.0,2819.999446337533,3510.999608509581,218.0544137,35.462474799999995
NDWFS_J143029.4+353724,NDWFSJ1431p3531,0.0,7720.999857144621,5767.000208805646,217.622495,35.623414600000004
NDWFS_J143215.9+351900,NDWFSJ1431p3531,0.0,2683.999461979647,1479.9993786433715,218.066303,35.31697089999998
NDWFS_J143143.0+353100,NDWFSJ1431p3531,0.0,4240.000396593661,4270.99960920223,217.9294339,35.51688430000001
NDWFS_J143255.8+351822,NDWFSJ1431p3531,0.0,788.9996914659855,1335.0001268059368,218.2326873,35.30641049999999
NDWFS_J143259.9+353118,NDWFSJ1431p3531,0.0,601.0000667346217,4342.999741000782,218.2497811,35.52186789999998
NDWFS_J143154.7+354300,NDWFSJ1431p3531,0.0,3682.9998898827102,7063.999460819203,217.9783557,35.71696829999999
NDWFS_J143041.0+354439,NDWFSJ1431p3531,0.0,7162.000464900422,7454.000226823919,217.671249,35.74439469999998
NDWFS_J143103.3+352415,NDWFSJ1431p3531,0.0,6121.9999985735885,2705.0000641745155,217.7641186,35.404460899999975
NDWFS_J143209.0+352239,NDWFSJ1431p3531,0.0,3008.9997496573305,2327.999850535356,218.037773,35.37772979999998
NDWFS_J143305.5+354212,NDWFSJ1431p3531,0.0,343.9999853834406,6882.000695747807,218.2729528,35.703684999999986
NDWFS_J143119.8+352707,NDWFSJ1431p3531,0.0,5337.999913245578,3369.9993993021344,217.8329285,35.4522277
NDWFS_J143232.3+353025,NDWFSJ1431p3531,0.0,1905.9996701277144,4137.999895056448,218.1348786,35.50734289999999
NDWFS_J143045.7+351825,NDWFSJ1431p3531,0.0,6960.000283214911,1351.0002623798136,217.6908424,35.30728009999998
NDWFS_J143206.4+353024,NDWFSJ1431p3531,0.0,3133.999899161756,4129.999883521763,218.0267926,35.5068207
NDWFS_J143038.9+352601,NDWFSJ1431p3531,0.0,7274.999903846597,3121.000117474141,217.6626327,35.43400259999998
NDWFS_J143017.5+353227,NDWFSJ1431p3531,0.0,8288.000304325042,4617.999475496701,217.5729699,35.540938599999976
NDWFS_J143014.0+354447,NDWFSJ1431p3531,0.0,8440.999484831838,7488.999998391861,217.5583418,35.7465192
NDWFS_J143017.5+354519,NDWFSJ1431p3531,0.0,8272.00036900536,7614.999892309432,217.5732098,35.755599499999995
NDWFS_J143038.6+352805,NDWFSJ1431p3531,0.0,7289.999879029725,3598.999675983243,217.6611638,35.46824029999999
NDWFS_J143053.4+353608,NDWFSJ1431p3531,0.0,6584.999958591934,5470.99940391758,217.722698,35.60250359999999
NDWFS_J143119.1+354933,NDWFSJ1431p3531,0.0,5363.0005107720135,8590.000292875062,217.8298541,35.82611030000002
NDWFS_J143116.3+352218,NDWFSJ1431p3531,0.0,5507.0003619102245,2249.000039306604,217.8182627,35.371897
NDWFS_J143228.2+351436,NDWFSJ1431p3531,0.0,2097.9996082871617,457.0000665244497,218.1176802,35.24364949999998
NDWFS_J143131.4+352020,NDWFSJ1431p3531,0.0,4794.999846442659,1789.0004113366283,217.8808855,35.339031899999995
NDWFS_J143254.0+354320,NDWFSJ1431p3531,0.0,885.9998721561055,7141.000297589337,218.2251795,35.72232399999999
NDWFS_J143254.1+353537,NDWFSJ1431p3531,0.0,874.9999732973438,5350.000345799122,218.2258363,35.5940425
NDWFS_J143041.0+351710,NDWFSJ1431p3531,0.0,7185.00008853745,1057.0005442293314,217.6711762,35.286161400000005
NDWFS_J143132.5+352312,NDWFSJ1431p3531,0.0,4739.9994742147865,2455.999909067576,217.8856371,35.386821899999994
NDWFS_J143238.7+354112,NDWFSJ1431p3531,0.0,1605.0005224988172,6646.000403159535,218.161671,35.6869601
NDWFS_J143303.5+353321,NDWFSJ1431p3531,0.0,433.9997239994723,4820.999585445494,218.2645821,35.556079399999994
NDWFS_J143052.3+351614,NDWFSJ1431p3531,0.0,6650.000114741379,840.0006608331169,217.7181963,35.27074190000002
NDWFS_J143103.4+351417,NDWFSJ1431p3531,0.0,6121.999456190701,381.99938875983935,217.7646389,35.23803600000001
NDWFS_J143410.9+331730,NDWFSJ1434p3311,1.0,5133.999947797764,5649.999870059222,218.5455115,33.29165949999999
NDWFS_J143436.3+330406,NDWFSJ1434p3311,1.0,3877.0002673271774,2540.999845513052,218.6516129,33.068446999999985
NDWFS_J143541.0+332137,NDWFSJ1434p3311,1.0,761.999612253634,6640.999443592604,218.9209942,33.3605248
NDWFS_J143432.1+332435,NDWFSJ1434p3311,1.0,4114.0005276902,7305.00003323443,218.6337937,33.409833999999975
NDWFS_J143453.9+332725,NDWFSJ1434p3311,1.0,3056.0005470449787,7970.000412150679,218.7249996,33.45700089999998
NDWFS_J143330.1+332557,NDWFSJ1434p3311,1.0,7122.000407096598,7611.000084980586,218.3756805,33.432754799999984
NDWFS_J143456.1+331009,NDWFSJ1434p3311,1.0,2921.999777732304,3955.000235052059,218.7340999,33.16929859999999
NDWFS_J143550.1+331009,NDWFSJ1434p3311,1.0,293.00029374691803,3974.999742331269,218.95912,33.16925129999999
NDWFS_J143400.8+331107,NDWFSJ1434p3311,1.0,5617.999890957053,4161.999395671572,218.5034221,33.185224899999966
NDWFS_J143322.9+331536,NDWFSJ1434p3311,1.0,7462.999730036953,5199.000348936785,218.3457453,33.26002279999999
NDWFS_J143328.1+331746,NDWFSJ1434p3311,1.0,7212.000389799456,5707.000225893931,218.3674005,33.296360399999976
NDWFS_J143517.6+325816,NDWFSJ1434p3311,1.0,1857.00032185065,1196.0006541261173,218.8233953,32.97112719999998
NDWFS_J143455.1+330134,NDWFSJ1434p3311,1.0,2957.9995190745904,1959.999698497479,218.7298335,33.0264128
NDWFS_J143457.6+330343,NDWFSJ1434p3311,1.0,2838.000307585274,2458.0003479871702,218.7403868,33.06202529999999
NDWFS_J143506.6+330504,NDWFSJ1434p3311,1.0,2406.999952134287,2776.999654068877,218.7774314,33.08465869999998
NDWFS_J143431.7+325435,NDWFSJ1434p3311,1.0,4089.999790172311,324.9994323740975,218.63227,32.909813199999974
NDWFS_J143416.8+325934,NDWFSJ1434p3311,1.0,4822.000503473207,1481.000491031442,218.5703355,32.992898699999984
NDWFS_J143304.1+325819,NDWFSJ1434p3311,1.0,8370.999745300913,1179.0002945258602,218.267114,32.97222109999999
NDWFS_J143350.7+330518,NDWFSJ1434p3311,1.0,6102.999744106153,2806.999437766488,218.4614009,33.08831039999998
NDWFS_J143355.3+330253,NDWFSJ1434p3311,1.0,5876.999849041715,2246.000128792206,218.480512,33.048055699999985
NDWFS_J143317.7+330444,NDWFSJ1434p3311,1.0,7707.999864110236,2671.0006686811,218.3241116,33.07897249999998
NDWFS_J143359.5+333035,NDWFSJ1434p3311,1.0,5699.999803371972,8694.000535526859,218.4982114,33.5099471
NDWFS_J143302.5+330201,NDWFSJ1434p3311,1.0,8447.99944241729,2036.0005764936177,218.2607085,33.03362100000001
NDWFS_J143546.5+332926,NDWFSJ1434p3311,1.0,511.999542754691,8459.999882948445,218.9438494,33.49068460000001
NDWFS_J143523.0+332942,NDWFSJ1434p3311,1.0,1651.9998961610909,8513.00013487003,218.8459497,33.495167099999996
NDWFS_J143413.6+332944,NDWFSJ1434p3311,1.0,5018.0001279937815,8500.000148926769,218.5567347,33.49580969999998
NDWFS_J143338.4+332934,NDWFSJ1434p3311,1.0,6721.999635069387,8451.99987921122,218.4103005,33.492911099999986
NDWFS_J143318.7+333009,NDWFSJ1434p3311,1.0,7679.000453805591,8583.999479384946,218.3281038,33.5025973
NDWFS_J143355.6+333114,NDWFSJ1434p3346,1.0,5914.999825829937,711.9997326895591,218.4819404,33.52068429999999
NDWFS_J143510.3+330449,NDWFSJ1434p3311,0.0,2223.9996277588816,2720.000545719471,218.7930417,33.08048079999998
NDWFS_J143333.6+331419,NDWFSJ1434p3311,0.0,6945.999542362839,4902.000280869586,218.3899554,33.238623099999984
NDWFS_J143302.4+330607,NDWFSJ1434p3311,0.0,8453.999870216672,2991.9997783991166,218.2603857,33.10210399999998
NDWFS_J143509.7+325432,NDWFSJ1434p3311,0.0,2233.000237306618,327.9994164620002,218.7907302,32.909160499999984
NDWFS_J143540.3+325711,NDWFSJ1434p3311,0.0,745.0000647215656,955.000317622169,218.918164,32.95322579999998
NDWFS_J143451.8+333114,NDWFSJ1434p3311,0.0,3170.9996425764275,8855.999885912715,218.7156409,33.520535999999986
NDWFS_J143551.4+330840,NDWFSJ1434p3311,0.0,228.0001032584496,3629.999551013169,218.9644098,33.1444974
NDWFS_J143320.7+330941,NDWFSJ1434p3311,0.0,7566.999510179001,3822.999819407438,218.3364711,33.161467899999984
NDWFS_J143446.5+330344,NDWFSJ1434p3311,0.0,3382.000327628806,2458.0003501668107,218.693884,33.06228259999999
NDWFS_J143515.9+331634,NDWFSJ1434p3311,0.0,1972.0003324567551,5454.0004933985365,218.8164087,33.27619199999997
NDWFS_J143312.9+331204,NDWFSJ1434p3311,0.0,7949.000379590738,4376.000403100166,218.3039054,33.20116199999999
NDWFS_J143306.4+325952,NDWFSJ1434p3311,0.0,8256.000558056734,1538.0000432530833,218.2770115,32.99791659999999
NDWFS_J143539.0+331633,NDWFSJ1434p3311,0.0,846.0003977917077,5458.999472271447,218.9129027,33.275900499999985
NDWFS_J143458.1+330931,NDWFSJ1434p3311,0.0,2826.9998213812123,3808.9998633011273,218.7421427,33.158793599999996
NDWFS_J143354.8+331419,NDWFSJ1434p3311,0.0,5911.000141840207,4905.999780629947,218.4786224,33.23861839999998
NDWFS_J143305.6+332547,NDWFSJ1434p3311,0.0,8313.999955380214,7559.999729449937,218.2733186,33.42934759999998
NDWFS_J143358.4+331014,NDWFSJ1434p3311,0.0,5734.000362292802,3957.999594480023,218.4934104,33.17064849999999
NDWFS_J143312.8+332214,NDWFSJ1434p3311,0.0,7959.000436317985,6742.99995008338,218.3036066,33.37074569999999
NDWFS_J143433.8+332044,NDWFSJ1434p3311,0.0,4023.999472025822,6409.000366072876,218.6410523,33.345602299999975
NDWFS_J143327.4+331633,NDWFSJ1434p3311,0.0,7247.00018211864,5421.99988658923,218.3643183,33.27595009999998
NDWFS_J143540.7+331727,NDWFSJ1434p3311,0.0,766.9998369552814,5667.99950867641,218.9198301,33.29082409999997
NDWFS_J143447.2+331043,NDWFSJ1434p3311,0.0,3360.999984395862,4081.999618256856,218.6965974,33.178603899999985
NDWFS_J143352.7+325840,NDWFSJ1434p3311,0.0,5998.9995283149865,1265.000545337567,218.4697165,32.97782480000001
NDWFS_J143327.7+331520,NDWFSJ1434p3311,0.0,7228.99982337452,5138.999443683622,218.3657795,33.25567089999999
NDWFS_J143541.1+331916,NDWFSJ1434p3311,0.0,750.9994626811495,6093.000196463447,218.9215229,33.32126009999998
NDWFS_J143312.3+330755,NDWFSJ1434p3311,0.0,7974.9995795548,3410.999559354752,218.3014535,33.1320355
NDWFS_J143414.0+332643,NDWFSJ1434p3311,0.0,4992.000484382173,7795.000119315882,218.5586502,33.445287400000005
NDWFS_J143534.7+330729,NDWFSJ1434p3311,0.0,1038.0003352905917,3349.0005228174323,218.8949015,33.124871199999994
NDWFS_J143424.6+330416,NDWFSJ1434p3311,0.0,4447.999861406651,2575.000667697499,218.6028135,33.07111759999999
NDWFS_J143320.7+332437,NDWFSJ1434p3311,0.0,7577.999760477302,7297.999893359722,218.3364437,33.410432899999996
NDWFS_J143422.8+331821,NDWFSJ1434p3311,0.0,4554.0004113509885,5854.999584718287,218.5953265,33.3061285
NDWFS_J143332.1+325546,NDWFSJ1434p3311,0.0,7001.000230342532,587.9998796930195,218.3839352,32.929608300000005
NDWFS_J143304.6+331959,NDWFSJ1434p3311,0.0,8355.999645361742,6220.999698575519,218.2694348,33.333417600000004
NDWFS_J143501.8+332532,NDWFSJ1434p3311,0.0,2671.000177295791,7535.999498259551,218.7577945,33.42571619999999
NDWFS_J143452.0+325841,NDWFSJ1434p3311,0.0,3102.999959248137,1287.9993877064735,218.7170523,32.97834939999998
NDWFS_J143412.3+331445,NDWFSJ1434p3311,0.0,5063.999679669557,5013.000275179453,218.5512287,33.245998799999995
NDWFS_J143436.7+330102,NDWFSJ1434p3311,0.0,3855.9998073942215,1828.000464561137,218.6530312,33.01736659999999
NDWFS_J143427.8+332522,NDWFSJ1434p3311,0.0,4322.000446112116,7487.000497389719,218.6160308,33.42295979999999
NDWFS_J143317.3+331055,NDWFSJ1434p3311,0.0,7731.999957210038,4111.9993327068605,218.3224211,33.182205999999994
NDWFS_J143518.9+331756,NDWFSJ1434p3311,0.0,1828.9995662856447,5771.999837863439,218.8288788,33.29889449999998
NDWFS_J143547.6+331631,NDWFSJ1434p3311,0.0,429.999626529996,5456.000260114932,218.9485476,33.2754268
NDWFS_J143325.8+330744,NDWFSJ1434p3311,0.0,7318.000064110434,3369.000182222469,218.3576557,33.12888949999998
NDWFS_J143405.1+332809,NDWFSJ1434p3311,0.0,5428.000357722503,8128.999532198812,218.5213495,33.46937329999999
NDWFS_J143542.7+332719,NDWFSJ1434p3311,0.0,688.9997388730426,7967.000069374928,218.9282672,33.45547579999999
NDWFS_J143452.2+331855,NDWFSJ1434p3311,0.0,3125.999748168966,5992.000396499023,218.717829,33.31532289999999
NDWFS_J143404.8+331249,NDWFSJ1434p3311,0.0,5422.999467960348,4561.000389008977,218.5202832,33.213743599999994
NDWFS_J143414.3+325951,NDWFSJ1434p3311,0.0,4945.999820109061,1547.9999042775526,218.5597739,32.99774339999998
NDWFS_J143310.7+330054,NDWFSJ1434p3311,0.0,8049.999532389094,1778.0006674453944,218.2946643,33.01507119999998
NDWFS_J143449.0+330240,NDWFSJ1434p3311,0.0,3255.9997733046703,2210.9998987015097,218.7045137,33.04453219999999
NDWFS_J143321.6+330915,NDWFSJ1434p3311,0.0,7524.000367287464,3724.000136574512,218.3401251,33.15436649999998
NDWFS_J143457.2+331843,NDWFSJ1434p3311,0.0,2884.999686433332,5948.000199380225,218.7384652,33.31205409999998
NDWFS_J143302.0+325857,NDWFSJ1434p3311,0.0,8470.000461541946,1324.999617913174,218.2586879,32.98269499999999
NDWFS_J143417.7+330145,NDWFSJ1434p3311,0.0,4783.999955787922,1989.999302261629,218.5738165,33.029343199999985
NDWFS_J143532.9+332754,NDWFSJ1434p3311,0.0,1164.9997557127772,8099.999546176561,218.8874887,33.46529449999999
NDWFS_J143424.2+330548,NDWFSJ1434p3311,0.0,4469.00003951959,2934.000597360169,218.6011923,33.09684169999997
NDWFS_J143441.1+332850,NDWFSJ1434p3311,0.0,3685.00032668458,8299.000561447905,218.6711599,33.480865399999985
NDWFS_J143310.0+332716,NDWFSJ1434p3311,0.0,8097.999582079907,7912.000005197273,218.2919445,33.454530099999985
NDWFS_J143542.9+330840,NDWFSJ1434p3311,0.0,643.0001980762554,3625.999331882669,218.9289003,33.14447269999998
NDWFS_J143546.4+330004,NDWFSJ1434p3311,0.0,453.9995341020822,1629.0005476190236,218.9435259,33.0013185
NDWFS_J143524.8+331642,NDWFSJ1434p3311,0.0,1540.000074362173,5488.99930701574,218.85345310000002,33.278458799999974
NDWFS_J143441.2+325831,NDWFSJ1434p3311,0.0,3635.00011530468,1243.999454524066,218.6715956,32.97544069999999
NDWFS_J143535.5+331537,NDWFSJ1434p3311,0.0,1019.9999469458744,5240.999377883465,218.8978319,33.26038909999998
NDWFS_J143357.4+332448,NDWFSJ1434p3311,0.0,5797.00001656759,7345.000631597106,218.4893446,33.413323199999994
NDWFS_J143302.8+325919,NDWFSJ1434p3311,0.0,8434.999612675572,1409.0003846114123,218.2616942,32.98870629999998
NDWFS_J143534.1+330846,NDWFSJ1434p3311,0.0,1072.0000539908524,3644.0003766817954,218.8922086,33.14602219999998
NDWFS_J143523.6+325738,NDWFSJ1434p3311,0.0,1559.9999664828229,1053.9995533727852,218.8486572,32.960792699999985
NDWFS_J143359.5+331643,NDWFSJ1434p3311,0.0,5686.000075141435,5464.999334356204,218.4981206,33.278594299999995
NDWFS_J143352.2+331330,NDWFSJ1434p3311,0.0,6038.0003576629815,4715.999525897507,218.4676717,33.22504579999997
NDWFS_J143356.8+325802,NDWFSJ1434p3311,0.0,5800.000460650152,1119.000468675491,218.4866552,32.9673057
NDWFS_J143510.7+331939,NDWFSJ1434p3311,0.0,2226.999872029499,6170.000434116342,218.7950216,33.327622499999976
NDWFS_J143539.4+331308,NDWFSJ1434p3311,0.0,821.9997339722413,4664.000453751858,218.9143629,33.218936299999996
NDWFS_J143456.0+330741,NDWFSJ1434p3311,0.0,2921.0004733693986,3380.000141854878,218.7338419,33.12810899999999
NDWFS_J143333.2+332648,NDWFSJ1434p3311,0.0,6974.999802198854,7807.999657438155,218.3883632,33.44683349999998
NDWFS_J143533.4+330246,NDWFSJ1434p3311,0.0,1093.000239064333,2252.9994016725177,218.889399,33.046400199999994
NDWFS_J143519.0+325500,NDWFSJ1434p3311,0.0,1779.0001811464265,437.9999108623852,218.8295429,32.9167961
NDWFS_J143329.3+330202,NDWFSJ1434p3311,0.0,7139.000054113983,2044.999601807678,218.3725822,33.034004299999985
NDWFS_J143316.0+325534,NDWFSJ1434p3311,0.0,7785.999623987718,537.9998550824566,218.3169164,32.92620129999999
NDWFS_J143335.6+330337,NDWFSJ1434p3311,0.0,6838.000106539501,2416.9997697236613,218.3984235,33.06057719999998
NDWFS_J143409.8+325401,NDWFSJ1434p3311,0.0,5161.000268077848,186.99984915361347,218.540817,32.90033879999998
NDWFS_J143514.5+325929,NDWFSJ1434p3311,0.0,2008.000439035859,1479.9998084243052,218.8106892,32.99154959999998
NDWFS_J143310.2+330548,NDWFSJ1434p3311,0.0,8073.999816961674,2919.99937255272,218.2928717,33.09688059999998
NDWFS_J143554.8+331606,NDWFSJ1434p3311,0.0,80.99970566170123,5363.000476297924,218.9783781,33.26853979999999
NDWFS_J143352.9+330628,NDWFSJ1434p3311,0.0,5996.000324066414,3082.999631903029,218.4706547,33.108049099999995
NDWFS_J143358.5+330115,NDWFSJ1434p3311,0.0,5716.999833213288,1870.0002593135289,218.4940394,33.02107209999999
NDWFS_J143338.6+330220,NDWFSJ1434p3311,0.0,6690.000577468271,2117.0006461182275,218.4109782,33.0390492
NDWFS_J143402.7+325332,NDWFSJ1434p3311,0.0,5504.000205730942,73.99959836394555,218.5115039,32.89236249999999
NDWFS_J143522.6+332936,NDWFSJ1434p3311,0.0,1669.0001052019506,8486.999499732607,218.8444711,33.49331389999999
NDWFS_J143424.7+332606,NDWFSJ1434p3311,0.0,4476.999476051975,7654.999743081518,218.6028063,33.43505899999998
NDWFS_J143524.9+333055,NDWFSJ1434p3311,0.0,1561.9995865879173,8799.000627549254,218.8538826,33.51560659999998
NDWFS_J143326.8+325611,NDWFSJ1434p3311,0.0,7258.000456708021,687.0004910087009,218.3620262,32.93676029999998
NDWFS_J143401.3+331606,NDWFSJ1434p3311,0.0,5596.000278221382,5326.000359403502,218.5057777,33.268606599999984
NDWFS_J143506.4+330604,NDWFSJ1434p3311,0.0,2415.9997226327323,3007.9997244641163,218.7768081,33.10120979999999
NDWFS_J143430.4+333002,NDWFSJ1434p3311,0.0,4200.999943876883,8571.0002122423,218.6269704,33.500576499999994
NDWFS_J143422.1+332039,NDWFSJ1434p3311,0.0,4594.000572933121,6389.000324924069,218.592153,33.34440169999996
NDWFS_J143444.7+332108,NDWFSJ1434p3311,0.0,3495.000104778929,6507.000387770468,218.6864792,33.35239059999998
NDWFS_J143513.1+330009,NDWFSJ1434p3311,0.0,2079.999817053418,1635.0003792943644,218.8046414,33.002689799999985
NDWFS_J143543.0+331802,NDWFSJ1434p3311,0.0,657.0004043079989,5807.999304731155,218.9293645,33.300785199999986
NDWFS_J143435.9+325809,NDWFSJ1434p3311,0.0,3892.000445282085,1156.9994087335217,218.6496026,32.9693207
NDWFS_J143407.5+330526,NDWFSJ1434p3311,0.0,5271.000356049726,2843.0005071161504,218.5325646,33.09062049999999
NDWFS_J143312.6+325558,NDWFSJ1434p3311,0.0,7952.00058527311,630.0003200200481,218.3027688,32.9328232
NDWFS_J143551.8+330518,NDWFSJ1434p3311,0.0,203.0002016098205,2849.999420305612,218.9659306,33.0886119
NDWFS_J143321.1+325919,NDWFSJ1434p3311,0.0,7541.999623940997,1413.000561712306,218.3379738,32.98882499999999
NDWFS_J143403.0+330029,NDWFSJ1434p3311,0.0,5496.0004288406535,1692.0005601045232,218.5128501,33.00824989999998
NDWFS_J143457.3+332258,NDWFSJ1434p3311,0.0,2884.9997804860286,6934.999462882461,218.7390602,33.38276479999999
NDWFS_J143323.2+331204,NDWFSJ1434p3311,0.0,7447.999854684723,4380.000370292055,218.3468078,33.201345100000005
NDWFS_J143407.3+330346,NDWFSJ1434p3311,0.0,5294.000539965804,2457.0002730503948,218.5304333,33.06297839999999
NDWFS_J143436.1+325726,NDWFSJ1434p3311,0.0,3877.99985000518,987.9996228560412,218.6507092,32.957210199999984
NDWFS_J143357.2+331922,NDWFSJ1434p3311,0.0,5801.000359341366,6083.000003408617,218.4885063,33.32290699999998
NDWFS_J143327.6+332611,NDWFSJ1434p3311,0.0,7243.999798748462,7662.000360445052,218.3652198,33.436438099999975
NDWFS_J143550.2+331948,NDWFSJ1434p3311,0.0,310.99970928163384,6220.999769048471,218.9593475,33.330152600000005
NDWFS_J143544.7+332612,NDWFSJ1434p3311,0.0,591.9999029492756,7708.000685014071,218.9363972,33.43685969999999
NDWFS_J143312.7+332843,NDWFSJ1434p3311,0.0,7968.999611519299,8247.999724282467,218.3031032,33.4785806
NDWFS_J143307.3+330447,NDWFSJ1434p3311,0.0,8212.99991775187,2682.999508341538,218.2809322,33.079928099999975
NDWFS_J143529.5+325537,NDWFSJ1434p3311,0.0,1268.0000665182542,586.9993723756852,218.8732542,32.927179899999985
NDWFS_J143348.9+325504,NDWFSJ1434p3311,0.0,6181.000378888415,427.9993808567088,218.4538705,32.91792809999999
NDWFS_J143304.8+332038,NDWFSJ1434p3311,0.0,8351.000217362638,6371.000307642949,218.2698947,33.34416379999999
NDWFS_J143322.1+331601,NDWFSJ1434p3311,0.0,7503.99956044995,5297.000079596164,218.3422583,33.267052799999995
NDWFS_J143537.5+330900,NDWFSJ1434p3311,0.0,904.9996846430786,3704.999348935855,218.9065426,33.15029159999998
NDWFS_J143550.9+332209,NDWFSJ1434p3311,0.0,281.9998419182921,6767.00011244332,218.962266,33.36924839999999
NDWFS_J143451.9+330528,NDWFSJ1434p3311,0.0,3121.000529558809,2864.000082865845,218.7164315,33.091242999999984
NDWFS_J143340.2+331235,NDWFSJ1434p3311,0.0,6619.000415287988,4499.99960472866,218.4178353,33.209738299999984
NDWFS_J143328.5+325919,NDWFSJ1434p3311,0.0,7178.999915261753,1414.999470055598,218.368981,32.98888669999999
NDWFS_J143317.9+330548,NDWFSJ1434p3311,0.0,7699.999646421487,2919.9994150194434,218.3248587,33.0968078
NDWFS_J143549.6+325409,NDWFSJ1434p3311,0.0,281.99994036380485,252.99980612888976,218.9571386,32.902662599999985
NDWFS_J143323.2+331039,NDWFSJ1434p3311,0.0,7443.999832024398,4051.0004535557055,218.3470608,33.17777479999998
NDWFS_J143510.4+330838,NDWFSJ1434p3311,0.0,2226.999709565804,3603.999388067236,218.793357,33.14380359999999
NDWFS_J143332.2+325615,NDWFSJ1434p3311,0.0,6998.999980690671,699.0004133141083,218.3841395,32.93755829999999
NDWFS_J143326.9+331040,NDWFSJ1434p3311,0.0,7263.999791216426,4053.000341746245,218.3624707,33.17787729999998
NDWFS_J143514.9+330943,NDWFSJ1434p3311,0.0,2006.999483444252,3862.999854022497,218.8123525,33.1622392
NDWFS_J143410.8+330335,NDWFSJ1434p3311,0.0,5123.000099321809,2414.999861727625,218.5450335,33.05990989999999
NDWFS_J143259.5+325635,NDWFSJ1434p3311,0.0,8593.000318633603,770.9999870961583,218.2480778,32.94303219999998
NDWFS_J143502.6+330113,NDWFSJ1434p3311,0.0,2592.999717086496,1878.0005291682248,218.7609706,33.02035999999997
NDWFS_J143401.0+332335,NDWFSJ1434p3311,0.0,5624.0005340496655,7064.999453940774,218.5040818,33.393205499999986
NDWFS_J143409.8+325401,NDWFSJ1434p3311,0.0,5161.000268077848,186.99984915361347,218.540817,32.90033879999998
NDWFS_J143326.4+332818,NDWFSJ1434p3311,0.0,7304.999634775723,8156.000186832185,218.3601221,33.47184769999998
NDWFS_J143441.7+332451,NDWFSJ1434p3311,0.0,3646.999542379823,7373.000107863048,218.673916,33.414503299999986
NDWFS_J143532.6+330750,NDWFSJ1434p3311,0.0,1142.0002071708586,3431.0003234075084,218.8860648,33.13080639999998
NDWFS_J143336.3+332727,NDWFSJ1434p3311,0.0,6821.999741965074,7957.999916283976,218.4015504,33.4575419
NDWFS_J143514.8+331754,NDWFSJ1434p3311,0.0,2030.000040683497,5763.000422067151,218.8116435,33.29835969999997
NDWFS_J143423.3+331433,NDWFSJ1434p3311,0.0,4527.999592227666,4967.999462589938,218.597127,33.24257269999999
NDWFS_J143411.6+331448,NDWFSJ1434p3311,0.0,5096.000206849996,5024.000479718723,218.548492,33.24679839999999
NDWFS_J143438.3+332350,NDWFSJ1434p3311,0.0,3811.999699552659,7130.000174725037,218.6596221,33.39716649999998
NDWFS_J143412.7+332939,NDWFSJ1434p3346,1.0,5084.000143643779,348.00045775100807,218.5532024,33.49432009999999
NDWFS_J143551.3+333420,NDWFSJ1434p3346,1.0,315.0004730407418,1469.999805618039,218.9638264,33.57228889999998
NDWFS_J143510.9+335542,NDWFSJ1434p3346,1.0,2309.9996439010447,6427.0001628642885,218.79550490000003,33.92865569999997
NDWFS_J143407.4+334140,NDWFSJ1434p3346,1.0,5354.0003386944345,3144.0006375903404,218.5312014,33.69475989999998
NDWFS_J143459.7+333747,NDWFSJ1434p3346,1.0,2821.0003965450123,2253.999710128004,218.7488067,33.62990559999998
NDWFS_J143310.3+335057,NDWFSJ1434p3346,1.0,8124.999533923867,5291.0003345287,218.2930252,33.849360499999996
NDWFS_J143416.4+333058,NDWFSJ1434p3346,1.0,4904.999493720133,653.9998054008411,218.5687235,33.51617869999998
NDWFS_J143527.5+335457,NDWFSJ1434p3346,1.0,1506.0002641914853,6258.000040813787,218.8648151,33.916093199999985
NDWFS_J143524.7+335731,NDWFSJ1434p3346,1.0,1647.0005495208188,6852.000389366181,218.8530588,33.95873939999998
NDWFS_J143543.8+335853,NDWFSJ1434p3346,1.0,727.0003317694791,7178.999722678032,218.9327857,33.981612199999994
NDWFS_J143519.2+335859,NDWFSJ1434p3346,1.0,1916.000014234709,7192.000323116708,218.83005340000003,33.98325659999998
NDWFS_J143537.8+340249,NDWFSJ1434p3346,1.0,1025.9996108650812,8090.999649771717,218.9076345,34.0471503
NDWFS_J143551.7+340213,NDWFSJ1434p3346,1.0,351.99975993655244,7953.999696310822,218.9658084,34.03690259999998
NDWFS_J143449.5+335526,NDWFSJ1434p3346,1.0,3341.000307464905,6354.999569960962,218.7064259,33.924019599999994
NDWFS_J143406.2+335839,NDWFSJ1434p3346,1.0,5434.000136238906,7087.999816279278,218.5259882,33.977412799999996
NDWFS_J143405.3+335844,NDWFSJ1434p3346,1.0,5476.99989957542,7111.99945791055,218.5222825,33.979147699999984
NDWFS_J143440.8+335913,NDWFSJ1434p3346,1.0,3763.9997613351534,7234.000568303372,218.6703794,33.9872048
NDWFS_J143412.5+340234,NDWFSJ1434p3346,1.0,5133.000208149317,8001.999930387161,218.5524097,34.04280349999999
NDWFS_J143416.3+340233,NDWFSJ1434p3346,1.0,4950.999894324745,8001.00032072899,218.568149,34.042663499999996
NDWFS_J143426.7+340241,NDWFSJ1434p3346,1.0,4450.000268169483,8036.0002135312225,218.61149350000002,34.044973099999986
NDWFS_J143351.1+335318,NDWFSJ1434p3346,1.0,6157.999806245116,5842.999431100742,218.4629581,33.888431999999995
NDWFS_J143359.4+335625,NDWFSJ1434p3346,1.0,5761.999667133756,6571.000483045366,218.4974357,33.94047549999999
NDWFS_J143324.5+340003,NDWFSJ1434p3346,1.0,7443.999507941689,7410.000443591495,218.3523782,34.001072099999995
NDWFS_J143502.5+335003,NDWFSJ1434p3346,1.0,2702.9999488986614,5105.999755913283,218.7607393,33.83420349999999
NDWFS_J143403.3+334220,NDWFSJ1434p3346,1.0,5555.999507238276,3294.999794436894,218.5138664,33.70564989999998
NDWFS_J143413.4+334542,NDWFSJ1434p3346,1.0,5077.0000351102935,4079.999590774368,218.5554799,33.76173089999999
NDWFS_J143457.3+334753,NDWFSJ1434p3346,1.0,2951.9994693212,4601.999754505749,218.73895410000003,33.79821459999997
NDWFS_J143426.2+335045,NDWFSJ1434p3346,1.0,4459.999613661415,5261.000379547901,218.6092475,33.846119599999994
NDWFS_J143429.9+334949,NDWFSJ1434p3346,1.0,4277.999710963767,5044.000469890408,218.6248397,33.8304945
NDWFS_J143431.5+335039,NDWFSJ1434p3346,1.0,4199.999624680038,5235.999380326401,218.6316672,33.84421999999999
NDWFS_J143358.1+334144,NDWFSJ1434p3346,1.0,5808.000524217326,3155.000599259304,218.4921038,33.695701799999995
NDWFS_J143340.0+334522,NDWFSJ1434p3346,1.0,6687.000007855216,3995.999834369631,218.4166755,33.756228899999996
NDWFS_J143351.2+334533,NDWFSJ1434p3346,1.0,6138.000365885787,4047.999545762831,218.464014,33.7597962
NDWFS_J143316.4+334707,NDWFSJ1434p3346,1.0,7825.999529341318,4396.000313205039,218.3186017,33.7851651
NDWFS_J143335.9+334819,NDWFSJ1434p3346,1.0,6884.999752022345,4679.999678517145,218.3998274,33.805296999999975
NDWFS_J143331.3+334850,NDWFSJ1434p3346,1.0,7106.9994876828905,4801.999858384524,218.3807185,33.81409619999999
NDWFS_J143307.0+334905,NDWFSJ1434p3346,1.0,8280.999756961295,4857.999603975736,218.2794702,33.81835949999998
NDWFS_J143339.1+335141,NDWFSJ1434p3346,1.0,6732.0001642233065,5463.999472730933,218.4132813,33.86143819999998
NDWFS_J143314.4+335232,NDWFSJ1434p3346,1.0,7928.99946908423,5657.999992687768,218.3100269,33.87562249999997
NDWFS_J143317.0+335303,NDWFSJ1434p3346,1.0,7801.999721403923,5780.000524891929,218.3210197,33.88433949999998
NDWFS_J143523.0+333134,NDWFSJ1434p3346,1.0,1680.0004938505972,815.0003758661915,218.8459926,33.52619169999999
NDWFS_J143500.5+333257,NDWFSJ1434p3346,1.0,2773.0000626626443,1129.9995311458842,218.7522447,33.54934629999999
NDWFS_J143533.6+333320,NDWFSJ1434p3346,1.0,1168.0000427061077,1231.000093462897,218.89030140000003,33.55569809999997
NDWFS_J143542.5+333530,NDWFSJ1434p3346,1.0,744.0003050348641,1734.9998169971825,218.9271392,33.59154879999999
NDWFS_J143530.9+334026,NDWFSJ1434p3346,1.0,1311.9999432142176,2880.0006387624053,218.8791131,33.673932999999984
NDWFS_J143400.3+333131,NDWFSJ1434p3346,1.0,5685.000042660958,778.999526169504,218.5017362,33.52541059999999
NDWFS_J143445.6+333326,NDWFSJ1434p3346,1.0,3495.0002781178346,1236.000172545373,218.6902308,33.55728929999999
NDWFS_J143409.4+333634,NDWFSJ1434p3346,1.0,5253.999457559161,1957.000196834044,218.5392961,33.60966969999998
NDWFS_J143408.5+333814,NDWFSJ1434p3346,1.0,5298.999536187102,2341.000347529558,218.5355905,33.63720099999999
NDWFS_J143420.3+333956,NDWFSJ1434p3346,1.0,4739.999829252425,2735.0003526254222,218.5838891,33.66522539999998
NDWFS_J143439.6+333918,NDWFSJ1434p3346,1.0,3794.999624871526,2601.999749325052,218.6651763,33.65530179999999
NDWFS_J143310.7+333158,NDWFSJ1434p3346,1.0,8094.999988332479,877.000076873579,218.2945999,33.53305589999997
NDWFS_J143310.3+333331,NDWFSJ1434p3346,1.0,8112.000185843966,1232.9995787893422,218.2932195,33.55856789999999
NDWFS_J143347.7+333328,NDWFSJ1434p3346,1.0,6301.000285463334,1229.00009636898,218.4489487,33.55784649999997
NDWFS_J143312.5+333624,NDWFSJ1434p3346,1.0,8010.999931942324,1906.0004510381204,218.3020631,33.60677280000001
NDWFS_J143356.6+333711,NDWFSJ1434p3346,1.0,5874.000046634662,2094.999345325532,218.4860045,33.61976779999999
NDWFS_J143307.0+334040,NDWFSJ1434p3346,1.0,8278.000131237353,2898.00008035479,218.2793043,33.677905899999985
NDWFS_J143410.9+335001,NDWFSJ1434p3346,0.0,5197.999824406347,5084.999777651337,218.5454946,33.833792100000004
NDWFS_J143530.9+335004,NDWFSJ1434p3346,0.0,1331.0004619345182,5122.000181308466,218.8791003,33.83458939999999
NDWFS_J143446.0+340219,NDWFSJ1434p3346,0.0,3514.99965143997,7949.99934923734,218.6923051,34.038399
NDWFS_J143403.0+333628,NDWFSJ1434p3346,0.0,5564.000375336435,1928.999482401456,218.5126118,33.60777109999997
NDWFS_J143416.8+334029,NDWFSJ1434p3346,0.0,4898.999476558324,2869.999633600892,218.5702623,33.674959799999996
NDWFS_J143312.7+340359,NDWFSJ1434p3346,0.0,8018.000398351194,8321.999441769993,218.3029758,34.06655200000001
NDWFS_J143327.3+340227,NDWFSJ1434p3346,0.0,7312.000564264825,7968.000237314456,218.3639499,34.041029699999996
NDWFS_J143348.2+335533,NDWFSJ1434p3346,0.0,6300.000162477932,6366.000520816736,218.45088930000003,33.92595399999999
NDWFS_J143445.4+335054,NDWFSJ1434p3346,0.0,3533.999777598889,5299.000585778359,218.6891626,33.848439199999994
NDWFS_J143430.5+334207,NDWFSJ1434p3346,0.0,4242.000274797118,3250.000224405141,218.62702740000003,33.701926899999975
NDWFS_J143532.3+334128,NDWFSJ1434p3346,0.0,1249.9994998764305,3122.99985464186,218.8846281,33.69130719999998
NDWFS_J143506.1+340455,NDWFSJ1434p3346,0.0,2557.9998687288007,8566.000547964839,218.7754529,34.082065699999994
NDWFS_J143430.1+340109,NDWFSJ1434p3346,0.0,4283.000466076712,7677.999337029694,218.6257529,34.0192487
NDWFS_J143400.9+333324,NDWFSJ1434p3346,0.0,5658.000166686401,1215.9996668276508,218.5042344,33.556713699999996
NDWFS_J143435.2+334239,NDWFSJ1434p3346,0.0,4013.0005306472585,3379.000275786583,218.6468196,33.711072999999985
NDWFS_J143359.8+335651,NDWFSJ1434p3346,0.0,5739.999860662297,6671.999865567844,218.4993768,33.94770599999999
NDWFS_J143314.5+334350,NDWFSJ1434p3346,0.0,7913.999857686025,3635.000414603932,218.3108289,33.73064980000001
NDWFS_J143329.5+335341,NDWFSJ1434p3346,0.0,7198.999815270278,5932.999592603929,218.3731183,33.895167799999996
NDWFS_J143539.3+340457,NDWFSJ1434p3346,0.0,958.9996739157796,8588.000548231938,218.9138044,34.0827223
NDWFS_J143526.4+335538,NDWFSJ1434p3346,0.0,1560.9999445219128,6412.999988370204,218.8601763,33.92723209999998
NDWFS_J143309.7+334704,NDWFSJ1434p3346,0.0,8150.000021011292,4386.999743328928,218.2906633,33.78458339999999
NDWFS_J143538.8+334925,NDWFSJ1434p3346,0.0,952.0004503855216,4971.999966591547,218.9116793,33.82361129999999
NDWFS_J143529.9+333205,NDWFSJ1434p3346,0.0,1346.0002192331085,935.9998622956228,218.8747856,33.53466789999998
NDWFS_J143416.3+333640,NDWFSJ1434p3346,0.0,4921.00013648787,1978.999647193428,218.5679575,33.61112389999998
NDWFS_J143406.1+333419,NDWFSJ1434p3346,0.0,5410.000194660491,1429.9998233401457,218.52565,33.571963200000006
NDWFS_J143419.3+340000,NDWFSJ1434p3346,0.0,4803.999491291906,7409.000036749795,218.5805816,34.00018299999999
NDWFS_J143527.2+333306,NDWFSJ1434p3346,0.0,1478.9995318846832,1174.0000807436409,218.8635226,33.55179759999998
NDWFS_J143502.6+333346,NDWFSJ1434p3346,0.0,2673.9999019197567,1318.9997636859607,218.7608738,33.562837899999984
NDWFS_J143549.4+334526,NDWFSJ1434p3346,0.0,428.99960877588273,4054.000642210439,218.9560602,33.75750339999998
NDWFS_J143501.3+333325,NDWFSJ1434p3346,0.0,2736.000077921208,1238.0001584554611,218.7554925,33.55706579999998
NDWFS_J143328.7+340332,NDWFSJ1434p3346,0.0,7247.000151785032,8219.000133934838,218.3696452,34.05900179999999
NDWFS_J143505.4+333624,NDWFSJ1434p3346,0.0,2543.0000466263737,1932.0000367231569,218.772526,33.60669209999999
NDWFS_J143510.3+340326,NDWFSJ1434p3346,0.0,2351.000446563461,8223.00008638116,218.7931372,34.057376199999986
NDWFS_J143442.8+335731,NDWFSJ1434p3346,0.0,3667.999741884945,6835.000400523039,218.678454,33.95856879999998
NDWFS_J143452.3+333816,NDWFSJ1434p3346,0.0,3178.9995314196603,2363.9995809233187,218.7180634,33.63796329999999
NDWFS_J143446.1+335304,NDWFSJ1434p3346,0.0,3501.9996276544507,5803.000603756069,218.6922093,33.884539999999994
NDWFS_J143344.8+340330,NDWFSJ1434p3346,0.0,6471.999486576517,8213.99970789281,218.43668239999997,34.0584375
NDWFS_J143504.6+334754,NDWFSJ1434p3346,0.0,2597.9999970459794,4608.9997349308605,218.7694826,33.798536299999995
NDWFS_J143519.7+340607,NDWFSJ1434p3346,0.0,1902.9996695447296,8850.000203743772,218.83231560000002,34.102058699999986
NDWFS_J143432.6+334346,NDWFSJ1434p3346,0.0,4142.000218007379,3634.000218504875,218.6358396,33.72940049999998
NDWFS_J143403.1+334113,NDWFSJ1434p3346,0.0,5562.999731381957,3037.000193076441,218.5131565,33.687164899999985
NDWFS_J143508.8+335241,NDWFSJ1434p3346,0.0,2404.000091953374,5723.999405650956,218.7869317,33.878331
NDWFS_J143506.4+335550,NDWFSJ1434p3346,0.0,2525.000179679457,6454.000289150441,218.776955,33.930704899999995
NDWFS_J143423.5+335247,NDWFSJ1434p3346,0.0,4589.999976820913,5732.00000920561,218.5982606,33.87992359999998
NDWFS_J143356.8+335902,NDWFSJ1434p3346,0.0,5887.000111515065,7177.999346532969,218.486877,33.98401519999999
NDWFS_J143348.7+340358,NDWFSJ1434p3346,0.0,6280.999622844998,8322.999860357233,218.45324379999997,34.0661925
NDWFS_J143422.5+334643,NDWFSJ1434p3346,0.0,4631.999593590639,4321.000127973222,218.59395280000004,33.77882999999998
NDWFS_J143330.3+334347,NDWFSJ1434p3346,0.0,7154.99956247431,3627.000591133381,218.3762273,33.72990799999999
NDWFS_J143429.6+335808,NDWFSJ1434p3346,0.0,4304.000235624015,6977.999810640267,218.6235805,33.9690949
NDWFS_J143534.0+334828,NDWFSJ1434p3346,0.0,1182.0003268399123,4749.99936351007,218.8916791,33.80784469999999
NDWFS_J143458.5+334716,NDWFSJ1434p3346,0.0,2892.999793849809,4463.000037718682,218.7439566,33.78822499999998
NDWFS_J143341.8+334419,NDWFSJ1434p3346,0.0,6598.0000837960615,3754.999722315605,218.4242648,33.738934599999986
NDWFS_J143432.4+334335,NDWFSJ1434p3346,0.0,4151.000418452537,3592.0005860321835,218.6350424,33.72639479999997
NDWFS_J143554.6+333501,NDWFSJ1434p3346,0.0,153.00032837597792,1630.9996421771375,218.9778864,33.58371779999999
NDWFS_J143555.0+332941,NDWFSJ1434p3346,0.0,122.0000781227336,390.0004817865884,218.9795496,33.494786299999994
NDWFS_J143406.8+340350,NDWFSJ1434p3346,0.0,5409.000451952936,8297.000424346505,218.5286671,34.064043899999994
NDWFS_J143529.2+334529,NDWFSJ1434p3346,0.0,1407.9996525117022,4055.000405640498,218.8716912,33.758180599999996
NDWFS_J143310.8+333913,NDWFSJ1434p3346,0.0,8088.99962912315,2560.9997993138204,218.2955024,33.653722699999996
NDWFS_J143308.2+333917,NDWFSJ1434p3346,0.0,8216.00010336375,2575.9998473915784,218.2845723,33.654820999999984
NDWFS_J143414.3+335143,NDWFSJ1434p3346,0.0,5034.000065413897,5481.000392832945,218.5598226,33.86210889999998
NDWFS_J143333.4+332913,NDWFSJ1434p3346,0.0,6992.999610972431,238.99994454510124,218.3891377,33.48709949999998
NDWFS_J143319.8+340224,NDWFSJ1434p3346,0.0,7674.000356548769,7953.999587292733,218.3326389,34.040108599999996
NDWFS_J143552.7+334453,NDWFSJ1434p3346,0.0,266.9995331193677,3925.000580197237,218.9699175,33.74815469999998
NDWFS_J143535.9+334437,NDWFSJ1434p3346,0.0,1077.9998151500658,3854.999675340551,218.8999824,33.74365239999998
NDWFS_J143334.2+333749,NDWFSJ1434p3346,0.0,6958.00010862277,2238.9995401888445,218.3927681,33.630398199999995
NDWFS_J143453.1+334704,NDWFSJ1434p3346,0.0,3153.9999176121246,4411.999585331082,218.72142380000003,33.78469919999998
NDWFS_J143400.1+333553,NDWFSJ1434p3346,0.0,5700.999879388088,1793.0004429639448,218.5007696,33.59807200000001
NDWFS_J143306.4+335220,NDWFSJ1434p3346,0.0,8309.999448417473,5610.000454649357,218.2771303,33.8722544
NDWFS_J143531.2+340304,NDWFSJ1434p3346,0.0,1343.9995797878437,8145.999604028736,218.8801751,34.051285199999995
NDWFS_J143318.3+335001,NDWFSJ1434p3346,0.0,7735.999994527784,5073.999651367034,218.3265357,33.83373239999998
NDWFS_J143317.1+340408,NDWFSJ1434p3346,0.0,7802.000245595358,8356.000329076935,218.3216708,34.068944999999985
NDWFS_J143450.0+335747,NDWFSJ1434p3346,0.0,3317.999880048932,6902.0004041395205,218.7087302,33.96320619999998
NDWFS_J143400.5+333042,NDWFSJ1434p3346,0.0,5675.999659580005,591.0003502717645,218.5024338,33.51193719999998
NDWFS_J143454.0+333842,NDWFSJ1434p3346,0.0,3099.9994271600053,2464.999442585788,218.7249224,33.64516199999999
NDWFS_J143536.0+333810,NDWFSJ1434p3346,0.0,1062.0003782285148,2353.9993352131587,218.9002466,33.63609499999998
NDWFS_J143340.7+335310,NDWFSJ1434p3346,0.0,6658.00011262605,5812.99998791745,218.4197847,33.88642779999998
NDWFS_J143518.2+340215,NDWFSJ1434p3346,0.0,1968.000224749816,7951.000438588322,218.8260772,34.03767429999999
NDWFS_J143512.4+340458,NDWFSJ1434p3346,0.0,2249.999956934542,8580.000599646233,218.80210900000003,34.08290379999997
NDWFS_J143411.3+334730,NDWFSJ1434p3346,0.0,5175.999988989672,4500.999939284887,218.5471333,33.791935299999984
NDWFS_J143528.8+334828,NDWFSJ1434p3346,0.0,1433.9995602313666,4747.999698490754,218.86994730000004,33.807851699999986
NDWFS_J143316.7+340409,NDWFSJ1434p3346,0.0,7822.999995387115,8361.00042322415,218.3198553,34.06930769999999
NDWFS_J143438.2+333323,NDWFSJ1434p3346,0.0,3856.000094584195,1223.9996915585723,218.6591842,33.55659189999998
NDWFS_J143329.9+335649,NDWFSJ1434p3346,0.0,7182.000546546454,6658.00003765299,218.3748019,33.947118999999994
NDWFS_J143525.6+340429,NDWFSJ1434p3346,0.0,1615.0001468444225,8471.00001446599,218.8569688,34.07473439999999
NDWFS_J143327.7+340145,NDWFSJ1434p3346,0.0,7292.99985695804,7804.99998599289,218.3655458,34.029343899999986
NDWFS_J143306.6+335611,NDWFSJ1434p3346,0.0,8304.99942301487,6504.000066489776,218.2777545,33.93632009999999
NDWFS_J143343.8+333240,NDWFSJ1434p3346,0.0,6487.999464522199,1044.000470989451,218.4328047,33.544644599999984
NDWFS_J143504.6+334814,NDWFSJ1434p3346,0.0,2598.999712579928,4687.000357469989,218.7694457,33.80412599999997
NDWFS_J143400.5+334132,NDWFSJ1434p3346,0.0,5697.0004253490415,3110.000425780342,218.5016459,33.69244079999999
NDWFS_J143352.5+334932,NDWFSJ1434p3346,0.0,6083.999913382591,4969.000636367464,218.469016,33.825777899999984
NDWFS_J143403.7+333357,NDWFSJ1434p3346,0.0,5527.999741396884,1344.9993109705483,218.5154664,33.5659132
NDWFS_J143335.2+340020,NDWFSJ1434p3346,0.0,6933.00056427621,7474.000030476418,218.3965707,34.00553319999999
NDWFS_J143323.4+333814,NDWFSJ1434p3346,0.0,7481.999689374467,2335.00016590791,218.3476965,33.637402999999985
NDWFS_J143522.0+340604,NDWFSJ1434p3346,0.0,1790.999844695889,8839.999717994542,218.8420005,34.1012782
NDWFS_J143412.5+335833,NDWFSJ1434p3346,0.0,5128.00020970517,7070.999684268245,218.5524237,33.97608429999999
NDWFS_J143443.7+334803,NDWFSJ1434p3346,0.0,3611.000108975776,4635.999862619464,218.6821488,33.80096579999999
NDWFS_J143510.1+333219,NDWFSJ1434p3346,0.0,2306.000169799263,984.9997523836064,218.79229970000003,33.538715699999976
NDWFS_J143502.3+340338,NDWFSJ1434p3421,1.0,2707.0002551819525,180.9997702243481,218.7599516,34.06065999999998
NDWFS_J143342.4+340513,NDWFSJ1434p3421,1.0,6556.999714622374,527.9995311443467,218.4270446,34.087063699999995
NDWFS_J143348.4+340333,NDWFSJ1434p3421,1.0,6266.999900520961,141.99989712062143,218.4519977,34.05931699999999
NDWFS_J143427.9+343145,NDWFSJ1434p3421,1.0,4407.000084560732,6710.000404966047,218.6161949,34.52933329999999
NDWFS_J143542.4+342034,NDWFSJ1434p3421,1.0,810.9997220966525,4135.999701718001,218.9269765,34.342978899999984
NDWFS_J143357.6+341718,NDWFSJ1434p3421,1.0,5840.0002555562005,3342.0004268293333,218.4902027,34.288508099999994
NDWFS_J143356.1+341745,NDWFSJ1434p3421,1.0,5912.999469125562,3446.000138196257,218.4839118,34.295985
NDWFS_J143335.7+342118,NDWFSJ1434p3421,1.0,6895.0003954138365,4267.000231539104,218.3989905,34.355110999999994
NDWFS_J143454.8+340514,NDWFSJ1434p3421,1.0,3072.0005741191017,554.0000244655043,218.7286043,34.08757349999998
NDWFS_J143426.5+340758,NDWFSJ1434p3421,1.0,4426.999628168544,1185.0005456806005,218.6116779,34.133406199999996
NDWFS_J143401.2+340854,NDWFSJ1434p3421,1.0,5656.999983762287,1389.9993296439704,218.5052741,34.14855869999999
NDWFS_J143309.8+340556,NDWFSJ1434p3421,1.0,8130.000202119595,691.0005896908756,218.2909674,34.099114799999995
NDWFS_J143357.6+340716,NDWFSJ1434p3421,1.0,5828.000364975958,1009.9998645661412,218.4903159,34.1213834
NDWFS_J143407.2+340411,NDWFSJ1434p3421,0.0,5365.000097500077,296.9993385726507,218.5300878,34.070129499999986
NDWFS_J143439.9+342008,NDWFSJ1434p3421,0.0,3814.0005318856665,4014.00030451866,218.666294,34.335873799999995
NDWFS_J143317.7+342541,NDWFSJ1434p3421,0.0,7760.999751714834,5284.000544026907,218.3240757,34.42820109999999
NDWFS_J143424.8+340918,NDWFSJ1434p3421,0.0,4524.999683198047,1486.9998941544804,218.60334260000002,34.15508839999998
NDWFS_J143431.5+341721,NDWFSJ1434p3421,0.0,4210.000488361559,3362.0006727195746,218.6315904,34.28932449999999
NDWFS_J143350.6+342336,NDWFSJ1434p3421,0.0,6182.000454350042,4804.000520886602,218.4610838,34.393390399999994
NDWFS_J143302.9+340617,NDWFSJ1434p3421,0.0,8462.000509172034,773.9994873228616,218.2622513,34.10512179999999
NDWFS_J143526.6+340727,NDWFSJ1434p3421,0.0,1543.9997105138357,1078.999405591892,218.8611821,34.124368399999994
NDWFS_J143443.0+342811,NDWFSJ1434p3421,0.0,3676.999649566791,5886.000516293208,218.6792298,34.4699617
NDWFS_J143511.5+343200,NDWFSJ1434p3421,0.0,2314.9995232291367,6782.000076046901,218.79820400000003,34.53347919999999
NDWFS_J143314.7+342130,NDWFSJ1434p3421,0.0,7905.000071249811,4312.000533498685,218.3113257,34.35857219999999
NDWFS_J143446.4+343459,NDWFSJ1434p3421,0.0,3524.9996952122747,7467.999627415403,218.6933466,34.58325719999999
NDWFS_J143426.5+343521,NDWFSJ1434p3421,0.0,4479.000553613927,7547.999482463125,218.6103524,34.58941539999999
NDWFS_J143359.3+341918,NDWFSJ1434p3421,0.0,5762.000572509183,3808.999533829389,218.4971566,34.3219494
NDWFS_J143450.5+343104,NDWFSJ1434p3421,0.0,3323.999690010175,6562.999689764198,218.7103093,34.51830819999999
NDWFS_J143357.6+342845,NDWFSJ1434p3421,0.0,5853.999978515608,6003.000555115177,218.4900463,34.479210599999995
NDWFS_J143430.4+344056,NDWFSJ1434p3421,0.0,4296.999825340009,8846.000127408126,218.6268645,34.682353199999994
NDWFS_J143341.8+342439,NDWFSJ1434p3421,0.0,6607.000088848747,5049.000678485419,218.4242581,34.411074000000006
NDWFS_J143532.4+342612,NDWFSJ1434p3421,0.0,1301.9995863520708,5437.999614684701,218.8853243,34.43658349999999
NDWFS_J143428.9+341851,NDWFSJ1434p3421,0.0,4338.999883545596,3706.999366951769,218.62057730000004,34.31410279999998
NDWFS_J143530.1+341003,NDWFSJ1434p3421,0.0,1382.9994284482964,1684.0004130414222,218.8755562,34.16762639999999
NDWFS_J143351.0+341640,NDWFSJ1434p3421,0.0,6156.999927909063,3193.000567669828,218.4626514,34.27793119999998
NDWFS_J143552.4+341457,NDWFSJ1434p3421,0.0,321.00016170596246,2834.9998979457605,218.9684494,34.24943369999998
NDWFS_J143524.9+342015,NDWFSJ1434p3421,0.0,1650.0002947166122,4054.9994293634377,218.8541097,34.337687599999995
NDWFS_J143322.9+344038,NDWFSJ1434p3421,0.0,7524.000307603083,8760.000223501118,218.3456225,34.6772524
NDWFS_J143335.4+340552,NDWFSJ1434p3421,0.0,6896.999860681402,679.0005834654494,218.3976722,34.09797769999999
NDWFS_J143537.4+340529,NDWFSJ1434p3421,0.0,1022.0001752554743,625.0004082690898,218.9060233,34.09152099999999
NDWFS_J143424.1+343741,NDWFSJ1434p3421,0.0,4594.999547587632,8089.000623525089,218.6005222,34.628231799999995
NDWFS_J143518.6+342101,NDWFSJ1434p3421,0.0,1956.999736372034,4229.99996818378,218.8275891,34.350404999999995
NDWFS_J143327.5+341251,NDWFSJ1434p3421,0.0,7283.000072030945,2300.999603822512,218.36473729999997,34.214314999999985
NDWFS_J143451.7+342928,NDWFSJ1434p3421,0.0,3263.00014561564,6189.000538454496,218.7153932,34.491477499999995
NDWFS_J143528.0+343339,NDWFSJ1434p3421,0.0,1531.9997252798075,7174.000399676428,218.8665919,34.56112009999998
NDWFS_J143541.4+342056,NDWFSJ1434p3421,0.0,860.9998207796743,4220.999778416978,218.92270270000003,34.34910159999999
NDWFS_J143322.0+343009,NDWFSJ1434p3421,0.0,7559.000003511279,6325.000395006795,218.341909,34.50275999999999
NDWFS_J143332.4+343923,NDWFSJ1434p3421,0.0,7068.000014998596,8474.00025905532,218.3852706,34.6566462
NDWFS_J143531.4+341509,NDWFSJ1434p3421,0.0,1329.0001987265896,2870.0000569556337,218.8810982,34.252580999999985
NDWFS_J143443.9+342250,NDWFSJ1434p3421,0.0,3626.999506915452,4642.000672275538,218.68287520000004,34.380791599999995
NDWFS_J143551.5+343353,NDWFSJ1434p3421,0.0,405.99963998966086,7236.999350267719,218.9646108,34.564921899999995
NDWFS_J143320.2+343143,NDWFSJ1434p3421,0.0,7647.999578703692,6687.000014223018,218.3342656,34.52872229999997
NDWFS_J143359.0+341047,NDWFSJ1434p3421,0.0,5766.000279830676,1828.999944150644,218.496012,34.18005569999999
NDWFS_J143330.1+343120,NDWFSJ1434p3421,0.0,7174.999688118893,6599.9997219751785,218.3753845,34.52237649999999
NDWFS_J143534.9+341353,NDWFSJ1434p3421,0.0,1157.000009560341,2575.999373992754,218.89579,34.23140869999999
NDWFS_J143417.1+341310,NDWFSJ1434p3421,0.0,4898.000105203097,2387.9997156761733,218.571462,34.21980449999999
NDWFS_J143446.6+342835,NDWFSJ1434p3421,0.0,3505.000519441332,5978.9997319175945,218.6942331,34.47654539999999
NDWFS_J143335.4+343659,NDWFSJ1434p3421,0.0,6924.00018838563,7910.999900824533,218.3976356,34.61626259999999
NDWFS_J143403.6+342117,NDWFSJ1434p3421,0.0,5553.999953134125,4272.000236200303,218.5153991,34.355059099999984
NDWFS_J143456.0+341815,NDWFSJ1434p3421,0.0,3036.000063655114,3580.0001769464725,218.733546,34.304401699999985
NDWFS_J143338.9+341251,NDWFSJ1434p3421,0.0,6734.999567412642,2304.0004202141004,218.412229,34.21438949999999
NDWFS_J143558.0+343404,NDWFSJ1434p3421,0.0,94.00036659170291,7281.000324575938,218.9917934,34.56786350000001
NDWFS_J143319.8+344000,NDWFSJ1434p3421,0.0,7672.00021740848,8612.000225680345,218.3326863,34.66667959999999
NDWFS_J143525.5+343615,NDWFSJ1434p3421,0.0,1656.9999088093955,7777.0004830011185,218.8561452,34.60440359999999
NDWFS_J143527.4+343655,NDWFSJ1434p3421,0.0,1563.0000224750584,7932.999343629595,218.8644404,34.61552609999998
NDWFS_J143416.9+340355,NDWFSJ1434p3421,0.0,4894.000126332589,235.00044259882816,218.5708053,34.06551269999999
NDWFS_J143311.2+342720,NDWFSJ1434p3421,0.0,8071.999879379572,5666.999582217215,218.2971442,34.45571189999999
NDWFS_J143412.4+341330,NDWFSJ1434p3421,0.0,5125.000560593171,2462.000029478469,218.5518225,34.22519349999999
NDWFS_J143440.3+341552,NDWFSJ1434p3421,0.0,3785.999781789224,3019.999680068018,218.6681775,34.264628899999984
NDWFS_J143430.5+340829,NDWFSJ1434p3421,0.0,4249.000148765195,1299.0006270179686,218.6271465,34.141501299999995
NDWFS_J143404.0+341616,NDWFSJ1434p3421,0.0,5531.000073518992,3102.999975028792,218.5169037,34.271275899999985
NDWFS_J143446.5+343721,NDWFSJ1434p3421,0.0,3523.000147773954,8019.999827378899,218.6938371,34.62281230000001
NDWFS_J143530.1+343117,NDWFSJ1434p3421,0.0,1425.0001623134558,6621.00030578131,218.87549880000003,34.52142930000001
NDWFS_J143331.1+343920,NDWFSJ1434p3421,0.0,7133.000396062658,8461.000648164776,218.3796038,34.65573119999998
NDWFS_J143451.1+343040,NDWFSJ1434p3421,0.0,3292.999641141864,6463.999417324805,218.712947,34.511198699999994
NDWFS_J143348.0+343407,NDWFSJ1434p3421,0.0,6317.999453642673,7250.999996138845,218.4501636,34.568792999999985
NDWFS_J143355.1+343056,NDWFSJ1434p3421,0.0,5969.999691322261,6513.000640493886,218.4801609,34.51579679999999
NDWFS_J143448.8+341614,NDWFSJ1434p3421,0.0,3379.9995704769226,3106.999642623884,218.7034309,34.270674199999995
NDWFS_J143531.5+343559,NDWFSJ1434p3421,0.0,1367.99955183746,7719.9997359219105,218.8812616,34.60014569999999
NDWFS_J143305.3+341228,NDWFSJ1434p3421,0.0,8350.999638684738,2210.000518191803,218.272162,34.208014799999994
NDWFS_J143437.1+343441,NDWFSJ1434p3421,0.0,3968.999704507401,7393.999815547176,218.6546621,34.578159299999996
NDWFS_J143314.5+342848,NDWFSJ1434p3421,0.0,7918.999648640327,6011.00037831481,218.3105261,34.4803344
NDWFS_J143551.9+340458,NDWFSJ1434p3421,0.0,325.00032398646,513.9993160347144,218.9662386,34.0831213
NDWFS_J143340.9+343246,NDWFSJ1434p3421,0.0,6656.9994476973225,6934.999502061408,218.4205539,34.54624639999999
NDWFS_J143318.8+340716,NDWFSJ1434p3421,0.0,7696.99984294991,1002.0004134366465,218.3285218,34.12131579999999
NDWFS_J143311.1+341238,NDWFSJ1434p3421,0.0,8069.000161137736,2251.000213289163,218.2966087,34.21090139999999
NDWFS_J143544.1+343645,NDWFSJ1434p3421,0.0,763.9997782781738,7900.000084448152,218.9339779,34.612664599999995
NDWFS_J143401.4+342701,NDWFSJ1434p3421,0.0,5670.999567800943,5602.000019307945,218.50579,34.45041209999999
NDWFS_J143331.3+342140,NDWFSJ1434p3421,0.0,7104.000422584279,4351.999565826439,218.3808737,34.361256499999996
NDWFS_J143354.2+342922,NDWFSJ1434p3421,0.0,6017.999585824709,6146.99969602149,218.4758448,34.489583399999994
NDWFS_J143310.4+343645,NDWFSJ1434p3421,0.0,8117.999980359086,7856.000400158734,218.2936509,34.61259419999998
NDWFS_J143327.1+343332,NDWFSJ1434p3421,0.0,7316.000183606544,7110.999841711657,218.3632685,34.55903130000001
NDWFS_J143316.0+342133,NDWFSJ1434p3421,0.0,7838.999863559346,4320.000599349069,218.3170573,34.35913199999998
NDWFS_J143309.8+340554,NDWFSJ1434p3421,0.0,8129.000182594555,682.0002258018503,218.2910519,34.09846959999999
NDWFS_J143542.4+340735,NDWFSJ1434p3421,0.0,783.9999198247078,1115.0006470925882,218.9269917,34.126484099999985
NDWFS_J143410.5+340536,NDWFSJ1434p3421,0.0,5207.999473103509,623.0000498264444,218.5438142,34.09343519999999
NDWFS_J143444.6+341522,NDWFSJ1434p3421,0.0,3577.9997364455503,2903.99939787481,218.6861471,34.25622039999998
NDWFS_J143426.8+340548,NDWFSJ1434p3421,0.0,4419.999576525909,673.0003163385568,218.6120276,34.09671219999999
NDWFS_J143353.6+342741,NDWFSJ1434p3421,0.0,6044.000031406914,5758.00032301421,218.4734347,34.461714599999986
NDWFS_J143520.0+340733,NDWFSJ1434p3421,0.0,1864.0001301949576,1100.000266134207,218.8334982,34.12605819999999
NDWFS_J143422.4+343045,NDWFSJ1434p3421,0.0,4667.999487610075,6475.000699713564,218.5933779,34.5126003
NDWFS_J143342.8+343359,NDWFSJ1434p3421,0.0,6567.99997039897,7215.9998820770015,218.42839450000002,34.56635850000001
NDWFS_J143516.5+340455,NDWFSJ1434p3421,0.0,2024.999743884489,484.0004319924369,218.8191452,34.08200689999999
NDWFS_J143348.7+343550,NDWFSJ1434p3421,0.0,6284.000263763539,7652.000034800232,218.4532698,34.5975194
NDWFS_J143308.4+344101,NDWFSJ1434p3421,0.0,8216.000352123718,8846.000207328007,218.2853391,34.683558999999995
NDWFS_J143446.4+343810,NDWFSJ1434p3421,0.0,3527.000263794671,8207.000439986325,218.693596,34.636214499999994
NDWFS_J143403.9+342734,NDWFSJ1434p3421,0.0,5548.000337047971,5733.000206178405,218.5165342,34.45975759999999
NDWFS_J143320.7+341607,NDWFSJ1434p3421,0.0,7613.000510384056,3061.000455752592,218.336341,34.268856699999986
NDWFS_J143322.9+342702,NDWFSJ1434p3421,0.0,7513.000087259466,5599.000299437568,218.3457094,34.450720999999994
NDWFS_J143528.4+340642,NDWFSJ1434p3421,0.0,1459.0002685123636,904.9994613712628,218.8684143,34.111849699999986
NDWFS_J143523.3+343504,NDWFSJ1434p3421,0.0,1755.0002262074668,7500.999363130606,218.8474194,34.58468379999999
NDWFS_J143531.1+340921,NDWFSJ1434p3421,0.0,1329.9998294946035,1521.999684578921,218.8800279,34.15598589999998
NDWFS_J143512.5+342313,NDWFSJ1434p3421,0.0,2252.0002418017266,4739.000665734428,218.8023237,34.38704459999998
NDWFS_J143356.2+341254,NDWFSJ1434p3421,0.0,5906.000135966782,2320.0001908448767,218.484077,34.215288699999995
NDWFS_J143429.3+343011,NDWFSJ1434p3421,0.0,4340.000310606507,6347.999768432412,218.6218376,34.5033635
NDWFS_J143407.3+340925,NDWFSJ1434p3421,0.0,5366.0003787699125,1509.999664993105,218.530524,34.157057399999985
NDWFS_J143315.0+341651,NDWFSJ1434p3421,0.0,7885.999548637019,3230.0000408252163,218.3127084,34.28102599999999
NDWFS_J143414.7+340659,NDWFSJ1434p3421,0.0,5006.000114475236,947.999481790342,218.56144269999996,34.1166507
NDWFS_J143533.5+340638,NDWFSJ1434p3421,0.0,1214.000004926569,891.9996402339234,218.8896078,34.11077120000001
NDWFS_J143331.9+342316,NDWFSJ1434p3421,0.0,7078.999727867594,4725.999410248716,218.3831588,34.3880529
NDWFS_J143334.4+343512,NDWFSJ1434p3421,0.0,6969.000543601138,7502.00046571509,218.3935876,34.58696439999999
NDWFS_J143400.6+341835,NDWFSJ1434p3421,0.0,5695.000119238249,3638.0005210052977,218.5029004,34.30967239999998
NDWFS_J143429.2+343513,NDWFSJ1434p3421,0.0,4345.999996408238,7518.000290950449,218.6219141,34.587209699999995
NDWFS_J143315.8+343548,NDWFSJ1434p3421,0.0,7861.000374993331,7635.999988376773,218.3159742,34.59677689999998
NDWFS_J143341.1+341314,NDWFSJ1434p3421,0.0,6629.999781184842,2391.0001105825704,218.4213579,34.220595299999985
NDWFS_J143426.4+342406,NDWFSJ1434p3421,0.0,4464.999642293948,4930.999898307361,218.6102578,34.4018706
NDWFS_J143435.3+341117,NDWFSJ1434p3421,0.0,4021.000382075768,1950.0005592855869,218.64723249999997,34.188055199999994
NDWFS_J143512.8+344046,NDWFSJ1434p3421,0.0,2271.000091351949,8821.000289570824,218.8033904,34.67956499999999
NDWFS_J143306.5+343827,NDWFSJ1434p3421,0.0,8305.000500108023,8251.999683988313,218.2774537,34.64100759999998
NDWFS_J143413.1+342535,NDWFSJ1434p3421,0.0,5110.000187765635,5270.000354894946,218.554392,34.426419
NDWFS_J143422.3+340425,NDWFSJ1434p3421,0.0,4637.9997721886975,351.9993171304732,218.5930072,34.073796999999985
NDWFS_J143522.5+340445,NDWFSJ1434p3421,0.0,1735.9994766758464,447.0002951618085,218.844122,34.07919189999998
NDWFS_J143539.7+343038,NDWFSJ1434p3421,0.0,965.0003381875596,6475.9993880143375,218.9153923,34.510754799999994
NDWFS_J143409.1+343951,NDWFSJ1434p3421,0.0,5312.000547470245,8589.999676176722,218.5383015,34.66441179999999
NDWFS_J143512.2+351108,NDWFSJ1434p3456,1.0,2607.9994638556,7665.00020239466,218.8010364,35.1858194
NDWFS_J143435.9+350709,NDWFSJ1434p3456,1.0,4329.999884554086,6722.000462344244,218.6495654,35.11912829999999
NDWFS_J143400.9+351230,NDWFSJ1434p3456,1.0,5998.000413654609,7957.999537455342,218.5039585,35.20834729999999
NDWFS_J143438.7+350419,NDWFSJ1434p3456,1.0,4192.00020353809,6063.999300923137,218.6612927,35.071921299999985
NDWFS_J143335.7+344502,NDWFSJ1434p3456,1.0,7164.999841636915,1566.000520465671,218.3995452,34.75069569999999
NDWFS_J143339.5+343854,NDWFSJ1434p3456,1.0,6981.000009319814,139.99930363934436,218.4151148,34.648456499999995
NDWFS_J143511.8+350754,NDWFSJ1434p3456,1.0,2616.9995004770262,6907.999983023015,218.7997412,35.13159049999999
NDWFS_J143431.0+350817,NDWFSJ1434p3456,1.0,4563.000452545851,6991.000289828693,218.6292951,35.13850450000001
NDWFS_J143455.6+350858,NDWFSJ1434p3456,1.0,3392.0003976799544,7144.000533968641,218.7319887,35.14891259999999
NDWFS_J143431.4+350937,NDWFSJ1434p3456,1.0,4542.999481488188,7293.999591988235,218.6312061,35.1602045
NDWFS_J143350.0+350351,NDWFSJ1434p3456,1.0,6508.999472780096,5945.000491392397,218.4583914,35.06428749999999
NDWFS_J143316.3+350546,NDWFSJ1434p3456,1.0,8113.000142856335,6385.999715574893,218.3180781,35.09630579999998
NDWFS_J143525.5+350315,NDWFSJ1434p3456,1.0,1964.9999157982456,5828.000274300259,218.8560859,35.0538368
NDWFS_J143343.4+350000,NDWFSJ1434p3456,1.0,6814.999869453268,5044.999614957929,218.4312868,34.999892799999984
NDWFS_J143510.6+344338,NDWFSJ1434p3456,1.0,2634.999903794731,1267.0005276490474,218.7944203,34.727419299999994
NDWFS_J143532.6+345128,NDWFSJ1434p3456,1.0,1598.000483183769,3094.999544313451,218.8861786,34.857797799999986
NDWFS_J143454.1+344527,NDWFSJ1434p3456,1.0,3430.000016063447,1685.000081840716,218.7253597,34.757788599999984
NDWFS_J143417.2+344556,NDWFSJ1434p3456,1.0,5190.000326632771,1784.000419178189,218.5718989,34.76566689999999
NDWFS_J143337.6+344139,NDWFSJ1434p3456,1.0,7077.00054119291,777.000118413669,218.4069611,34.69413149999999
NDWFS_J143357.0+344357,NDWFSJ1434p3456,1.0,6151.000228744103,1318.9995819193637,218.4878848,34.73269210000001
NDWFS_J143337.4+344401,NDWFSJ1434p3456,1.0,7094.999981816605,1326.999712658372,218.4055722,34.73354989999999
NDWFS_J143349.8+344402,NDWFSJ1434p3456,1.0,6496.000540472327,1335.0001491896,218.4578075,34.73394909999999
NDWFS_J143332.2+344639,NDWFSJ1434p3456,1.0,7335.99981061807,1942.999617870274,218.3847476,34.777756399999994
NDWFS_J143357.0+345113,NDWFSJ1434p3456,1.0,6163.000168134622,3006.999763622808,218.4875094,34.8536557
NDWFS_J143325.7+344941,NDWFSJ1434p3456,1.0,7650.999612505202,2648.000261256446,218.3574667,34.8283544
NDWFS_J143314.1+351254,NDWFSJ1434p3456,1.0,8224.999521297055,8044.000209955795,218.3086757,35.21512319999999
NDWFS_J143350.9+350353,NDWFSJ1434p3456,0.0,6462.999465864902,5952.999392331156,218.4624215,35.06484619999999
NDWFS_J143335.9+351042,NDWFSJ1434p3456,0.0,7184.999736119462,7532.999811024238,218.3997241,35.178263799999996
NDWFS_J143507.2+351120,NDWFSJ1434p3456,0.0,2848.000220293776,7705.999632782199,218.7800236,35.188889299999985
NDWFS_J143338.6+344813,NDWFSJ1434p3456,0.0,7036.999490846808,2307.9999057210243,218.4109554,34.80383229999999
NDWFS_J143347.7+345056,NDWFSJ1434p3456,0.0,6604.000156152447,2939.000004915956,218.4489746,34.84892309999999
NDWFS_J143519.9+351251,NDWFSJ1434p3456,0.0,2245.000229158273,8066.999806069611,218.8331385,35.214411599999984
NDWFS_J143601.7+344607,NDWFSJ1434p3456,0.0,197.0005045706785,1865.999727828116,219.0074669,34.76881530000001
NDWFS_J143349.2+343941,NDWFSJ1434p3456,0.0,6521.00009798993,322.00002033960027,218.4552529,34.6613644
NDWFS_J143316.6+351040,NDWFSJ1434p3456,0.0,8098.000025122312,7529.000106152909,218.319683,35.17819819999999
NDWFS_J143329.8+345206,NDWFSJ1434p3456,0.0,7457.99994420549,3207.000128851856,218.3744837,34.8683642
NDWFS_J143458.0+351249,NDWFSJ1434p3456,0.0,3286.9995931365384,8052.00012562409,218.7417512,35.2139108
NDWFS_J143449.4+344340,NDWFSJ1434p3456,0.0,3649.000063137074,1267.0004454470109,218.7060145,34.72794409999999
NDWFS_J143431.0+350607,NDWFSJ1434p3456,0.0,4559.00013477134,6482.000157067007,218.6293801,35.10203429999998
NDWFS_J143530.9+345400,NDWFSJ1434p3456,0.0,1688.0003283681835,3683.999857498149,218.8787524,34.9000554
NDWFS_J143334.2+344725,NDWFSJ1434p3456,0.0,7246.000279772566,2119.00006819446,218.3926554,34.7903451
NDWFS_J143454.2+344102,NDWFSJ1434p3456,0.0,3414.0002058141345,654.0001114647412,218.7261343,34.68390219999999
NDWFS_J143436.8+351033,NDWFSJ1434p3456,0.0,4290.999808403848,7522.000328565908,218.6534155,35.1764274
NDWFS_J143501.6+350103,NDWFSJ1434p3456,0.0,3098.000254827877,5313.999814592176,218.7565958,35.01764649999999
NDWFS_J143514.8+344309,NDWFSJ1434p3456,0.0,2432.999915481985,1155.9997553100338,218.8119563,34.719353299999995
NDWFS_J143556.0+350346,NDWFSJ1434p3456,0.0,507.9996671348799,5970.000655377959,218.9837199,35.06307249999998
NDWFS_J143307.2+350110,NDWFSJ1434p3456,0.0,8544.999683043014,5315.999307439273,218.2800069,35.01972289999998
NDWFS_J143358.1+344225,NDWFSJ1434p3456,0.0,6099.000205994575,961.0006476491762,218.4922753,34.7070206
NDWFS_J143320.0+345730,NDWFSJ1434p3456,0.0,7928.99990778453,4463.000562974157,218.33368,34.958476399999974
NDWFS_J143542.9+350604,NDWFSJ1434p3456,0.0,1137.999538810067,6498.99957750152,218.9289887,35.1013939
NDWFS_J143420.4+350641,NDWFSJ1434p3456,0.0,5061.999945977697,6610.999858537271,218.5853889,35.11148799999999
NDWFS_J143522.2+344110,NDWFSJ1434p3456,0.0,2072.0004695294338,697.9998356855685,218.8431044,34.686328399999994
NDWFS_J143313.3+351125,NDWFSJ1434p3456,0.0,8258.999435621126,7700.000064783788,218.3056101,35.19048349999999
NDWFS_J143554.3+345606,NDWFSJ1434p3456,0.0,575.9999264367489,4182.999696364313,218.9763033,34.9350888
NDWFS_J143526.9+350433,NDWFSJ1434p3456,0.0,1896.999952583572,6137.999958615299,218.8622611,35.07600609999999
NDWFS_J143408.3+344635,NDWFSJ1434p3456,0.0,5614.999973188902,1932.9999104836616,218.5348913,34.776504499999994
NDWFS_J143533.6+345800,NDWFSJ1434p3456,0.0,1563.9994300943654,4616.999615899105,218.8902795,34.966827699999996
NDWFS_J143511.2+344500,NDWFSJ1434p3456,0.0,2611.0003663518164,1582.999700403264,218.796722,34.75004919999999
NDWFS_J143339.4+345821,NDWFSJ1434p3456,0.0,7005.000220177185,4661.999827267307,218.4145372,34.97250369999999
NDWFS_J143313.6+345908,NDWFSJ1434p3456,0.0,8239.000366280869,4844.000398153492,218.3066673,34.985842899999994
NDWFS_J143440.5+345547,NDWFSJ1434p3456,0.0,4090.999749697448,4081.0005658762366,218.6690339,34.92979139999999
NDWFS_J143414.8+344012,NDWFSJ1434p3456,0.0,5297.000490996556,449.0003045549747,218.5619492,34.67004320000001
NDWFS_J143321.4+350602,NDWFSJ1434p3456,0.0,7868.999648315528,6446.999706135501,218.3394645,35.100623
NDWFS_J143323.8+345104,NDWFSJ1434p3456,0.0,7746.999679818542,2967.000145640901,218.349175,34.8512361
NDWFS_J143408.9+344831,NDWFSJ1434p3456,0.0,5587.999641307368,2383.0005537893367,218.5374451,34.8087408
NDWFS_J143311.6+345216,NDWFSJ1434p3456,0.0,8324.999695461238,3244.9995333743373,218.2987673,34.871281100000004
NDWFS_J143527.0+345749,NDWFSJ1434p3456,0.0,1880.0001691320776,4571.999314759725,218.8626188,34.963796599999995
NDWFS_J143531.7+344019,NDWFSJ1434p3456,0.0,1620.9994610136346,501.9998632387988,218.8822596,34.672014699999984
NDWFS_J143407.5+344554,NDWFSJ1434p3456,0.0,5654.999626780869,1773.000478235523,218.531332,34.76505369999999
NDWFS_J143436.8+344033,NDWFSJ1434p3456,0.0,4243.999760035343,536.0004063208053,218.6537431,34.67583999999999
NDWFS_J143530.8+345910,NDWFSJ1434p3456,0.0,1698.9997284859635,4885.999550857256,218.878674,34.98618429999998
NDWFS_J143554.7+344620,NDWFSJ1434p3456,0.0,536.0003563173777,1913.000260602984,218.9779381,34.77241719999999
NDWFS_J143341.4+350039,NDWFSJ1434p3456,0.0,6911.999933136003,5200.000425538608,218.4228546,35.01102719999999
NDWFS_J143318.8+351130,NDWFSJ1434p3456,0.0,7999.999683542086,7719.00038010314,218.3283243,35.19179009999999
NDWFS_J143550.4+351043,NDWFSJ1434p3456,0.0,788.9995771513277,7580.999565666692,218.9604229,35.178678399999995
NDWFS_J143435.3+350123,NDWFSJ1434p3456,0.0,4349.999769834831,5384.99998461364,218.6470958,35.023342899999996
NDWFS_J143338.4+344826,NDWFSJ1434p3456,0.0,7045.999678752723,2357.999415726612,218.4101865,34.807417699999995
NDWFS_J143339.3+350044,NDWFSJ1434p3456,0.0,7014.999843657923,5216.000234024514,218.4138485,35.01220280000001
NDWFS_J143535.9+345822,NDWFSJ1434p3456,0.0,1457.9997619961068,4701.000389304569,218.8996103,34.97278
NDWFS_J143442.4+351111,NDWFSJ1434p3456,0.0,4025.0002917573775,7666.000605424602,218.6768136,35.186621300000006
NDWFS_J143455.3+350740,NDWFSJ1434p3456,0.0,3408.0003230006414,6849.000014622856,218.7304071,35.1277854
NDWFS_J143513.6+345012,NDWFSJ1434p3456,0.0,2506.000319434339,2794.999577256812,218.8066922,34.83683589999998
NDWFS_J143426.6+344741,NDWFSJ1434p3456,0.0,4745.000041451961,2195.0004213746224,218.6109229,34.794937999999995
NDWFS_J143508.3+351420,NDWFSJ1434p3456,0.0,2801.000108761913,8407.999502420766,218.7846043,35.2391558
NDWFS_J143525.7+350514,NDWFSJ1434p3456,0.0,1954.0004011130168,6296.999864355206,218.857385,35.087431899999984
NDWFS_J143533.7+350442,NDWFSJ1434p3456,0.0,1571.0002551307316,6175.000337176976,218.8908285,35.078457199999995
NDWFS_J143313.6+350653,NDWFSJ1434p3456,0.0,8240.999800625088,6645.999639884527,218.3069311,35.11496160000001
NDWFS_J143311.2+350653,NDWFSJ1434p3456,0.0,8356.999841401568,6643.999605353507,218.2967689,35.11484149999998
NDWFS_J143340.2+344342,NDWFSJ1434p3456,0.0,6958.000413198841,1256.9996110999257,218.4174949,34.72849579999998
NDWFS_J143324.3+350436,NDWFSJ1434p3456,0.0,7733.000382898386,6117.000481238167,218.351283,35.07694669999999
NDWFS_J143352.2+350301,NDWFSJ1434p3456,0.0,6400.999854224233,5752.000419121758,218.4677725,35.05042469999999
NDWFS_J143501.2+351040,NDWFSJ1434p3456,0.0,3131.0003735223527,7549.99975462514,218.7551151,35.17786469999998
NDWFS_J143411.2+351104,NDWFSJ1434p3456,0.0,5519.000409179894,7626.999577433031,218.5458157,35.18445959999997
NDWFS_J143334.2+345544,NDWFSJ1434p3456,0.0,7254.000552952073,4054.00051463855,218.3925694,34.92900510000002
NDWFS_J143531.5+344807,NDWFSJ1434p3456,0.0,1644.999951243588,2317.999789555124,218.8815027,34.802153099999984
NDWFS_J143338.5+344721,NDWFSJ1434p3456,0.0,7045.000514927085,2103.999477168421,218.4101895,34.78921599999998
NDWFS_J143414.2+344218,NDWFSJ1434p3456,0.0,5330.999585642641,938.0006283642788,218.5592111,34.70509789999999
NDWFS_J143318.7+344123,NDWFSJ1434p3456,0.0,7985.999613683665,717.0000084013845,218.3277176,34.6900541
NDWFS_J143351.2+345252,NDWFSJ1434p3456,0.0,6437.000500765694,3391.0002346581423,218.4637276,34.88126049999999
NDWFS_J143550.3+345422,NDWFSJ1434p3456,0.0,762.0004734186587,3779.000458557861,218.9597231,34.906268799999985
NDWFS_J143533.3+343952,NDWFSJ1434p3456,0.0,1542.9994672126068,400.9999114439897,218.8889803,34.66472969999999
NDWFS_J143440.0+344314,NDWFSJ1434p3456,0.0,4096.9994341138445,1161.000481574546,218.6668961,34.720559899999984
NDWFS_J143405.9+344406,NDWFSJ1434p3456,0.0,5728.000103784601,1356.0002784101534,218.524785,34.73519809999999
NDWFS_J143442.7+345904,NDWFSJ1434p3456,0.0,3992.0001060313352,4844.000403376327,218.6781153,34.984415800000015
NDWFS_J143422.8+345357,NDWFSJ1434p3456,0.0,4932.000507119678,3651.999741660157,218.5953196,34.89941809999999
NDWFS_J143424.3+350433,NDWFSJ1434p3456,0.0,4877.999532242637,6116.999674955037,218.6012602,35.07601819999999
NDWFS_J143322.1+351137,NDWFSJ1434p3456,0.0,7840.999761211246,7749.000056397552,218.3422739,35.19390379999999
NDWFS_J143555.5+351013,NDWFSJ1434p3456,0.0,547.9998746932506,7471.000494606289,218.9814557,35.170633699999996
NDWFS_J143517.2+344459,NDWFSJ1434p3456,0.0,2322.000521338776,1579.999669560163,218.82192260000002,34.7496724
NDWFS_J143452.4+351038,NDWFSJ1434p3456,0.0,3546.999917865018,7539.000575196274,218.7186429,35.17729039999999
NDWFS_J143435.1+345456,NDWFSJ1434p3456,0.0,4350.000072374658,3881.999974292772,218.646291,34.91564989999999
NDWFS_J143514.1+350552,NDWFSJ1434p3456,0.0,2509.00006658804,6437.000531977863,218.8088842,35.09778519999997
NDWFS_J143308.7+351220,NDWFSJ1434p3456,0.0,8476.999806417392,7913.000125241306,218.2865439,35.205787199999975
NDWFS_J143343.5+351133,NDWFSJ1434p3456,0.0,6825.999570371448,7735.999499732754,218.4312675,35.1927068
NDWFS_J143308.9+351055,NDWFSJ1434p3456,0.0,8465.000233710769,7583.00023276114,218.2875212,35.1821412
NDWFS_J143537.0+350858,NDWFSJ1434p3456,0.0,1423.999845545528,7169.000664037958,218.9044514,35.1495781
NDWFS_J143423.7+344938,NDWFSJ1434p3456,0.0,4884.99946922263,2646.000239897932,218.5989291,34.827313299999986
NDWFS_J143320.2+350407,NDWFSJ1434p3456,0.0,7925.999707932968,6002.999923022719,218.3343534,35.06882259999999
NDWFS_J143351.0+345850,NDWFSJ1434p3456,0.0,6454.999901290656,4779.00021949069,218.4626784,34.980723699999984
NDWFS_J143350.7+344128,NDWFSJ1434p3456,0.0,6451.999823752156,741.0000919275808,218.4614215,34.69136909999999
NDWFS_J143432.5+344934,NDWFSJ1434p3456,0.0,4463.000506975664,2630.9995457223067,218.6357588,34.8260595
NDWFS_J143357.9+344436,NDWFSJ1434p3456,0.0,6111.000481673431,1468.9999096967058,218.4914328,34.74342779999998
NDWFS_J143357.2+345446,NDWFSJ1434p3456,0.0,6155.000391875142,3836.000265638013,218.4885387,34.91305619999999
NDWFS_J143318.6+351340,NDWFSJ1434p3456,0.0,8006.999526571806,8221.00012644787,218.3278421,35.227758299999984
NDWFS_J143403.0+344031,NDWFSJ1434p3456,0.0,5864.999598202476,518.9999354777183,218.51248810000004,34.6752669
NDWFS_J143556.8+345149,NDWFSJ1434p3456,0.0,445.0003432776812,3191.00044045412,218.9869309,34.863924
NDWFS_J143532.7+345337,NDWFSJ1434p3456,0.0,1598.0004471773882,3594.9995881245104,218.8865489,34.8936232
NDWFS_J143437.1+350827,NDWFSJ1434p3456,0.0,4271.999703265805,7028.000127741456,218.6548124,35.141025899999995
NDWFS_J143320.0+350805,NDWFSJ1434p3456,0.0,7935.999504165515,6922.999594160685,218.3337233,35.1347436
NDWFS_J143439.4+344905,NDWFSJ1434p3456,0.0,4135.999479832402,2522.00013176682,218.6642431,34.8181028
NDWFS_J143420.5+351129,NDWFSJ1434p3456,0.0,5066.999859144846,7727.999787955663,218.5854912,35.19151929999998
NDWFS_J143551.1+350409,NDWFSJ1434p3456,0.0,743.9994579901595,6056.999482093759,218.9631336,35.069466399999996
NDWFS_J143425.4+344307,NDWFSJ1434p3456,0.0,4796.000380068397,1131.999724132901,218.6059418,34.71878679999998
NDWFS_J143435.7+351205,NDWFSJ1434p3456,0.0,4346.999879900835,7869.99973103696,218.648694,35.20138490000001
NDWFS_J143547.6+344702,NDWFSJ1434p3456,0.0,876.0001606933165,2071.0004342028506,218.9484072,34.783966
NDWFS_J143550.3+350216,NDWFSJ1434p3456,0.0,776.0004156224368,5616.999542909411,218.9599779,35.0379646
NDWFS_J143431.4+345842,NDWFSJ1434p3456,0.0,4528.000299871277,4756.9995480464695,218.631193,34.97842450000001
NDWFS_J143540.9+344646,NDWFSJ1434p3456,0.0,1197.9994341944184,2005.0000543408987,218.9202661,34.779446099999994
NDWFS_J143553.0+345823,NDWFSJ1434p3456,0.0,639.9998369463392,4712.999545565068,218.9711415,34.97310519999999
NDWFS_J143357.6+350415,NDWFSJ1434p3456,0.0,6147.999743654349,6040.999796717433,218.4900336,35.071049099999996
NDWFS_J143330.3+350044,NDWFSJ1434p3456,0.0,7443.000426260154,5219.000166277379,218.3764029,35.012531799999984
NDWFS_J143517.0+350511,NDWFSJ1434p3456,0.0,2365.999634293037,6284.000572225941,218.8213018,35.086742099999995
NDWFS_J143519.9+350213,NDWFSJ1434p3456,0.0,2228.0000676073087,5591.999979336215,218.8329029,35.037083200000005
NDWFS_J143505.9+350015,NDWFSJ1434p3456,0.0,2891.000517781647,5129.999671842677,218.774587,35.0043529
NDWFS_J143422.4+351534,NDWFSJ1434p3531,1.0,5156.999685570191,543.9994665679242,218.5934106,35.25961770000001
NDWFS_J143523.8+354932,NDWFSJ1434p3531,1.0,2304.000416865704,8470.000206366276,218.8493877,35.825877999999996
NDWFS_J143349.0+354157,NDWFSJ1434p3531,1.0,6768.999527425098,6674.000351991199,218.4542336,35.699307899999994
NDWFS_J143605.2+352226,NDWFSJ1434p3531,1.0,290.0000559430173,2183.000386435928,219.021852,35.37427179999999
NDWFS_J143543.9+354914,NDWFSJ1434p3531,1.0,1355.0001522154253,8406.00033637305,218.9331725,35.82069280000002
NDWFS_J143506.4+354831,NDWFSJ1434p3531,1.0,3124.0002954849388,8224.000229388213,218.7767846,35.80873589999998
NDWFS_J143347.9+354741,NDWFSJ1434p3531,1.0,6823.000520174953,8005.9999628690675,218.449962,35.79471950000001
NDWFS_J143358.4+354909,NDWFSJ1434p3531,1.0,6336.000310663346,8347.999406444469,218.4931132,35.8190518
NDWFS_J143433.8+352721,NDWFSJ1434p3531,1.0,4628.999510035876,3286.999653316143,218.6412021,35.455892299999995
NDWFS_J143415.7+353051,NDWFSJ1434p3531,1.0,5490.999561865991,4098.999409142685,218.5657646,35.514419600000004
NDWFS_J143456.9+353204,NDWFSJ1434p3531,1.0,3543.999978979503,4395.000601271389,218.7373147,35.53473369999999
NDWFS_J143512.3+353809,NDWFSJ1434p3531,1.0,2828.000411364301,5815.000523792711,218.8013028,35.636050499999996
NDWFS_J143330.2+352652,NDWFSJ1434p3531,1.0,7644.999881278767,3162.000323031174,218.3758812,35.4479985
NDWFS_J143314.4+352957,NDWFSJ1434p3531,1.0,8393.000253181952,3873.999817397016,218.3102689,35.49917549999998
NDWFS_J143319.5+353201,NDWFSJ1434p3531,1.0,8155.999801902266,4357.9996069769,218.3312554,35.533794399999984
NDWFS_J143404.6+353632,NDWFSJ1434p3531,1.0,6025.999671413018,5414.999908561309,218.5192383,35.60888369999999
NDWFS_J143542.5+352211,NDWFSJ1434p3531,1.0,1370.0003585167651,2111.999845123377,218.9269112,35.36992909999998
NDWFS_J143537.9+352324,NDWFSJ1434p3531,1.0,1586.999680581317,2390.0002540851183,218.9080592,35.38998310000001
NDWFS_J143522.0+352339,NDWFSJ1434p3531,1.0,2339.0005510466053,2441.000076965671,218.8420114,35.39409989999998
NDWFS_J143335.5+351736,NDWFSJ1434p3531,1.0,7384.99990486642,1008.0003235420154,218.3980517,35.293619299999996
NDWFS_J143334.7+351746,NDWFSJ1434p3531,1.0,7423.000030163465,1040.9997863532517,218.3947263,35.29599369999999
NDWFS_J143341.0+352221,NDWFSJ1434p3531,1.0,7127.999576386861,2113.000278745423,218.420992,35.3727107
NDWFS_J143343.2+352230,NDWFSJ1434p3531,1.0,7021.000492400842,2145.000158150224,218.4304054,35.37497199999999
NDWFS_J143527.1+353415,NDWFSJ1434p3531,0.0,2122.000468814462,4913.0003914039335,218.8628739,35.57103269999999
NDWFS_J143458.2+352252,NDWFSJ1434p3531,0.0,3467.999536433157,2254.0002320280946,218.7426734,35.3813328
NDWFS_J143552.5+352151,NDWFSJ1434p3531,0.0,892.0000045903798,2039.999369760392,218.9688461,35.3644519
NDWFS_J143557.2+352812,NDWFSJ1434p3531,0.0,682.0000753782479,3517.000427470029,218.9885243,35.47010189999998
NDWFS_J143512.4+354535,NDWFSJ1434p3531,0.0,2836.999700804614,7536.00013993671,218.8016696,35.75930699999999
NDWFS_J143457.1+354120,NDWFSJ1434p3531,0.0,3548.0002349927554,6548.999352817518,218.7382945,35.689010199999984
NDWFS_J143411.0+353030,NDWFSJ1434p3531,0.0,5714.999560842503,4013.999648987363,218.5460099,35.50841760000001
NDWFS_J143526.0+354140,NDWFSJ1434p3531,0.0,2185.9998836557606,6637.999469661732,218.8584841,35.69461450000001
NDWFS_J143406.0+353211,NDWFSJ1434p3531,0.0,5955.000242086409,4404.000011237182,218.5250558,35.536442599999994
NDWFS_J143450.7+353504,NDWFSJ1434p3531,0.0,3843.999937133427,5089.999472981937,218.7113174,35.584666199999994
NDWFS_J143346.6+351901,NDWFSJ1434p3531,0.0,6860.000191821641,1336.9997943761537,218.4442596,35.31703869999999
NDWFS_J143516.7+354212,NDWFSJ1434p3531,0.0,2626.000312859156,6756.999846803483,218.819757,35.703398499999984
NDWFS_J143515.4+352137,NDWFSJ1434p3531,0.0,2648.999784678279,1969.999420045695,218.8144459,35.36054109999999
NDWFS_J143442.2+354037,NDWFSJ1434p3531,0.0,4254.999775794242,6378.000202410072,218.6758396,35.6771158
NDWFS_J143535.2+351621,NDWFSJ1434p3531,0.0,1698.999553032987,751.0001685800871,218.8969807,35.272646
NDWFS_J143559.2+351821,NDWFSJ1434p3531,0.0,567.0004446743951,1227.9998550928722,218.9967136,35.306061099999994
NDWFS_J143547.0+353006,NDWFSJ1434p3531,0.0,1166.9996169639926,3952.999648453784,218.9462122,35.50166259999999
NDWFS_J143518.9+351933,NDWFSJ1434p3531,0.0,2480.999930773278,1488.0000871687334,218.8288692,35.32591609999999
NDWFS_J143536.3+353402,NDWFSJ1434p3531,0.0,1683.0005529609243,4863.000290777145,218.9014982,35.56717749999999
NDWFS_J143401.9+351558,NDWFSJ1434p3531,0.0,6127.0000284253565,633.0006748812484,218.5083309,35.2663631
NDWFS_J143554.1+354219,NDWFSJ1434p3531,0.0,861.0002833514845,6801.000551280002,218.9754824,35.70542419999999
NDWFS_J143527.3+355030,NDWFSJ1434p3531,0.0,2139.999942654771,8695.999321243915,218.8640408,35.84196099999998
NDWFS_J143312.5+352758,NDWFSJ1434p3531,0.0,8481.000036637444,3412.000654453772,218.3024129,35.466098599999995
NDWFS_J143504.9+354402,NDWFSJ1434p3531,0.0,3186.999787216886,7178.000199443824,218.7705418,35.7338643
NDWFS_J143501.5+353253,NDWFSJ1434p3531,0.0,3330.000336840205,4585.999932789178,218.7562753,35.5483018
NDWFS_J143435.6+352932,NDWFSJ1434p3531,0.0,4549.999721416284,3796.0004617562736,218.6484254,35.49231709999997
NDWFS_J143439.0+352716,NDWFSJ1434p3531,0.0,4387.999720438372,3270.00005562598,218.6623897,35.45456479999999
NDWFS_J143416.8+353400,NDWFSJ1434p3531,0.0,5443.000054919879,4831.999792194085,218.5703361,35.566904499999985
NDWFS_J143500.7+351345,NDWFSJ1434p3531,0.0,3331.9997196901368,132.00032953587834,218.7532868,35.22924589999999
NDWFS_J143311.3+353423,NDWFSJ1434p3531,0.0,8543.00024474696,4903.999519564073,218.2973115,35.57298629999999
NDWFS_J143542.6+355042,NDWFSJ1434p3531,0.0,1419.0003013587957,8748.0003547874,218.9277876,35.84522419999999
NDWFS_J143509.8+353519,NDWFSJ1434p3531,0.0,2907.000025267771,5165.000091915092,218.7939059,35.5895411
NDWFS_J143349.9+352040,NDWFSJ1434p3531,0.0,6702.999610337767,1721.9999991957138,218.4581905,35.34457179999999
NDWFS_J143553.0+354718,NDWFSJ1434p3531,0.0,919.9994525440324,7960.000190396739,218.9712304,35.78846090000001
NDWFS_J143442.3+351320,NDWFSJ1434p3531,0.0,4206.000499047812,29.99982463847845,218.6765683,35.22237410000001
NDWFS_J143606.8+353708,NDWFSJ1434p3531,0.0,248.00050950959667,5598.999406818071,219.0285062,35.6189064
NDWFS_J143536.7+353951,NDWFSJ1434p3531,0.0,1675.9999751170672,6220.000572032648,218.9031478,35.6643604
NDWFS_J143511.4+354120,NDWFSJ1434p3531,0.0,2874.000259924547,6553.999311000753,218.7977439,35.68900239999999
NDWFS_J143407.5+353539,NDWFSJ1434p3531,0.0,5883.999456451061,5211.999761768388,218.5316621,35.5942918
NDWFS_J143428.2+353210,NDWFSJ1434p3531,0.0,4904.00055907454,4408.000213755047,218.6175899,35.53631089999998
NDWFS_J143556.9+354704,NDWFSJ1434p3531,0.0,738.0003477166247,7907.000295809332,218.9872561,35.78453859999999
NDWFS_J143514.2+353819,NDWFSJ1434p3531,0.0,2735.999573879453,5855.000434094745,218.8094391,35.6388629
NDWFS_J143351.1+354746,NDWFSJ1434p3531,0.0,6675.999629250786,8031.000673091959,218.4629547,35.79646339999999
NDWFS_J143421.2+354405,NDWFSJ1434p3531,0.0,5249.999436287951,7178.0001041388605,218.5884815,35.734852100000005
NDWFS_J143501.4+353617,NDWFSJ1434p3531,0.0,3339.9999042575746,5373.999555329301,218.7558942,35.6047469
NDWFS_J143403.9+353859,NDWFSJ1434p3531,0.0,6061.999702627761,5986.999559202308,218.51631,35.64986569999998
NDWFS_J143512.1+353225,NDWFSJ1434p3531,0.0,2825.0001316298712,4478.999416613213,218.8006679,35.5403608
NDWFS_J143554.3+352243,NDWFSJ1434p3531,0.0,810.0001287934319,2240.999584366168,218.9762148,35.378793399999985
NDWFS_J143341.9+352329,NDWFSJ1434p3531,0.0,7085.999535926112,2375.9993856467536,218.4247737,35.39153939999998
NDWFS_J143543.8+352041,NDWFSJ1434p3531,0.0,1298.9995965339076,1760.0004687160508,218.9328725,35.344668
NDWFS_J143405.0+352000,NDWFSJ1434p3531,0.0,5986.999781992021,1572.0002470909803,218.5210197,35.33358459999998
NDWFS_J143342.2+353102,NDWFSJ1434p3531,0.0,7079.000174035922,4133.999808865443,218.4259998,35.51747129999999
NDWFS_J143601.3+352350,NDWFSJ1434p3531,0.0,477.0004324798356,2504.999394815053,219.0056962,35.3974704
NDWFS_J143349.2+352707,NDWFSJ1434p3531,0.0,6732.999701117453,3226.999613248603,218.4561171,35.45239529999999
NDWFS_J143430.6+352800,NDWFSJ1434p3531,0.0,4782.99989626416,3440.0004775976304,218.6277369,35.466920299999984
NDWFS_J143448.0+353536,NDWFSJ1434p3531,0.0,3971.00056011474,5211.999820095862,218.7002014,35.59346740000001
NDWFS_J143538.2+353621,NDWFSJ1434p3531,0.0,1601.0005496150698,5408.000273972713,218.9091372,35.60615829999999
NDWFS_J143608.0+353424,NDWFSJ1434p3531,0.0,183.00034365584,4963.999928050907,219.0336781,35.5733815
NDWFS_J143544.5+351704,NDWFSJ1434p3531,0.0,1260.9995595008986,923.0000121705434,218.935551,35.28468509999998
NDWFS_J143315.3+354150,NDWFSJ1434p3531,0.0,8358.000383730752,6639.999663548293,218.3140437,35.6972905
NDWFS_J143344.6+352800,NDWFSJ1434p3531,0.0,6962.00034587991,3427.000695929288,218.4360465,35.46679239999999
NDWFS_J143601.1+351714,NDWFSJ1434p3531,0.0,472.9998302955173,968.9994832836,219.004746,35.28744159999999
NDWFS_J143602.5+353744,NDWFSJ1434p3531,0.0,454.0001366722572,5738.999824661303,219.0104743,35.62908209999999
NDWFS_J143417.5+352423,NDWFSJ1434p3531,0.0,5400.999956332554,2594.000020999041,218.5729711,35.406576400000006
NDWFS_J143506.4+354411,NDWFSJ1434p3531,0.0,3114.9996794805,7214.000390420068,218.7769191,35.736403
NDWFS_J143554.3+352000,NDWFSJ1434p3531,0.0,805.0000737182527,1608.000611806321,218.9761334,35.33344729999999
NDWFS_J143537.2+353512,NDWFSJ1434p3531,0.0,1644.9997409067182,5135.999466411475,218.905053,35.58670579999999
NDWFS_J143558.9+353113,NDWFSJ1434p3531,0.0,607.0004043129229,4219.999308844188,218.9957119,35.520400900000006
NDWFS_J143351.9+353006,NDWFSJ1434p3531,0.0,6619.000012821747,3919.000485515095,218.4664088,35.501929399999995
NDWFS_J143355.8+354707,NDWFSJ1434p3531,0.0,6452.000082969098,7877.0006858390225,218.4826774,35.78536119999999
NDWFS_J143455.6+354305,NDWFSJ1434p3531,0.0,3623.999892964895,6957.000194625125,218.7318418,35.71826939999998
NDWFS_J143340.2+353659,NDWFSJ1434p3531,0.0,7180.999928376014,5512.0002859222,218.4174907,35.61620529999998
NDWFS_J143428.1+352006,NDWFSJ1434p3531,0.0,4891.00001830149,1600.0002355709348,218.6172921,35.33515819999999
NDWFS_J143445.2+351810,NDWFSJ1434p3531,0.0,4078.0005579015296,1155.0002638547412,218.6884394,35.30290919999998
NDWFS_J143549.7+352334,NDWFSJ1434p3531,0.0,1026.999604806102,2435.0004763397246,218.9573053,35.392837899999996
NDWFS_J143447.0+352502,NDWFSJ1434p3531,0.0,4002.000208947922,2752.000259628752,218.6960381,35.417275599999996
NDWFS_J143428.7+352828,NDWFSJ1434p3531,0.0,4874.999498429049,3546.000217667486,218.6196986,35.47455329999998
NDWFS_J143557.1+352732,NDWFSJ1434p3531,0.0,686.999495984579,3360.9995915916443,218.9879545,35.45893169999999
NDWFS_J143513.8+354449,NDWFSJ1434p3531,0.0,2765.0000961578025,7368.000150644664,218.8079109,35.74723499999999
NDWFS_J143322.6+351617,NDWFSJ1434p3531,0.0,7992.999606489698,696.9998705410671,218.3445901,35.27149080000001
NDWFS_J143335.4+351651,NDWFSJ1434p3531,0.0,7387.999478226366,833.0004805996341,218.3977319,35.28108259999999
NDWFS_J143429.2+354727,NDWFSJ1434p3531,0.0,4878.0004070296,7963.999428225841,218.6217192,35.7909834
NDWFS_J143400.1+353550,NDWFSJ1434p3531,0.0,6237.999526782023,5251.999957877881,218.5004894,35.59728369999999
NDWFS_J143320.7+353419,NDWFSJ1434p3531,0.0,8096.000434207166,4894.999550612247,218.3366834,35.57224629999999
NDWFS_J143351.3+352230,NDWFSJ1434p3531,0.0,6636.999493417387,2148.000366586606,218.46415,35.37506919999999
NDWFS_J143412.3+353929,NDWFSJ1434p3531,0.0,5661.99959527746,6102.9997172763,218.5516286,35.65802519999998
NDWFS_J143438.7+351349,NDWFSJ1434p3531,0.0,4379.999822430264,140.99980187492292,218.6613684,35.23040739999999
NDWFS_J143509.0+353824,NDWFSJ1434p3531,0.0,2985.0005106771496,5870.999724352678,218.7875016,35.6401493
NDWFS_J143524.1+354849,NDWFSJ1434p3531,0.0,2287.9998712286524,8303.00046184925,218.8506813,35.81390989999998
NDWFS_J143448.7+352556,NDWFSJ1434p3531,0.0,3924.000333949888,2961.999673211225,218.7030185,35.432280299999995
NDWFS_J143431.0+354852,NDWFSJ1434p3531,0.0,4793.000209353426,8294.999559715136,218.6293998,35.81464959999998
NDWFS_J143540.0+353739,NDWFSJ1434p3531,0.0,1515.0005341535634,5706.00048112663,218.9169448,35.6274451
NDWFS_J143501.4+352503,NDWFSJ1434p3531,0.0,3320.9997196308123,2762.000295696218,218.7559119,35.4176454
NDWFS_J143325.2+353651,NDWFSJ1434p3531,0.0,7883.999943766774,5482.0004647692,218.355526,35.6142422
NDWFS_J143329.6+352606,NDWFSJ1434p3531,0.0,7671.999584223651,2981.000636114486,218.3734518,35.4350393
NDWFS_J143507.3+351823,NDWFSJ1434p3531,0.0,3030.999689105809,1210.99976292254,218.7803917,35.306383199999985
NDWFS_J143340.9+352248,NDWFSJ1434p3531,0.0,7135.000569556118,2216.000306099686,218.4204121,35.38009149999998
NDWFS_J143326.9+352930,NDWFSJ1434p3531,0.0,7802.999732801886,3773.999443452929,218.3621638,35.49187830000001
NDWFS_J143317.9+352824,NDWFSJ1434p3531,0.0,8228.00014396837,3513.999838360261,218.3246964,35.47335209999999
NDWFS_J143318.1+352940,NDWFSJ1434p3531,0.0,8217.000055378709,3807.00032645369,218.3257407,35.49433849999999
NDWFS_J143315.9+353937,NDWFSJ1434p3531,0.0,8329.00055553152,6123.000606158312,218.3164708,35.66025529999999
NDWFS_J143534.8+353130,NDWFSJ1434p3531,0.0,1748.9996216751642,4274.999647231976,218.8952424,35.525104899999995
NDWFS_J143458.9+353625,NDWFSJ1434p3531,0.0,3456.9994680890286,5406.000427433613,218.7456054,35.60710079999999
NDWFS_J143406.2+351536,NDWFSJ1434p3531,0.0,5922.999550090686,547.0002772041153,218.5261961,35.26012909999999
NDWFS_J143520.7+353826,NDWFSJ1434p3531,0.0,2432.000319750494,5885.000361199778,218.8362558,35.64083449999999
NDWFS_J143417.9+354940,NDWFSJ1434p3531,0.0,5412.000230555424,8474.000370887741,218.5748039,35.82773
NDWFS_J143435.4+351835,NDWFSJ1434p3531,0.0,4546.000402131057,1250.000414067055,218.6474039,35.30993279999999
NDWFS_J143541.4+354124,NDWFSJ1434p3531,0.0,1456.9999742058371,6583.000490876533,218.9227393,35.69021479999999
NDWFS_J143313.5+353821,NDWFSJ1434p3531,0.0,8441.000477496376,5831.000020358191,218.3065232,35.63936430000001
NDWFS_J143413.2+352138,NDWFSJ1434p3531,0.0,5599.000248465489,1952.999639376998,218.5552716,35.360734599999994
NDWFS_J143437.3+352543,NDWFSJ1434p3531,0.0,4461.000043932994,2909.999763341213,218.6557724,35.42881059999999
NDWFS_J143550.3+353926,NDWFSJ1434p3531,0.0,1031.9994443158355,6127.000313082528,218.9598516,35.65727399999999
NDWFS_J143452.4+352948,NDWFSJ1434p3531,0.0,3753.99973500289,3865.999969271376,218.7185091,35.496949900000004
NDWFS_J143421.5+354329,NDWFSJ1434p3531,0.0,5233.000045891858,7036.999493672014,218.5899125,35.724747
NDWFS_J143529.8+352119,NDWFSJ1434p3531,0.0,1966.0003247927943,1902.000642918136,218.8743953,35.35526449999999
NDWFS_J143322.6+354408,NDWFSJ1434p3531,0.0,8018.000145735414,7177.999576775808,218.3441874,35.735746599999985
NDWFS_J143500.2+352117,NDWFSJ1434p3531,0.0,3372.0000432955494,1887.000537560918,218.7508786,35.35499250000001
NDWFS_J143509.4+352614,NDWFSJ1434p3531,0.0,2940.9997830855045,3038.999944904376,218.789501,35.43728109999999
NDWFS_J143459.2+354018,NDWFSJ1434p3531,0.0,3448.000538589353,6310.000415490733,218.7469646,35.67184109999998
NDWFS_J143538.3+352201,NDWFSJ1434p3531,0.0,1565.9999941729147,2068.9996236605166,218.9096589,35.36697579999999
NDWFS_J143352.0+352329,NDWFSJ1434p3531,0.0,6606.999790790252,2377.9998755862853,218.4668742,35.39153630000001
NDWFS_J143347.5+352741,NDWFSJ1434p3531,0.0,6825.000299364318,3351.999796864504,218.448071,35.461378199999984
NDWFS_J143342.3+354209,NDWFSJ1434p3531,0.0,7082.999557288307,6721.999762613734,218.4265497,35.7028411
NDWFS_J143515.1+352426,NDWFSJ1434p3531,0.0,2671.000566870596,2624.000457968523,218.8129589,35.4074019
NDWFS_J143557.2+352602,NDWFSJ1434p3531,0.0,676.000227740742,3012.000288707133,218.9886307,35.43392629999998
NDWFS_J143327.5+351925,NDWFSJ1434p3531,0.0,7764.99969038753,1425.9995344383933,218.3648151,35.32366390000001
NDWFS_J143452.9+352925,NDWFSJ1434p3531,0.0,3731.000383630122,3771.999473622829,218.7204763,35.49020509999999
NDWFS_J143535.0+351839,NDWFSJ1434p3531,0.0,1712.999612937561,1287.9993706580262,218.8961563,35.3111233
NDWFS_J143409.4+353432,NDWFSJ1434p3531,0.0,5794.00036754702,4953.999540579454,218.5394762,35.57577859999999
NDWFS_J143411.2+351640,NDWFSJ1434p3531,0.0,5689.999864128945,796.9995559648796,218.5467546,35.2779534
NDWFS_J143356.6+352655,NDWFSJ1434p3531,0.0,6394.0005494782845,3175.999931005276,218.4859134,35.44863200000001
NDWFS_J143347.9+352456,NDWFSJ1434p3531,0.0,6802.000365637816,2715.000224114907,218.4498595,35.41573939999999
NDWFS_J143420.8+352711,NDWFSJ1434p3531,0.0,5247.000525693469,3244.9996569260657,218.586825,35.453148299999995
NDWFS_J143555.0+353055,NDWFSJ1434p3531,0.0,794.00022891357,4147.000507216901,218.9791935,35.51530339999999
NDWFS_J143533.8+351652,NDWFSJ1434p3531,0.0,1768.0004390396934,869.0002441549568,218.891014,35.281142499999994
NDWFS_J143526.0+354430,NDWFSJ1434p3531,0.0,2189.0004886434635,7295.9997540468285,218.8586958,35.741738299999994
NDWFS_J143515.4+354035,NDWFSJ1434p3531,0.0,2686.0000174040124,6383.000110014633,218.8142079,35.6766487
NDWFS_J143557.8+353044,NDWFSJ1434p3531,0.0,656.999644049898,4113.999639423517,218.9912227,35.5128441
NDWFS_J143532.3+354936,NDWFSJ1434p3531,0.0,1902.0001711494297,8486.00008555577,218.8849131,35.82677559999998
NDWFS_J143329.5+354448,NDWFSJ1434p3531,0.0,7693.000032851289,7332.000441417706,218.3729182,35.74669649999999
NDWFS_J143424.2+355003,NDWFSJ1434p3531,0.0,5116.000488888375,8564.999523533814,218.6010019,35.83412429999999
NDWFS_J143403.7+353710,NDWFSJ1434p3531,0.0,6070.000547386548,5565.00013080566,218.5154248,35.61964329999998
NDWFS_J143424.2+353056,NDWFSJ1434p3531,0.0,5094.000389804333,4118.999923847336,218.6007178,35.51569089999999
NDWFS_J143446.3+354607,NDWFSJ1434p3531,0.0,4070.000307332512,7658.999584033118,218.6928976,35.76876720000001
NDWFS_J143520.1+352720,NDWFSJ1434p3531,0.0,2439.000235800609,3298.9994756877786,218.8338236,35.45561809999998
NDWFS_J143608.5+354327,NDWFSJ1434p3531,0.0,182.9997649947636,7069.999945869142,219.0355229,35.724201799999996
NDWFS_J143416.3+353202,NDWFSJ1434p3531,0.0,5462.999481113424,4371.000625665114,218.5683573,35.5338919
NDWFS_J143550.2+353404,NDWFSJ1434p3531,0.0,1028.000296431468,4879.000360649014,218.9591924,35.567891599999996
NDWFS_J143413.1+354132,NDWFSJ1434p3531,0.0,5631.0004159242535,6583.000154341502,218.5545827,35.6923914
NDWFS_J143432.6+352107,NDWFSJ1434p3531,0.0,4680.999895632845,1839.000093870904,218.6358621,35.352188099999985
NDWFS_J143530.1+353326,NDWFSJ1434p3531,0.0,1976.999457285732,4720.999504852425,218.8755025,35.55719189999999
NDWFS_J143318.1+351459,NDWFSJ1434p3531,0.0,8207.999711864308,395.0005317869545,218.3256418,35.24990249999999
NDWFS_J143528.9+352007,NDWFSJ1434p3531,0.0,2004.9994408447856,1625.0003480907708,218.870767,35.335445799999995
NDWFS_J143530.0+353006,NDWFSJ1434p3531,0.0,1974.0002413396376,3946.000527366548,218.8751954,35.50168099999999
NDWFS_J143437.7+351847,NDWFSJ1434p3531,0.0,4433.000039190692,1297.0004754864913,218.657351,35.31324850000001
NDWFS_J143358.9+355024,NDWFSJ1434p3531,0.0,6309.999591154883,8642.000450538457,218.4955307,35.840096800000005
NDWFS_J143336.3+352214,NDWFSJ1434p3531,0.0,7348.000228467922,2084.000460746882,218.4016507,35.37069489999999
NDWFS_J143531.5+352739,NDWFSJ1434p3531,0.0,1899.999873817751,3379.0006140668884,218.8812865,35.4610225
NDWFS_J143315.2+352323,NDWFSJ1434p3531,0.0,8348.000367017015,2349.999323660511,218.3138468,35.38999259999998
NDWFS_J143349.1+354230,NDWFSJ1434p3531,0.0,6760.99994204919,6800.9993215365175,218.4549868,35.7084011
NDWFS_J143456.8+354603,NDWFSJ1434p3531,0.0,3572.000281545449,7649.000223226034,218.7368578,35.76779959999999
NDWFS_J143331.7+354003,NDWFSJ1434p3531,0.0,7583.000218180654,6228.000357720499,218.3822845,35.6675987
NDWFS_J143446.4+351837,NDWFSJ1434p3531,0.0,4022.000153477085,1261.0001144916168,218.693417,35.31047589999999
NDWFS_J143319.6+351755,NDWFSJ1434p3531,0.0,8141.000168812682,1078.9993760012512,218.3317022,35.29889220000001
NDWFS_J143359.0+352552,NDWFSJ1434p3531,0.0,6276.000015798401,2935.9993321752227,218.4961936,35.4313996
NDWFS_J143841.8+335324,NDWFSJ1437p3347,1.0,309.0004267081895,5929.000601061335,219.6743991,33.890028199999996
NDWFS_J143706.6+335652,NDWFSJ1437p3347,1.0,4919.000267188145,6670.999740110751,219.277403,33.9478563
NDWFS_J143833.2+340359,NDWFSJ1437p3347,1.0,763.0004053790435,8386.999393111291,219.6385982,34.0666262
NDWFS_J143552.5+335721,NDWFSJ1437p3347,1.0,8491.999745236615,6744.00057481126,218.96887710000001,33.955830299999995
NDWFS_J143554.7+340113,NDWFSJ1437p3347,1.0,8394.000285462547,7646.999730174639,218.978074,34.02046959999999
NDWFS_J143722.3+335735,NDWFSJ1437p3347,1.0,4162.0002259771645,6846.99938854596,219.3429702,33.95978589999999
NDWFS_J143637.6+335835,NDWFSJ1437p3347,1.0,6319.999435383268,7054.000440097625,219.1567809,33.97646579999999
NDWFS_J143711.9+333426,NDWFSJ1437p3347,1.0,4593.99956161262,1457.0003324512982,219.2998198,33.574023699999984
NDWFS_J143744.6+333813,NDWFSJ1437p3347,1.0,3019.9998008912044,2355.000509213105,219.4362077,33.63688949999999
NDWFS_J143648.5+333748,NDWFSJ1437p3347,1.0,5737.99964263115,2225.0000874385405,219.2022268,33.63001489999999
NDWFS_J143735.6+335418,NDWFSJ1437p3347,0.0,3508.999789306797,6087.999335675172,219.3984792,33.904793999999995
NDWFS_J143843.2+335749,NDWFSJ1437p3347,0.0,258.9994649305663,6956.999740856087,219.6801572,33.96361029999999
NDWFS_J143658.2+334216,NDWFSJ1437p3347,0.0,5278.999801137197,3270.99961201112,219.2427954,33.70457179999998
NDWFS_J143658.7+333022,NDWFSJ1437p3347,0.0,5227.000509071442,502.0001336714122,219.2444116,33.506155599999985
NDWFS_J143725.1+335354,NDWFSJ1437p3347,0.0,4013.000377515229,5991.999661368155,219.3548721,33.89839179999999
NDWFS_J143619.5+340212,NDWFSJ1437p3347,0.0,7203.999850248938,7887.000424423092,219.08115649999996,34.03682899999998
NDWFS_J143637.3+334602,NDWFSJ1437p3347,0.0,6302.000381274889,4133.999939372131,219.155529,33.76723659999998
NDWFS_J143730.1+333422,NDWFSJ1437p3347,0.0,3713.999966601032,1451.9996624056676,219.375469,33.572865999999976
NDWFS_J143639.7+334337,NDWFSJ1437p3347,0.0,6177.999433750987,3575.9999368086937,219.16567530000003,33.72715999999997
NDWFS_J143603.8+333945,NDWFSJ1437p3347,0.0,7908.000394700071,2658.0002111309623,219.0158796,33.662668899999986
NDWFS_J143820.6+333558,NDWFSJ1437p3347,0.0,1271.000235946929,1859.9996017929927,219.5860097,33.59963039999999
NDWFS_J143652.2+335116,NDWFSJ1437p3347,0.0,5595.0000483902895,5360.000410925532,219.2176959,33.85450389999998
NDWFS_J143725.5+333546,NDWFSJ1437p3347,0.0,3938.999699272401,1775.000351573619,219.3564898,33.5962135
NDWFS_J143607.3+333356,NDWFSJ1437p3347,0.0,7721.000486123534,1308.0002332980548,219.0308257,33.56581729999999
NDWFS_J143743.5+340614,NDWFSJ1437p3347,0.0,3163.00024768589,8874.00036811121,219.4316687,34.104057099999984
NDWFS_J143829.1+335702,NDWFSJ1437p3347,0.0,933.0002924965156,6761.00062597964,219.62169200000002,33.95033569999999
NDWFS_J143553.8+333412,NDWFSJ1437p3347,0.0,8378.00029093669,1360.9995704937828,218.9743789,33.570059099999995
NDWFS_J143727.6+335617,NDWFSJ1437p3347,0.0,3904.000201948955,6549.999432013945,219.3649139,33.93826769999998
NDWFS_J143811.1+335353,NDWFSJ1437p3347,0.0,1792.9998076374686,6018.000550015812,219.546479,33.898045499999995
NDWFS_J143746.2+333808,NDWFSJ1437p3347,0.0,2941.999823058286,2341.0002702314323,219.4429012,33.635810099999986
NDWFS_J143730.8+340026,NDWFSJ1437p3347,0.0,3762.000495070823,7516.999925727872,219.37828620000002,34.00741449999998
NDWFS_J143833.4+333116,NDWFSJ1437p3347,0.0,632.0005227621514,774.9997358781529,219.6394688,33.52121249999998
NDWFS_J143618.0+332830,NDWFSJ1437p3347,0.0,7189.999849031818,47.00059920979584,219.0753593,33.47509869999999
NDWFS_J143656.6+334910,NDWFSJ1437p3347,0.0,5376.00032514819,4874.000473194089,219.2360879,33.819500199999986
NDWFS_J143707.3+333134,NDWFSJ1437p3347,0.0,4806.999641575452,788.9996240287201,219.2807974,33.526356199999995
NDWFS_J143707.7+333925,NDWFSJ1437p3347,0.0,4813.999520576102,2612.000294510228,219.2821339,33.656960299999994
NDWFS_J143629.8+334721,NDWFSJ1437p3347,0.0,6666.999578604087,4437.0004720321695,219.12435619999997,33.7892291
NDWFS_J143810.6+335831,NDWFSJ1437p3347,0.0,1833.9995712049456,7094.999817323922,219.5443306,33.97524399999999
NDWFS_J143818.7+340357,NDWFSJ1437p3347,0.0,1462.0002026943002,8366.00029395566,219.5781366,34.0658976
NDWFS_J143554.3+340403,NDWFSJ1437p3347,0.0,8419.0003369684,8305.99999457132,218.9764464,34.067707299999995
NDWFS_J143559.2+334430,NDWFSJ1437p3347,0.0,8137.999648339466,3759.9996330703934,218.9969891,33.741782699999995
NDWFS_J143612.0+334714,NDWFSJ1437p3347,0.0,7526.000315979682,4404.000008389876,219.0502779,33.787499999999994
NDWFS_J143751.3+335022,NDWFSJ1437p3347,0.0,2739.999499160527,5188.000371722131,219.4637464,33.839562599999994
NDWFS_J143808.0+335120,NDWFSJ1437p3347,0.0,1931.999985407383,5424.000454858299,219.5337238,33.855639399999994
NDWFS_J143556.3+335330,NDWFSJ1437p3347,0.0,8297.000055525443,5852.000151631946,218.9849929,33.89178519999999
NDWFS_J143558.1+333937,NDWFSJ1437p3347,0.0,8180.000390410525,2626.999425283817,218.9924407,33.66063259999998
NDWFS_J143721.0+335045,NDWFSJ1437p3347,0.0,4204.000552685031,5258.999406928157,219.3375713,33.846052799999995
NDWFS_J143644.4+333341,NDWFSJ1437p3347,0.0,5925.999732211574,1266.9998888461378,219.18511080000002,33.56153449999998
NDWFS_J143553.7+335200,NDWFSJ1437p3347,0.0,8420.000023722447,5503.000295406453,218.9740949,33.86686019999999
NDWFS_J143712.0+333651,NDWFSJ1437p3347,0.0,4595.9999779942245,2018.9993066586976,219.3002542,33.614286299999996
NDWFS_J143738.7+334115,NDWFSJ1437p3347,0.0,3319.999864306814,3057.9998631105127,219.4112235,33.687541299999985
NDWFS_J143700.0+334204,NDWFSJ1437p3347,0.0,5190.999469792159,3222.00062928558,219.2503222,33.700986699999994
NDWFS_J143607.2+335145,NDWFSJ1437p3347,0.0,7769.99976173998,5449.000017022562,219.0301353,33.86254779999999
NDWFS_J143722.6+334718,NDWFSJ1437p3347,0.0,4113.000145231792,4454.999879571668,219.34451950000002,33.788368399999996
NDWFS_J143740.0+334356,NDWFSJ1437p3347,0.0,3263.999917000523,3682.9995093976713,219.416781,33.73226129999999
NDWFS_J143813.7+334301,NDWFSJ1437p3347,0.0,1629.0003115716572,3493.9998348209074,219.5573462,33.71706119999999
NDWFS_J143748.3+340548,NDWFSJ1437p3347,0.0,2933.0003819877456,8774.99977433438,219.45144500000004,34.096735699999996
NDWFS_J143710.8+335831,NDWFSJ1437p3347,0.0,4718.999898640348,7057.999323215885,219.2950919,33.97540729999999
NDWFS_J143555.8+335142,NDWFSJ1437p3347,0.0,8320.999726966336,5432.000488260223,218.98257970000003,33.86170699999998
NDWFS_J143612.1+334006,NDWFSJ1437p3347,0.0,7505.999655435007,2742.0006505962974,219.0505558,33.668406
NDWFS_J143659.6+333744,NDWFSJ1437p3347,0.0,5199.000064310258,2216.0001219804853,219.2485902,33.628921599999984
NDWFS_J143754.5+335316,NDWFSJ1437p3347,0.0,2591.0000018825995,5863.999401173721,219.4774284,33.88784099999998
NDWFS_J143755.1+334135,NDWFSJ1437p3347,0.0,2526.0001578746524,3149.000426526698,219.4796834,33.693277399999985
NDWFS_J143726.6+333329,NDWFSJ1437p3347,0.0,3880.000400592684,1247.0004398677484,219.3609664,33.55833499999998
NDWFS_J143744.2+335649,NDWFSJ1437p3347,0.0,3104.000533557248,6684.000673318424,219.4341455,33.947099599999994
NDWFS_J143700.9+335039,NDWFSJ1437p3347,0.0,5175.000433191557,5222.999477223181,219.2537834,33.844333699999986
NDWFS_J143733.9+334938,NDWFSJ1437p3347,0.0,3574.999967666839,5007.000346875161,219.3915284,33.827411699999985
NDWFS_J143729.5+334250,NDWFSJ1437p3347,0.0,3769.000293457886,3421.9997856367336,219.3729873,33.714044099999995
NDWFS_J143825.2+333704,NDWFSJ1437p3347,0.0,1053.0001111844504,2118.9993795786013,219.6050999,33.61794539999999
NDWFS_J143815.3+334910,NDWFSJ1437p3347,0.0,1573.0005089336155,4927.000256626409,219.5640366,33.8196546
NDWFS_J143606.1+333640,NDWFSJ1437p3347,0.0,7785.9999412903,1943.0004405380128,219.0257749,33.61135719999999
NDWFS_J143609.5+335010,NDWFSJ1437p3347,0.0,7652.000096050457,5082.000137279747,219.0400001,33.8361686
NDWFS_J143633.5+335017,NDWFSJ1437p3347,0.0,6497.0001329207735,5122.9994373750005,219.1396592,33.83824879999999
NDWFS_J143813.1+335150,NDWFSJ1437p3347,0.0,1691.0005851928945,5545.00061372307,219.55466599999997,33.8640523
NDWFS_J143654.0+340255,NDWFSJ1437p3347,0.0,5538.000374016179,8072.99981723487,219.22537770000002,34.048838799999984
NDWFS_J143630.8+335009,NDWFSJ1437p3347,0.0,6624.000555628603,5091.000404165529,219.1286752,33.83605429999998
NDWFS_J143636.1+333253,NDWFSJ1437p3347,0.0,6321.999846304199,1074.999614589351,219.1508843,33.54809259999999
NDWFS_J143833.0+335936,NDWFSJ1437p3347,0.0,757.0001608945422,7364.000463247725,219.6377134,33.993334999999995
NDWFS_J143808.2+335148,NDWFSJ1437p3347,0.0,1927.0001596979785,5534.999771072492,219.5342972,33.86358589999999
NDWFS_J143827.1+340439,NDWFSJ1437p3347,0.0,1059.999664071369,8534.000310630927,219.6131194,34.077490299999994
NDWFS_J143802.9+333109,NDWFSJ1437p3347,0.0,2110.999768240912,723.9998140413845,219.5123526,33.51914439999999
NDWFS_J143618.1+335413,NDWFSJ1437p3347,0.0,7250.000477676038,6029.999297521267,219.07551930000002,33.90380429999998
NDWFS_J143648.9+334217,NDWFSJ1437p3347,0.0,5728.999643600562,3270.000358732358,219.2040444,33.704874799999985
NDWFS_J143622.4+332955,NDWFSJ1437p3347,0.0,6983.000118584747,377.9993980637792,219.0934364,33.49866019999999
NDWFS_J143623.6+332913,NDWFSJ1437p3347,0.0,6923.999841514682,218.0000340418792,219.0983598,33.4871541
NDWFS_J143730.8+335435,NDWFSJ1437p3347,0.0,3740.9997320108487,6155.999345373355,219.3785344,33.90988659999999
NDWFS_J143728.4+334253,NDWFSJ1437p3347,0.0,3819.000411490728,3433.0000079582924,219.3686942,33.714878899999995
NDWFS_J143700.1+335356,NDWFSJ1437p3347,0.0,5224.0003788547365,5983.9998136540025,219.2503486,33.89889869999998
NDWFS_J143840.4+333915,NDWFSJ1437p3347,0.0,322.9995976293794,2640.000004558855,219.6686022,33.6544488
NDWFS_J143804.3+335331,NDWFSJ1437p3347,0.0,2119.0005395289663,5927.999924536651,219.5182343,33.891940899999994
NDWFS_J143841.8+334644,NDWFSJ1437p3347,0.0,282.00016744769164,4378.999529188711,219.6745579,33.77896659999998
NDWFS_J143730.2+333528,NDWFSJ1437p3347,0.0,3708.999741711508,1708.0001823505445,219.3761915,33.5912002
NDWFS_J143756.7+334813,NDWFSJ1437p3347,0.0,2470.000395704541,4692.000400930188,219.48641430000004,33.80375689999999
NDWFS_J143623.1+333102,NDWFSJ1437p3347,0.0,6951.000322467533,638.9997359659574,219.0964219,33.517334899999994
NDWFS_J143717.0+335855,NDWFSJ1437p3347,0.0,4418.9995946831,7152.999813744878,219.32111140000004,33.98194449999999
NDWFS_J143820.8+334801,NDWFSJ1437p3347,0.0,1303.000081444632,4662.000337858091,219.5869613,33.800379699999986
NDWFS_J143627.8+334158,NDWFSJ1437p3347,0.0,6752.000430945478,3186.9999622865043,219.115872,33.699734699999986
NDWFS_J143628.9+340323,NDWFSJ1437p3347,0.0,6750.99942435396,8168.999376405015,219.1205842,34.056693399999986
NDWFS_J143747.6+340007,NDWFSJ1437p3347,0.0,2946.9994697700567,7453.000483867977,219.4486321,34.00203729999999
NDWFS_J143651.2+333526,NDWFSJ1437p3347,0.0,5598.000399074716,1680.000266191519,219.2137232,33.590855499999996
NDWFS_J143635.1+335536,NDWFSJ1437p3347,0.0,6431.999468380427,6360.000097644427,219.1464432,33.92682859999998
NDWFS_J143734.7+333706,NDWFSJ1437p3347,0.0,3496.000111436362,2090.0000879849013,219.3949494,33.61836460000001
NDWFS_J143829.3+335143,NDWFSJ1437p3347,0.0,908.00028758993,5530.999463993325,219.6221814,33.8621958
NDWFS_J143821.6+335321,NDWFSJ1437p3347,0.0,1282.9998326716632,5905.000296364362,219.5903352,33.88940119999999
NDWFS_J143617.3+333728,NDWFSJ1437p3347,0.0,7245.000014819949,2133.000229953332,219.0724827,33.624585799999984
NDWFS_J143837.2+335714,NDWFSJ1437p3347,0.0,545.000320517378,6817.0001546958565,219.6552678,33.953909799999984
NDWFS_J143845.4+333428,NDWFSJ1437p3347,0.0,63.00021484293393,1528.9993722583497,219.6894048,33.57457319999999
NDWFS_J143642.1+335043,NDWFSJ1437p3347,0.0,6079.000181799447,5225.999504782841,219.17581250000003,33.845298499999984
NDWFS_J143712.4+340426,NDWFSJ1437p3347,0.0,4657.999662286502,8434.999416183919,219.301856,34.07401149999999
NDWFS_J143838.0+340207,NDWFSJ1437p3347,0.0,524.0001232179566,7954.000225496348,219.658659,34.03533569999998
NDWFS_J143625.6+340120,NDWFSJ1437p3347,0.0,6904.000308776898,7688.00053934237,219.1069103,34.02234539999999
NDWFS_J143738.7+335609,NDWFSJ1437p3347,0.0,3363.999880890457,6524.000588108435,219.4115068,33.9358907
NDWFS_J143640.2+335539,NDWFSJ1437p3347,0.0,6184.999604562019,6375.000591001361,219.167784,33.927707999999996
NDWFS_J143609.4+333144,NDWFSJ1437p3347,0.0,7614.000148860414,792.9993694940968,219.0395833,33.5288459
NDWFS_J143653.3+334209,NDWFSJ1437p3347,0.0,5518.999953091825,3240.000583581769,219.2220974,33.70255219999999
NDWFS_J143756.7+334854,NDWFSJ1437p3347,0.0,2471.999775307777,4852.000499307548,219.4864403,33.81522109999999
NDWFS_J143754.8+335843,NDWFSJ1437p3347,0.0,2595.999924854776,7133.999638668569,219.4785644,33.97883009999998
NDWFS_J143727.7+335214,NDWFSJ1437p3347,0.0,3887.000335103396,5604.99989807517,219.3653055,33.87054829999999
NDWFS_J143622.7+333333,NDWFSJ1437p3347,0.0,6978.00005591658,1225.0000504756665,219.094632,33.55933719999998
NDWFS_J143826.8+334529,NDWFSJ1437p3347,0.0,1003.0003597200266,4075.000592059544,219.6120268,33.75800189999999
NDWFS_J143846.2+335037,NDWFSJ1437p3347,0.0,86.99948217081328,5285.0003998016855,219.6926396,33.84363989999999
NDWFS_J143752.7+333632,NDWFSJ1437p3347,0.0,2624.999951808488,1970.0004840029487,219.4697181,33.6089192
NDWFS_J143825.3+340034,NDWFSJ1437p3347,0.0,1132.000544001654,7582.999338841777,219.6056146,34.0094424
NDWFS_J143638.8+333944,NDWFSJ1437p3347,0.0,6210.999879731724,2671.9997033985182,219.1619614,33.66241899999999
NDWFS_J143752.7+333632,NDWFSJ1437p3347,0.0,2624.999951808488,1970.0004840029487,219.4697181,33.6089192
NDWFS_J143845.1+334707,NDWFSJ1437p3347,0.0,127.00034002277243,4467.000181541247,219.6880364,33.78509159999999
NDWFS_J143758.3+340409,NDWFSJ1437p3347,0.0,2443.999682012669,8396.999390126435,219.4932697,34.06915829999999
NDWFS_J143654.5+334409,NDWFSJ1437p3347,0.0,5462.000092122638,3708.0005656335898,219.2274825,33.73603409999998
NDWFS_J143708.3+334705,NDWFSJ1437p3347,0.0,4806.9999662020655,4396.0002807939045,219.2846395,33.78476439999998
NDWFS_J143737.1+335531,NDWFSJ1437p3347,0.0,3438.999692991465,6374.999899146758,219.4048569,33.92528829999999
NDWFS_J143824.0+334347,NDWFSJ1437p3347,0.0,1132.9996036594966,3678.000094101598,219.6002983,33.729706399999976
NDWFS_J143748.1+334721,NDWFSJ1437p3347,0.0,2881.999517906373,4481.999810013479,219.45064690000004,33.78912669999999
NDWFS_J143607.9+334211,NDWFSJ1437p3347,0.0,7711.99972793668,3226.999561250621,219.033237,33.70330049999999
NDWFS_J143609.0+333518,NDWFSJ1437p3347,0.0,7645.999579752455,1623.999833581187,219.037545,33.5884046
NDWFS_J143748.2+334123,NDWFSJ1437p3347,0.0,2857.000128078078,3098.9998197759787,219.4511287,33.69002649999999
NDWFS_J143653.0+333747,NDWFSJ1437p3347,0.0,5520.000542479942,2225.0004590297613,219.2209825,33.62983559999999
NDWFS_J143619.6+334202,NDWFSJ1437p3347,0.0,7145.999929338273,3195.9995106913,219.0819518,33.70067339999999
NDWFS_J143750.0+333951,NDWFSJ1437p3347,0.0,2764.000082779803,2740.9998816317293,219.4586996,33.66428839999998
NDWFS_J143738.8+334712,NDWFSJ1437p3347,0.0,3333.000096350482,4442.999506542834,219.4117314,33.78677409999998
NDWFS_J143825.1+334118,NDWFSJ1437p3347,0.0,1070.9996118594463,3101.99943363344,219.6048662,33.68837819999999
NDWFS_J143740.1+334019,NDWFSJ1437p3347,0.0,3247.999820363935,2843.0001750458,219.4171679,33.67206979999999
NDWFS_J143714.7+335026,NDWFSJ1437p3347,0.0,4503.999624504471,5179.000242307534,219.3116091,33.840593099999985
NDWFS_J143801.2+335525,NDWFSJ1437p3347,0.0,2276.999705746999,6371.00034168302,219.5051581,33.92384119999999
NDWFS_J143649.1+335145,NDWFSJ1437p3347,0.0,5746.00048277675,5471.000615110003,219.2047811,33.862581699999986
NDWFS_J143813.2+333139,NDWFSJ1437p3347,0.0,1616.0003770377552,848.9999642820294,219.5550366,33.52758199999999
NDWFS_J143830.5+334103,NDWFSJ1437p3347,0.0,808.9999892914675,3049.000210603246,219.62734460000001,33.68429249999998
NDWFS_J143822.7+340140,NDWFSJ1437p3347,0.0,1258.999831801324,7837.000501208396,219.594981,34.02777859999999
NDWFS_J143743.5+333651,NDWFSJ1437p3347,0.0,3072.0002007707244,2036.0004741231696,219.4313543,33.6140885
NDWFS_J143718.4+332830,NDWFSJ1437p3347,0.0,4260.000116456522,77.99974962841952,219.32701570000003,33.47494009999997
NDWFS_J143834.6+333925,NDWFSJ1437p3347,0.0,605.0003435400213,2671.999366376158,219.6443847,33.6570599
NDWFS_J143740.0+334146,NDWFSJ1437p3347,0.0,3254.999537120366,3178.000126769089,219.4169604,33.69607519999998
NDWFS_J143655.0+334003,NDWFSJ1437p3347,0.0,5426.999816054571,2747.999666967145,219.2295172,33.667226999999976
NDWFS_J143711.8+335537,NDWFSJ1437p3347,0.0,4661.000282257572,6384.99998903659,219.299373,33.92713759999999
NDWFS_J143612.4+335146,NDWFSJ1437p3347,0.0,7518.999750658568,5460.0005891806095,219.0518014,33.86315809999998
NDWFS_J143720.2+335759,NDWFSJ1437p3347,0.0,4263.999477335476,6938.999621437744,219.3342634,33.966471
NDWFS_J143656.6+334221,NDWFSJ1437p3347,0.0,5358.0000417404535,3287.0005690246853,219.23600910000002,33.70578479999998
NDWFS_J143727.3+340210,NDWFSJ1437p3347,0.0,3933.999969762968,7917.00007773078,219.3638788,34.036234799999995
NDWFS_J143628.1+332822,NDWFSJ1437p3347,0.0,6700.000360561282,15.999533985766902,219.1174139,33.47251529999998
NDWFS_J143806.7+333635,NDWFSJ1437p3347,0.0,1946.0001369448687,1991.000492438213,219.5281368,33.60973029999999
NDWFS_J143825.2+340146,NDWFSJ1437p3347,0.0,1138.9995368941636,7865.000358059342,219.60538879999996,34.02965210000001
NDWFS_J143711.7+335127,NDWFSJ1437p3347,0.0,4652.000328461225,5412.999316059566,219.2990978,33.857489999999984
NDWFS_J143730.0+334320,NDWFSJ1437p3347,0.0,3747.000503098494,3539.00050321391,219.3750156,33.722405399999985
NDWFS_J143630.9+333411,NDWFSJ1437p3347,0.0,6580.999530829147,1375.0004807763726,219.1289018,33.569784999999996
NDWFS_J143641.4+341509,NDWFSJ1437p3422,1.0,6321.000010943411,2713.999614764526,219.172724,34.2525703
NDWFS_J143651.4+342108,NDWFSJ1437p3422,1.0,5857.999669897095,4109.000348585261,219.2142691,34.35214279999999
NDWFS_J143839.1+343458,NDWFSJ1437p3422,1.0,739.0002528071236,7397.999341532685,219.662991,34.58265379999999
NDWFS_J143711.1+343404,NDWFSJ1437p3422,1.0,4948.999985555365,7133.000359298786,219.2964289,34.56801819999999
NDWFS_J143631.4+342926,NDWFSJ1437p3422,1.0,6837.999654225081,6031.000088836655,219.1310422,34.49065339999999
NDWFS_J143845.8+341810,NDWFSJ1437p3422,1.0,355.99961484292,3498.000444124531,219.69074570000004,34.3028253
NDWFS_J143655.7+342733,NDWFSJ1437p3422,1.0,5673.000433447534,5612.000632806707,219.2318715,34.45967689999999
NDWFS_J143622.5+341820,NDWFSJ1437p3422,1.0,7236.999941468872,3444.99987726469,219.0939943,34.30566469999999
NDWFS_J143809.6+340717,NDWFSJ1437p3422,1.0,2055.9995134229903,943.0003103043892,219.5400518,34.121690199999996
NDWFS_J143811.7+341405,NDWFSJ1437p3422,1.0,1981.9996181622373,2520.999480799604,219.5485009,34.234660899999994
NDWFS_J143712.4+341302,NDWFSJ1437p3422,1.0,4826.000550850778,2238.999498147921,219.30177960000003,34.217259999999996
NDWFS_J143710.3+341518,NDWFSJ1437p3422,1.0,4932.999646394546,2766.999423917898,219.2930809,34.255186499999986
NDWFS_J143607.7+340652,NDWFSJ1437p3422,1.0,7921.000000166096,772.0003162783651,219.0323685,34.114631599999996
NDWFS_J143626.6+340748,NDWFSJ1437p3422,1.0,7013.999562161627,997.0004153257344,219.11106619999998,34.130086999999996
NDWFS_J143617.3+341558,NDWFSJ1437p3422,1.0,7480.000140032855,2890.999631953285,219.0724225,34.26614949999998
NDWFS_J143601.6+341602,NDWFSJ1437p3422,1.0,8240.999475613251,2898.9998326926693,219.0064539,34.26726699999999
NDWFS_J143702.5+343930,NDWFSJ1437p3422,1.0,5375.00023736583,8392.000186330777,219.2607006,34.658601499999996
NDWFS_J143603.3+342152,NDWFSJ1437p3422,0.0,8166.9994945357375,4257.000075479511,219.0140157,34.364524399999986
NDWFS_J143626.5+342547,NDWFSJ1437p3422,0.0,7064.999934828902,5177.9993031060285,219.1105183,34.42970969999998
NDWFS_J143636.7+341411,NDWFSJ1437p3422,0.0,6545.99974515473,2487.000379515072,219.15300359999998,34.23648559999999
NDWFS_J143553.8+342010,NDWFSJ1437p3422,0.0,8621.999565508013,3856.000364388912,218.9741969,34.33610179999999
NDWFS_J143803.2+342115,NDWFSJ1437p3422,0.0,2411.000428049305,4189.000541171618,219.5134508,34.354615099999975
NDWFS_J143608.4+342854,NDWFSJ1437p3422,0.0,7937.999553554297,5893.99974262083,219.03530530000003,34.48166199999999
NDWFS_J143710.4+343522,NDWFSJ1437p3422,0.0,4985.999721761124,7435.000396466225,219.29353809999998,34.58968899999998
NDWFS_J143721.5+341953,NDWFSJ1437p3422,0.0,4407.000046363019,3839.9997433461112,219.3398724,34.33158619999998
NDWFS_J143610.3+343040,NDWFSJ1437p3422,0.0,7851.999937797884,6306.000360951179,219.0431391,34.51112179999999
NDWFS_J143729.7+342128,NDWFSJ1437p3422,0.0,4021.0003224437214,4214.000593866334,219.373787,34.35801929999998
NDWFS_J143828.5+341728,NDWFSJ1437p3422,0.0,1181.0005519020633,3324.0006442583444,219.6189836,34.29130839999999
NDWFS_J143827.1+340456,NDWFSJ1437p3422,0.0,1201.0004238074544,407.00049936674986,219.6132977,34.082360599999994
NDWFS_J143710.1+343921,NDWFSJ1437p3422,0.0,5010.999548721442,8359.999482926203,219.2923666,34.655984499999995
NDWFS_J143737.3+341023,NDWFSJ1437p3422,0.0,3628.999837819534,1645.000167150126,219.40477469999996,34.173583199999996
NDWFS_J143808.9+342316,NDWFSJ1437p3422,0.0,2142.999596971651,4659.000460138819,219.53730920000004,34.388002699999994
NDWFS_J143648.0+342810,NDWFSJ1437p3422,0.0,6039.000005258065,5745.000571533532,219.2002046,34.469515199999975
NDWFS_J143816.8+342246,NDWFSJ1437p3422,0.0,1762.9998860474698,4547.999875954385,219.5701436,34.37963999999999
NDWFS_J143611.5+341701,NDWFSJ1437p3422,0.0,7764.000387307466,3132.999614309422,219.0480125,34.283697299999986
NDWFS_J143803.1+343512,NDWFSJ1437p3422,0.0,2462.99961151274,7428.000127198858,219.5130543,34.58671689999999
NDWFS_J143602.9+340512,NDWFSJ1437p3422,0.0,8151.000130665066,381.9998323607683,219.0121363,34.08684710000001
NDWFS_J143647.5+342028,NDWFSJ1437p3422,0.0,6040.00014776352,3952.9997599758326,219.1983195,34.34111699999998
NDWFS_J143553.3+343525,NDWFSJ1437p3422,0.0,8678.000223576426,7403.999915365326,218.9722082,34.59037479999999
NDWFS_J143644.7+340612,NDWFSJ1437p3422,0.0,6141.0003670681,637.0006815218803,219.18626789999996,34.1036034
NDWFS_J143557.1+343421,NDWFSJ1437p3422,0.0,8491.000356144332,7156.000200136967,218.9882788,34.572477499999984
NDWFS_J143717.5+340809,NDWFSJ1437p3422,0.0,4562.999886961403,1107.000351196178,219.3233106,34.13591609999999
NDWFS_J143616.6+341723,NDWFSJ1437p3422,0.0,7516.999451717209,3221.999709553417,219.0695099,34.28989449999999
NDWFS_J143825.4+341546,NDWFSJ1437p3422,0.0,1326.0004081384868,2926.0001015996468,219.6058771,34.26295819999999
NDWFS_J143758.7+341827,NDWFSJ1437p3422,0.0,2616.999892731797,3530.999806194037,219.4947524,34.307689199999984
NDWFS_J143819.3+343618,NDWFSJ1437p3422,0.0,1688.0004061780746,7696.000583806956,219.5808347,34.605078199999994
NDWFS_J143820.8+343727,NDWFSJ1437p3422,0.0,1619.999993150872,7966.000393782379,219.5871129,34.624345
NDWFS_J143711.1+343840,NDWFSJ1437p3422,0.0,4962.000437604749,8199.999945220885,219.2964594,34.644476899999994
NDWFS_J143556.2+344057,NDWFSJ1437p3422,0.0,8551.999979517295,8695.000694814556,218.9842354,34.68279459999998
NDWFS_J143650.3+342757,NDWFSJ1437p3422,0.0,5928.999837918269,5697.00038359026,219.2097147,34.46598399999998
NDWFS_J143748.1+342149,NDWFSJ1437p3422,0.0,3137.999630998725,4307.000155247312,219.450518,34.36381709999998
NDWFS_J143735.3+341945,NDWFSJ1437p3422,0.0,3746.000217632676,3815.999327135758,219.3971829,34.3292398
NDWFS_J143740.8+342829,NDWFSJ1437p3422,0.0,3509.000163053195,5851.9994718138805,219.4201651,34.47487789999999
NDWFS_J143622.5+343555,NDWFSJ1437p3422,0.0,7282.000142540714,7534.999536642468,219.0938231,34.59876099999999
NDWFS_J143843.5+340449,NDWFSJ1437p3422,0.0,413.0005198503568,390.9998289223408,219.6814136,34.08031799999999
NDWFS_J143725.8+343311,NDWFSJ1437p3422,0.0,4240.999936124468,6934.000331399193,219.35779260000004,34.55310599999999
NDWFS_J143622.4+341027,NDWFSJ1437p3422,0.0,7221.000345077307,1612.0001276563437,219.09370969999998,34.17431069999999
NDWFS_J143613.3+343820,NDWFSJ1437p3422,0.0,7727.999895124802,8091.0001576746035,219.0554949,34.63893259999998
NDWFS_J143834.8+341301,NDWFSJ1437p3422,0.0,861.0004349055234,2294.0001839651186,219.6452997,34.21715859999999
NDWFS_J143840.7+343540,NDWFSJ1437p3422,0.0,662.9995340656496,7564.000358865962,219.6698357,34.594456699999995
NDWFS_J143618.1+341313,NDWFSJ1437p3422,0.0,7436.000505638487,2255.000213594965,219.0756668,34.220544699999984
NDWFS_J143659.4+341132,NDWFSJ1437p3422,0.0,5442.999601858164,1883.000489150228,219.2479557,34.1922955
NDWFS_J143822.6+341257,NDWFSJ1437p3422,0.0,1451.000123632617,2268.9993931574863,219.5941655,34.216029599999985
NDWFS_J143649.4+341123,NDWFSJ1437p3422,0.0,5927.999552196936,1844.000646105708,219.2059105,34.18991119999999
NDWFS_J143639.7+341510,NDWFSJ1437p3422,0.0,6402.999531661983,2717.0001071623865,219.1656196,34.2528514
NDWFS_J143758.3+342218,NDWFSJ1437p3422,0.0,2646.000048125028,4426.000516790364,219.4933591,34.37183979999998
NDWFS_J143806.9+340616,NDWFSJ1437p3422,0.0,2183.000115727278,702.0001176690066,219.5287553,34.10455919999998
NDWFS_J143556.9+342408,NDWFSJ1437p3422,0.0,8480.99973791245,4783.000240941938,218.98719329999997,34.4024321
NDWFS_J143728.4+340953,NDWFSJ1437p3422,0.0,4048.000491050607,1516.0006702536766,219.3683492,34.16474189999998
NDWFS_J143722.1+343312,NDWFSJ1437p3422,0.0,4421.000070269258,6934.999693347625,219.342138,34.55334689999999
NDWFS_J143751.4+340931,NDWFSJ1437p3422,0.0,2939.999775915556,1451.000330853121,219.4641893,34.15900159999999
NDWFS_J143643.5+342026,NDWFSJ1437p3422,0.0,6235.999852275179,3944.000344236463,219.1813046,34.340633399999994
NDWFS_J143811.0+341218,NDWFSJ1437p3422,0.0,2005.9995271939624,2107.999910700937,219.5458862,34.20509879999999
NDWFS_J143720.4+342756,NDWFSJ1437p3422,0.0,4483.0000504066375,5712.000662389533,219.33537370000002,34.46578089999999
NDWFS_J143843.0+340733,NDWFSJ1437p3422,0.0,448.00044728879584,1028.999366655749,219.6792853,34.126062399999995
NDWFS_J143634.5+342111,NDWFSJ1437p3422,0.0,6669.000328884022,4113.999940821122,219.14389710000003,34.35316219999999
NDWFS_J143821.0+341017,NDWFSJ1437p3422,0.0,1518.9996269276637,1646.0002234592675,219.5874463,34.171472999999985
NDWFS_J143836.6+340511,NDWFSJ1437p3422,0.0,744.000575397702,474.0006123198882,219.6529079,34.086645
NDWFS_J143750.0+340700,NDWFSJ1437p3422,0.0,2996.000284952159,861.9993153549553,219.4586225,34.116859899999994
NDWFS_J143841.5+341105,NDWFSJ1437p3422,0.0,532.9997748660498,1849.000183584261,219.67308219999998,34.18490299999999
NDWFS_J143723.4+342323,NDWFSJ1437p3422,0.0,4326.9995746350505,4652.0005698051455,219.3477291,34.389689499999996
NDWFS_J143648.6+340802,NDWFSJ1437p3422,0.0,5954.999584592575,1063.9993984791058,219.202789,34.1340456
NDWFS_J143647.8+341914,NDWFSJ1437p3422,0.0,6024.99992228981,3668.000034736011,219.1993352,34.32068389999999
NDWFS_J143559.5+341455,NDWFSJ1437p3422,0.0,8334.000260570336,2639.999699607504,218.9981758,34.24877209999999
NDWFS_J143631.6+342944,NDWFSJ1437p3422,0.0,6831.000106840913,6101.000515065432,219.1317169,34.49566359999999
NDWFS_J143845.4+343318,NDWFSJ1437p3422,0.0,427.9994631279769,7018.00054195767,219.68950200000003,34.55506799999999
NDWFS_J143613.0+342942,NDWFSJ1437p3422,0.0,7723.999492103927,6083.9995148021935,219.054073,34.4951216
NDWFS_J143627.6+340953,NDWFSJ1437p3422,0.0,6971.000327104533,1482.0006541526514,219.1152383,34.16480599999999
NDWFS_J143655.1+343418,NDWFSJ1437p3422,0.0,5714.999995933285,7175.000154494569,219.2298326,34.57170099999999
NDWFS_J143829.6+343927,NDWFSJ1437p3422,0.0,1207.000274882088,8438.00050943617,219.6237039,34.6576932
NDWFS_J143606.7+341428,NDWFSJ1437p3422,0.0,7982.000349064263,2534.9999975999926,219.0285967,34.24100309999999
NDWFS_J143726.9+341037,NDWFSJ1437p3422,0.0,4121.999766162251,1687.00044986984,219.36213760000004,34.17706319999999
NDWFS_J143657.5+343005,NDWFSJ1437p3422,0.0,5587.999771877088,6196.000417241161,219.23986350000004,34.501447399999996
NDWFS_J143746.6+343303,NDWFSJ1437p3422,0.0,3247.0005268018285,6917.999690129307,219.44422380000003,34.55098879999999
NDWFS_J143631.8+341908,NDWFSJ1437p3422,0.0,6795.999737994132,3636.000299934269,219.1324239,34.319011899999985
NDWFS_J143633.8+342752,NDWFSJ1437p3422,0.0,6731.0001397639135,5668.999408754921,219.1399976,34.46463099999999
NDWFS_J143753.6+341716,NDWFSJ1437p3422,0.0,2859.999727703504,3251.0002218250424,219.4733349,34.28787909999999
NDWFS_J143645.6+340613,NDWFSJ1437p3422,0.0,6097.000263151995,640.0002537423475,219.1900778,34.10378239999999
NDWFS_J143813.5+343510,NDWFSJ1437p3422,0.0,1962.0000523553024,7428.999821667636,219.5566421,34.5862512
NDWFS_J143850.3+343754,NDWFSJ1437p3422,0.0,209.9994395383692,8095.000306918678,219.7100109,34.63195829999999
NDWFS_J143740.8+341511,NDWFSJ1437p3422,0.0,3466.999962776257,2760.000493511928,219.42012600000004,34.25330979999999
NDWFS_J143720.8+341512,NDWFSJ1437p3422,0.0,4428.999581831255,2750.000018329849,219.3367434,34.2535105
NDWFS_J143826.3+341720,NDWFSJ1437p3422,0.0,1288.999754738208,3289.999667811684,219.6095754,34.28899359999998
NDWFS_J143644.2+343843,NDWFSJ1437p3422,0.0,6248.000374728064,8197.999880319148,219.1844753,34.64544589999999
NDWFS_J143844.9+343019,NDWFSJ1437p3422,0.0,439.999593914079,6324.000091137616,219.6874713,34.50536739999999
NDWFS_J143750.4+342607,NDWFSJ1437p3422,0.0,3040.0004276036707,5310.999568051144,219.4602522,34.435648499999985
NDWFS_J143619.7+342607,NDWFSJ1437p3422,0.0,7391.999619825623,5253.9995702481865,219.0821832,34.43540339999999
NDWFS_J143834.0+342604,NDWFSJ1437p3422,0.0,949.9999333720187,5325.9994156533285,219.6417693,34.43446629999999
NDWFS_J143749.7+343212,NDWFSJ1437p3422,0.0,3095.999604398159,6723.000208172834,219.457117,34.53686569999999
NDWFS_J143816.3+343239,NDWFSJ1437p3422,0.0,1820.000338822123,6844.999720793148,219.5682241,34.54425899999998
NDWFS_J143619.2+342502,NDWFSJ1437p3422,0.0,7410.000478646349,5002.999475279781,219.080393,34.41743169999999
NDWFS_J143830.8+340617,NDWFSJ1437p3422,0.0,1026.999572317323,722.9998717321864,219.62877520000004,34.10480339999998
NDWFS_J143611.9+343558,NDWFSJ1437p3422,0.0,7786.000358769905,7539.99986632733,219.0499601,34.5994944
NDWFS_J143647.0+342712,NDWFSJ1437p3422,0.0,6088.000297474122,5519.999727763616,219.1957213,34.4534344
NDWFS_J143810.9+343549,NDWFSJ1437p3422,0.0,2088.999650624588,7577.999521849031,219.54578740000002,34.59706309999999
NDWFS_J143804.8+341708,NDWFSJ1437p3422,0.0,2317.000000099917,3226.999583316201,219.52037810000002,34.285596199999986
NDWFS_J143645.7+344055,NDWFSJ1437p3422,0.0,6181.000318375252,8710.999852386018,219.1908223,34.6821462
NDWFS_J143702.7+341234,NDWFSJ1437p3422,0.0,5287.999483395899,2126.9993999761045,219.26163720000002,34.20964389999999
NDWFS_J143831.1+340523,NDWFSJ1437p3422,0.0,1014.0002705632468,514.9997653533869,219.6296155,34.089888099999996
NDWFS_J143820.6+340820,NDWFSJ1437p3422,0.0,1528.0004435030205,1195.000413285996,219.5860674,34.139173400000004
NDWFS_J143707.9+342731,NDWFSJ1437p3422,0.0,5080.999736797126,5607.999346269236,219.2833027,34.458873399999995
NDWFS_J143714.9+343813,NDWFSJ1437p3422,0.0,4780.000446432214,8098.999899645917,219.3121954,34.637075
NDWFS_J143602.8+341552,NDWFSJ1437p3422,0.0,8180.999961686222,2865.00027116598,219.0116271,34.26478909999999
NDWFS_J143714.2+340626,NDWFSJ1437p3422,0.0,4723.0000330414005,705.9997285769591,219.3090245,34.1073303
NDWFS_J143837.5+340650,NDWFSJ1437p3422,0.0,709.9996072723843,856.0000519183404,219.6563784,34.11397139999998
NDWFS_J143830.2+343610,NDWFSJ1437p3422,0.0,1169.999419596894,7672.999611135021,219.6258762,34.60284949999998
NDWFS_J143631.7+342330,NDWFSJ1437p3422,0.0,6806.000222977289,4650.000506478325,219.1325152,34.39167599999999
NDWFS_J143727.2+340535,NDWFSJ1437p3422,0.0,4092.9995634002025,517.000503023366,219.3633144,34.09320939999999
NDWFS_J143826.4+341430,NDWFSJ1437p3422,0.0,1272.0001755338053,2630.000432277777,219.61015660000004,34.24169279999999
NDWFS_J143731.5+340615,NDWFSJ1437p3422,0.0,3883.999474379653,673.0005947820646,219.38157300000003,34.104188599999986
NDWFS_J143821.4+342214,NDWFSJ1437p3422,0.0,1539.000309413943,4424.999588545985,219.58941830000003,34.3705822
NDWFS_J143639.7+341358,NDWFSJ1437p3422,0.0,6398.99989712294,2440.9997954293776,219.1656977,34.233072099999994
NDWFS_J143823.7+340630,NDWFSJ1437p3422,0.0,1371.9994514118189,767.9993517020016,219.5989943,34.1084117
NDWFS_J143652.0+342504,NDWFSJ1437p3422,0.0,5838.999755310315,5026.000376443382,219.2168512,34.41783069999999
NDWFS_J143624.2+343549,NDWFSJ1437p3422,0.0,7199.999655242376,7513.000290636724,219.1009399,34.59712219999999
NDWFS_J143556.7+342433,NDWFSJ1437p3422,0.0,8489.999857268085,4877.000134418913,218.986489,34.409173899999985
NDWFS_J143849.3+343605,NDWFSJ1437p3422,0.0,252.99973621315075,7667.999764357954,219.70565380000002,34.6014223
NDWFS_J143755.5+341510,NDWFSJ1437p3422,0.0,2758.000182889151,2765.0000627676154,219.4815737,34.252955899999996
NDWFS_J143602.6+343747,NDWFSJ1437p3422,0.0,8236.999904011689,7958.999639826788,219.0110586,34.62983959999999
NDWFS_J143709.9+342009,NDWFSJ1437p3422,0.0,4964.000520642461,3892.999698781317,219.29161050000002,34.335891099999984
NDWFS_J143648.1+342702,NDWFSJ1437p3422,0.0,6031.999768656466,5482.999873977908,219.2005495,34.45073679999999
NDWFS_J143634.1+340412,NDWFSJ1437p3422,0.0,6642.000404609489,165.0004186070978,219.14247110000002,34.07018429999999
NDWFS_J143638.0+342905,NDWFSJ1437p3422,0.0,6518.999873913352,5954.999912578802,219.1586967,34.484954599999995
NDWFS_J143716.2+342648,NDWFSJ1437p3422,0.0,4682.999620810106,5442.999715596576,219.31769900000003,34.446692
NDWFS_J143818.4+342110,NDWFSJ1437p3422,0.0,1679.999602743479,4174.000615216133,219.5768509,34.35275579999998
NDWFS_J143638.0+343626,NDWFSJ1437p3422,0.0,6541.000197929305,7665.000251238666,219.1584425,34.6074956
NDWFS_J143739.4+342603,NDWFSJ1437p3422,0.0,3565.999566305567,5284.00023613442,219.4145375,34.434239899999994
NDWFS_J143710.2+340827,NDWFSJ1437p3422,0.0,4915.999462657383,1172.0006269381877,219.2928295,34.140891399999994
NDWFS_J143709.6+342917,NDWFSJ1437p3422,0.0,5003.999816815289,6018.99981242672,219.2904373,34.48825209999998
NDWFS_J143638.6+343849,NDWFSJ1437p3422,0.0,6519.999783499858,8214.999936904052,219.1608056,34.646886099999996
NDWFS_J143739.8+342639,NDWFSJ1437p3422,0.0,3553.000160811018,5424.000138949897,219.4158329,34.4442574
NDWFS_J143628.9+342112,NDWFSJ1437p3422,0.0,6938.999853660305,4114.000107586803,219.1204663,34.35337339999999
NDWFS_J143612.6+340820,NDWFSJ1437p3422,0.0,7687.0005799370465,1116.000524732561,219.0529198,34.13911359999999
NDWFS_J143818.2+343644,NDWFSJ1437p3422,0.0,1742.999573449786,7798.0006985584605,219.57618440000002,34.61244599999999
NDWFS_J143822.5+341014,NDWFSJ1437p3422,0.0,1446.0004905215246,1639.0002266072938,219.59375620000003,34.170891199999986
NDWFS_J143812.5+341938,NDWFSJ1437p3422,0.0,1957.9999076299064,3817.000687064884,219.5522675,34.32748219999999
NDWFS_J143823.3+341206,NDWFSJ1437p3422,0.0,1411.9997732863994,2071.9993117845024,219.5972794,34.20187349999999
NDWFS_J143620.9+340344,NDWFSJ1437p3422,0.0,7278.000196998701,47.00036058494379,219.0873565,34.06221539999999
NDWFS_J143636.0+342520,NDWFSJ1437p3422,0.0,6606.000420220405,5078.999855252529,219.1502917,34.422256999999995
NDWFS_J143740.2+340930,NDWFSJ1437p3422,0.0,3474.9998506530283,1436.000664184828,219.41786,34.15845929999999
NDWFS_J143640.2+343905,NDWFSJ1437p3422,0.0,6442.000362142722,8282.000348498357,219.1676637,34.651623399999984
NDWFS_J143626.9+341922,NDWFSJ1437p3422,0.0,7030.000374759231,3687.000639621473,219.1121726,34.3228475
NDWFS_J143756.0+340357,NDWFSJ1437p3422,0.0,2699.000539506498,157.0005500784032,219.4834429,34.06605039999999
NDWFS_J143758.1+343215,NDWFSJ1437p3422,0.0,2691.9996993924906,6736.999349479612,219.4922629,34.537453099999986
NDWFS_J143847.1+341510,NDWFSJ1437p3422,0.0,279.000340968003,2802.9993000317213,219.6964301,34.25294749999999
NDWFS_J143609.5+342314,NDWFSJ1437p3422,0.0,7872.000469383891,4577.0002233602045,219.0398983,34.387245199999995
NDWFS_J143641.4+343002,NDWFSJ1437p3422,0.0,6362.000467578913,6177.000396962336,219.1725603,34.50073429999999
NDWFS_J143721.3+341154,NDWFSJ1437p3422,0.0,4390.999910855549,1981.999938205046,219.3391759,34.198449899999986
NDWFS_J143611.0+341310,NDWFSJ1437p3422,0.0,7775.999978035332,2238.0006189186543,219.0461919,34.219574599999994
NDWFS_J143819.8+343620,NDWFSJ1437p3422,0.0,1664.9998876805548,7705.000665287658,219.5828481,34.60569749999999
NDWFS_J143636.1+342939,NDWFSJ1437p3422,0.0,6612.9995996781,6082.00063209025,219.1506489,34.4941297
NDWFS_J143812.6+341703,NDWFSJ1437p3422,0.0,1942.999845211096,3212.9994312482672,219.5527809,34.284194699999986
NDWFS_J143713.4+341236,NDWFSJ1437p3422,0.0,4774.000365653381,2141.9999123953,219.3061785,34.210263299999994
NDWFS_J143840.0+341531,NDWFSJ1437p3422,0.0,621.0005779888816,2877.000070498936,219.6669015,34.25864769999999
NDWFS_J143749.3+342938,NDWFSJ1437p3422,0.0,3110.000022486107,6124.000002654968,219.4551666,34.49396569999998
NDWFS_J143800.1+342443,NDWFSJ1437p3422,0.0,2571.0003841310427,4987.000219706516,219.50057439999998,34.411953299999986
NDWFS_J143759.7+343618,NDWFSJ1437p3422,0.0,2629.9995960996093,7684.000187624432,219.4988481,34.605232599999994
NDWFS_J143707.1+343630,NDWFSJ1437p3422,0.0,5146.000372821894,7695.000252857602,219.2798946,34.6084607
NDWFS_J143853.0+342402,NDWFSJ1437p3422,0.0,27.99983486603378,4869.999556422896,219.7211662,34.400720099999994
NDWFS_J143732.1+342339,NDWFSJ1437p3422,0.0,3913.999860289008,4722.999614949955,219.3836622,34.394384899999984
NDWFS_J143846.1+342535,NDWFSJ1437p3422,0.0,365.9997155055971,5224.999590999989,219.69233520000003,34.426552599999994
NDWFS_J143813.5+350339,NDWFSJ1437p3457,1.0,2037.0003844780515,5915.999911672972,219.5565429,35.06100969999998
NDWFS_J143621.0+350611,NDWFSJ1437p3457,1.0,7398.000358529925,6434.99958476143,219.087873,35.103190099999985
NDWFS_J143839.7+345738,NDWFSJ1437p3457,1.0,767.9999616996065,4536.000535411593,219.6656173,34.96071899999999
NDWFS_J143656.5+345633,NDWFSJ1437p3457,1.0,5683.999615509278,4212.000645542315,219.235633,34.9425338
NDWFS_J143624.7+350252,NDWFSJ1437p3457,1.0,7217.999965188548,5667.000478876493,219.1029212,35.04803179999999
NDWFS_J143614.3+343844,NDWFSJ1437p3457,-999.0,7652.999776425942,48.99956229170857,219.05984790000002,34.645846799999994
NDWFS_J143557.6+350009,NDWFSJ1437p3457,1.0,8498.999493482354,5019.999477401558,218.9902836,35.00261899999999
NDWFS_J143733.4+350103,NDWFSJ1437p3457,0.0,3941.000047301988,5283.999983302077,219.3892003,35.0177194
NDWFS_J143559.7+350526,NDWFSJ1437p3457,0.0,8412.99968143187,6249.99954914712,218.9988367,35.090680599999985
NDWFS_J143813.9+344030,NDWFSJ1437p3457,0.0,1936.999913353986,532.9999468239539,219.5581866,34.675298699999985
NDWFS_J143826.2+344624,NDWFSJ1437p3457,0.0,1372.0001437915998,1911.9996435952107,219.6092634,34.77345669999999
NDWFS_J143826.8+350813,NDWFSJ1437p3457,0.0,1422.0003199344535,6986.000298222007,219.6118118,35.136959099999984
NDWFS_J143826.1+344100,NDWFSJ1437p3457,0.0,1357.0003580552293,657.0003668713343,219.6088658,34.68353809999999
NDWFS_J143710.1+344456,NDWFSJ1437p3457,0.0,5001.999720960699,1518.9993646763996,219.2922959,34.74899529999998
NDWFS_J143647.1+344121,NDWFSJ1437p3457,0.0,6090.999794889947,671.0000803597222,219.19649740000003,34.6891861
NDWFS_J143838.6+343844,NDWFSJ1437p3457,0.0,750.0005297943135,137.0004670542794,219.661002,34.645592399999984
NDWFS_J143742.1+350402,NDWFSJ1437p3457,0.0,3536.0000098987184,5979.999308429195,219.42545950000002,35.067173700000005
NDWFS_J143735.3+350356,NDWFSJ1437p3457,0.0,3859.000247100847,5955.999750963272,219.3971655,35.06577649999999
NDWFS_J143849.7+350738,NDWFSJ1437p3457,0.0,326.9996591171476,6869.000561710562,219.7075264,35.12729069999999
NDWFS_J143749.1+345642,NDWFSJ1437p3457,0.0,3178.999518492694,4280.00004661934,219.45460690000002,34.9450346
NDWFS_J143842.4+344632,NDWFSJ1437p3457,0.0,599.9997700042331,1955.0002244533844,219.6766318,34.77564559999998
NDWFS_J143838.2+345429,NDWFSJ1437p3457,0.0,827.9996336895347,3801.000456877668,219.6593416,34.90814279999999
NDWFS_J143803.3+345010,NDWFSJ1437p3457,0.0,2480.000367952962,2772.000100978148,219.5137525,34.83627859999999
NDWFS_J143601.4+345712,NDWFSJ1437p3457,0.0,8311.999890091372,4336.000226833075,219.0060615,34.953482799999996
NDWFS_J143559.6+345636,NDWFSJ1437p3457,0.0,8397.000521108073,4194.000449168128,218.9985125,34.943368599999985
NDWFS_J143623.8+344359,NDWFSJ1437p3457,0.0,7210.99962136234,1273.000348831349,219.0994675,34.73321529999998
NDWFS_J143742.3+344743,NDWFSJ1437p3457,0.0,3471.9994988108574,2187.999990969676,219.4264836,34.79546649999999
NDWFS_J143815.2+350037,NDWFSJ1437p3457,0.0,1946.999968858876,5210.999715622236,219.5634835,35.01041239999998
NDWFS_J143726.4+350408,NDWFSJ1437p3457,0.0,4281.000006455175,5996.000109760418,219.3602822,35.06905259999999
NDWFS_J143757.3+344848,NDWFSJ1437p3457,0.0,2760.0000150730702,2450.999650496162,219.4889157,34.813578699999994
NDWFS_J143658.5+344200,NDWFSJ1437p3457,0.0,5547.000064030213,829.9997599919207,219.2440594,34.7001147
NDWFS_J143629.9+345552,NDWFSJ1437p3457,0.0,6947.999511001593,4038.000257758116,219.1250045,34.93111479999999
NDWFS_J143621.6+344354,NDWFSJ1437p3457,0.0,7316.000429488158,1250.000513105063,219.0902928,34.731647499999994
NDWFS_J143701.1+343940,NDWFSJ1437p3457,0.0,5415.999637187691,289.0003911147487,219.2549035,34.661239599999995
NDWFS_J143823.1+345541,NDWFSJ1437p3457,0.0,1550.9998894735654,4070.000490616674,219.5965663,34.92824119999999
NDWFS_J143843.2+344822,NDWFSJ1437p3457,0.0,565.0002050896874,2383.9999195407945,219.6802925,34.806333999999985
NDWFS_J143611.9+344639,NDWFSJ1437p3457,0.0,7789.000225647977,1886.9993181254656,219.0496182,34.77764109999998
NDWFS_J143619.0+350016,NDWFSJ1437p3457,0.0,7479.999514236544,5056.999743762975,219.0794404,35.00453079999999
NDWFS_J143620.1+344309,NDWFSJ1437p3457,0.0,7389.000342439738,1076.9999141182388,219.0837718,34.71930729999999
NDWFS_J143724.7+344505,NDWFSJ1437p3457,0.0,4305.99967001183,1565.9993629576647,219.3530276,34.75171819999999
NDWFS_J143746.2+350036,NDWFSJ1437p3457,0.0,3329.000170686229,5187.999373999937,219.4426068,35.01023129999999
NDWFS_J143640.5+350403,NDWFSJ1437p3457,0.0,6468.000329830569,5947.999780342532,219.1688263,35.06756349999998
NDWFS_J143748.7+344100,NDWFSJ1437p3457,0.0,3147.000141178145,628.0002962464141,219.452919,34.68337999999999
NDWFS_J143608.8+344543,NDWFSJ1437p3457,0.0,7935.000019053949,1667.9997248879654,219.03669300000004,34.76205589999999
NDWFS_J143825.1+350654,NDWFSJ1437p3457,0.0,1498.9995076394516,6679.000296047519,219.6046511,35.11505839999999
NDWFS_J143840.4+344657,NDWFSJ1437p3457,0.0,695.0004063697015,2051.999307821755,219.6684858,34.78270549999999
NDWFS_J143846.6+351452,NDWFSJ1437p3457,0.0,503.0004044295929,8549.9999367573,219.6945349,35.24789309999999
NDWFS_J143816.2+351131,NDWFSJ1437p3457,0.0,1938.0002878975936,7748.000599611994,219.5676379,35.192117499999995
NDWFS_J143617.1+344104,NDWFSJ1437p3457,0.0,7523.000156166605,590.9995111559047,219.07165550000002,34.6845856
NDWFS_J143618.5+350405,NDWFSJ1437p3457,0.0,7512.000114712775,5945.000440409674,219.07744610000003,35.0681732
NDWFS_J143702.7+351306,NDWFSJ1437p3457,0.0,5439.000032309274,8064.000167299746,219.2611381,35.21826069999999
NDWFS_J143713.4+351625,NDWFSJ1437p3457,0.0,4939.000016345908,8844.999359491867,219.3058392,35.273748399999995
NDWFS_J143805.1+350529,NDWFSJ1437p3457,0.0,2445.000202259911,6335.000055587789,219.5213848,35.0914659
NDWFS_J143611.1+351445,NDWFSJ1437p3457,0.0,7890.999750413868,8424.000042848716,219.046454,35.24604719999999
NDWFS_J143630.5+351301,NDWFSJ1437p3457,0.0,6964.000543076241,8027.999822485919,219.1273892,35.216969
NDWFS_J143645.5+350447,NDWFSJ1437p3457,0.0,6229.999821399804,6122.00033518419,219.18983140000003,35.079831
NDWFS_J143713.4+345228,NDWFSJ1437p3457,0.0,4864.99947995595,3272.000292567144,219.30616689999997,34.87446029999998
NDWFS_J143724.5+351125,NDWFSJ1437p3457,0.0,4393.999451897404,7689.000674178822,219.3523284,35.19043309999999
NDWFS_J143657.2+351039,NDWFSJ1437p3457,0.0,5688.000282647734,7495.000001458919,219.2387103,35.17772219999999
NDWFS_J143646.7+344131,NDWFSJ1437p3457,0.0,6111.999545941155,714.0003908071103,219.1947109,34.692284499999985
NDWFS_J143740.0+350230,NDWFSJ1437p3457,0.0,3628.000441309572,5624.9996647581465,219.41698310000004,35.0418366
NDWFS_J143620.7+345345,NDWFSJ1437p3457,0.0,7383.999513954765,3543.000464468072,219.08645330000002,34.89598809999999
NDWFS_J143812.0+345156,NDWFSJ1437p3457,0.0,2069.00044706716,3188.0005462753143,219.5501609,34.8656358
NDWFS_J143650.8+345050,NDWFSJ1437p3457,0.0,5941.999659203839,2881.999344300065,219.211729,34.84747039999999
NDWFS_J143639.0+351117,NDWFSJ1437p3457,0.0,6558.000419522639,7629.999814200006,219.1625974,35.18813040000001
NDWFS_J143603.7+350053,NDWFSJ1437p3457,0.0,8211.000461118225,5194.0001919373135,219.0156213,35.01488289999999
NDWFS_J143747.3+344323,NDWFSJ1437p3457,0.0,3218.999778662317,1183.9995933065138,219.4473253,34.723285199999985
NDWFS_J143705.6+345126,NDWFSJ1437p3457,0.0,5237.999619452616,3029.999505208587,219.2733389,34.857460499999995
NDWFS_J143649.1+345631,NDWFSJ1437p3457,0.0,6038.0003630144965,4202.999975308334,219.20468780000002,34.94219230000001
NDWFS_J143705.2+345901,NDWFSJ1437p3457,0.0,5279.999760548466,4791.999739040211,219.2715594,34.983728899999996
NDWFS_J143733.3+345727,NDWFSJ1437p3457,0.0,3934.9999931531856,4444.999445387146,219.3887403,34.95761139999999
NDWFS_J143613.6+345928,NDWFSJ1437p3457,0.0,7733.999654955525,4868.99982941093,219.0570579,34.99125209999998
NDWFS_J143717.6+344541,NDWFSJ1437p3457,0.0,4646.9997294235,1697.0002565718214,219.3234439,34.76142299999999
NDWFS_J143629.7+344110,NDWFSJ1437p3457,0.0,6921.000086906928,619.0001818540914,219.1241318,34.686131699999976
NDWFS_J143606.6+344836,NDWFSJ1437p3457,0.0,8042.999967959526,2335.0005952950987,219.0278485,34.80992419999998
NDWFS_J143642.0+344059,NDWFSJ1437p3457,0.0,6337.000017122389,583.0005940890605,219.1749774,34.683084499999985
NDWFS_J143758.9+345239,NDWFSJ1437p3457,0.0,2696.0003734214297,3345.0000917918733,219.4956276,34.87755429999999
NDWFS_J143730.7+350152,NDWFSJ1437p3457,0.0,4070.000429815107,5470.999762230238,219.3781358,35.03124089999999
NDWFS_J143738.6+350313,NDWFSJ1437p3457,0.0,3699.00036368224,5790.999681664085,219.4109699,35.05379849999999
NDWFS_J143607.5+350910,NDWFSJ1437p3457,0.0,8048.000553642978,7120.999402888718,219.0315498,35.152819099999995
NDWFS_J143603.7+350124,NDWFSJ1437p3457,0.0,8211.999711143,5314.999703866639,219.01563709999996,35.02355249999998
NDWFS_J143743.1+350126,NDWFSJ1437p3457,0.0,3478.9995975898964,5377.9997333583215,219.4297193,35.02399359999999
NDWFS_J143632.3+351012,NDWFSJ1437p3457,0.0,6872.999648411931,7375.999475957135,219.134744,35.1701903
NDWFS_J143601.7+345155,NDWFSJ1437p3457,0.0,8283.999461901169,3105.999782976304,219.0074693,34.865336699999986
NDWFS_J143710.8+345008,NDWFSJ1437p3457,0.0,4983.000227560733,2727.9999820745124,219.29527,34.83559489999999
NDWFS_J143749.0+350404,NDWFSJ1437p3457,0.0,3206.9997470680755,5993.000224177687,219.4542655,35.0677703
NDWFS_J143638.4+351141,NDWFSJ1437p3457,0.0,6587.000328566353,7723.000194588643,219.1601466,35.1948162
NDWFS_J143708.8+350735,NDWFSJ1437p3457,0.0,5128.999516680637,6789.000336050185,219.2869296,35.12665049999998
NDWFS_J143828.2+344653,NDWFSJ1437p3457,0.0,1279.0002440008102,2024.999923384682,219.6175263,34.78144589999999
NDWFS_J143816.5+344625,NDWFSJ1437p3457,0.0,1837.9994389904969,1910.000634141404,219.5686301,34.773833599999996
NDWFS_J143724.9+344555,NDWFSJ1437p3457,0.0,4299.999925382828,1758.9994991597296,219.3537707,34.7655395
NDWFS_J143645.7+345934,NDWFSJ1437p3457,0.0,6207.9996573505705,4909.999883111359,219.1905402,34.99298569999999
NDWFS_J143658.9+345523,NDWFSJ1437p3457,0.0,5565.000346445429,3943.999645867314,219.2457508,34.92323019999999
NDWFS_J143606.6+350603,NDWFSJ1437p3457,0.0,8087.000243678807,6396.000124731316,219.0275058,35.10090839999998
NDWFS_J143844.9+351256,NDWFSJ1437p3457,0.0,576.0002933343094,8098.999881632921,219.68748730000002,35.21568179999999
NDWFS_J143701.5+345858,NDWFSJ1437p3457,0.0,5450.99949729995,4777.000260845698,219.2565929,34.9828064
NDWFS_J143558.3+350833,NDWFSJ1437p3457,0.0,8487.000439573629,6971.999587775552,218.9929598,35.142457199999996
NDWFS_J143715.3+345546,NDWFSJ1437p3457,0.0,4787.999602030084,4043.0001975712,219.31374380000003,34.929624
NDWFS_J143731.3+350814,NDWFSJ1437p3457,0.0,4061.999549815149,6952.999439348669,219.380565,35.137392399999996
NDWFS_J143732.1+345521,NDWFSJ1437p3457,0.0,3982.000168335875,3956.0004987541615,219.38406110000003,34.92262689999999
NDWFS_J143650.2+350310,NDWFSJ1437p3457,0.0,6002.000368889105,5749.000286915223,219.2094087,35.0529174
NDWFS_J143842.2+345858,NDWFSJ1437p3457,0.0,666.0000324328867,4847.999645082335,219.6749727,34.98294609999999
NDWFS_J143748.6+350158,NDWFSJ1437p3457,0.0,3217.0000190825904,5504.9996286072055,219.4527904,35.032824399999996
NDWFS_J143808.9+350225,NDWFSJ1437p3457,0.0,2253.999977066298,5625.000596581238,219.5371778,35.040403199999986
NDWFS_J143732.4+344427,NDWFSJ1437p3457,0.0,3934.999595090054,1422.000429420273,219.3852039,34.74104609999999
NDWFS_J143713.7+344847,NDWFSJ1437p3457,0.0,4844.000513134864,2416.99956381998,219.3070585,34.8131873
NDWFS_J143621.6+351250,NDWFSJ1437p3457,0.0,7388.999664928893,7981.000557101184,219.0900803,35.213934699999996
NDWFS_J143843.8+344733,NDWFSJ1437p3457,0.0,532.999727767532,2194.9994862880667,219.68281460000003,34.7927579
NDWFS_J143825.6+351220,NDWFSJ1437p3457,0.0,1494.0002072687348,7943.999306983087,219.6068126,35.20565499999999
NDWFS_J143728.4+345248,NDWFSJ1437p3457,0.0,4149.999897214859,3359.000164444462,219.368695,34.88002139999998
NDWFS_J143732.0+344118,NDWFSJ1437p3457,0.0,3943.000504854044,688.0006629103855,219.383651,34.68846839999999
NDWFS_J143641.5+345054,NDWFSJ1437p3457,0.0,6382.99945965416,2892.000582359262,219.1732432,34.84855519999999
NDWFS_J143613.6+344706,NDWFSJ1437p3457,0.0,7708.999702934405,1991.00052361418,219.0566884,34.78503399999999
NDWFS_J143749.5+350348,NDWFSJ1437p3457,0.0,3178.99975707691,5934.999978945016,219.45664420000003,35.0635869
NDWFS_J143752.0+345303,NDWFSJ1437p3457,0.0,3025.000125634928,3433.9994639034794,219.4670141,34.8842727
NDWFS_J143743.5+345843,NDWFSJ1437p3457,0.0,3451.9997124523125,4744.999398221844,219.4313146,34.97862219999999
NDWFS_J143645.8+350723,NDWFSJ1437p3457,0.0,6224.000047399966,6725.999476172263,219.1909633,35.123094699999996
NDWFS_J143651.3+350951,NDWFSJ1437p3457,0.0,5969.9995135073805,7305.000621458888,219.213802,35.164356099999985
NDWFS_J143728.0+350431,NDWFSJ1437p3457,0.0,4208.999683019247,6085.000540241044,219.3666861,35.0753587
NDWFS_J143749.4+345958,NDWFSJ1437p3457,0.0,3172.0001983800976,5042.000091068898,219.4561562,34.99961239999998
NDWFS_J143821.6+345515,NDWFSJ1437p3457,0.0,1620.9999433686498,3965.000197145781,219.5903104,34.92079859999999
NDWFS_J143702.9+345600,NDWFSJ1437p3457,0.0,5378.000524161418,4087.999656614031,219.2622417,34.933381799999985
NDWFS_J143640.4+345317,NDWFSJ1437p3457,0.0,6444.00026999372,3442.999507367522,219.1684595,34.88808139999999
NDWFS_J143735.1+344411,NDWFSJ1437p3457,0.0,3804.999584443764,1358.0003495013289,219.3964606,34.73633439999999
NDWFS_J143732.7+345256,NDWFSJ1437p3457,0.0,3947.000093999772,3393.9995624448784,219.3864609,34.88233219999999
NDWFS_J143802.1+344401,NDWFSJ1437p3457,0.0,2516.0003854164897,1339.0004590361386,219.5087853,34.73366109999999
NDWFS_J143816.0+344108,NDWFSJ1437p3457,0.0,1839.000165140591,679.999900154864,219.56691560000002,34.68572209999999
NDWFS_J143852.6+350829,NDWFSJ1437p3457,0.0,192.99952178738383,7070.000100041514,219.7195518,35.141523299999996
NDWFS_J143819.7+350009,NDWFSJ1437p3457,0.0,1731.0000245650915,5106.999651577973,219.582231,35.002723
NDWFS_J143822.2+344955,NDWFSJ1437p3457,0.0,1573.9994787358992,2726.00025446523,219.5927461,34.83199379999999
NDWFS_J143842.9+345055,NDWFSJ1437p3457,0.0,589.000559903583,2974.9996263004105,219.6790382,34.848695799999994
NDWFS_J143639.5+351455,NDWFSJ1437p3457,0.0,6544.999766858309,8474.999579959704,219.1645676,35.24864979999999
NDWFS_J143710.5+345427,NDWFSJ1437p3457,0.0,5013.999526994563,3728.0005687378944,219.2936542,34.90726449999999
NDWFS_J143719.6+345131,NDWFSJ1437p3457,0.0,4564.99973209274,3056.0003775078894,219.3321181,34.858708099999994
NDWFS_J143824.4+351347,NDWFSJ1437p3457,0.0,1552.9995122173314,8284.000669507579,219.6021042,35.23007319999999
NDWFS_J143649.6+344646,NDWFSJ1437p3457,0.0,5986.999916756444,1934.999715638988,219.2068394,34.779660599999985
NDWFS_J143628.3+350804,NDWFSJ1437p3457,0.0,7063.00011217682,6877.999793181823,219.1176242,35.134665999999996
NDWFS_J143622.7+350246,NDWFSJ1437p3457,0.0,7312.999536852079,5642.999881142683,219.094586,35.04638569999999
NDWFS_J143632.8+350521,NDWFSJ1437p3457,0.0,6834.00010140761,6246.000337451158,219.1370778,35.089208899999996
NDWFS_J143723.8+343951,NDWFSJ1437p3457,0.0,4330.99996740206,343.9998042743564,219.3494594,34.66419359999999
NDWFS_J143830.9+350646,NDWFSJ1437p3457,0.0,1218.99985793222,6653.999864034149,219.6291294,35.11294699999999
NDWFS_J143845.1+350047,NDWFSJ1437p3457,0.0,523.0003847546723,5271.9996618692985,219.68807770000004,35.0131453
NDWFS_J143617.8+344234,NDWFSJ1437p3457,0.0,7492.000255370058,939.9996741761852,219.0746706,34.7095686
NDWFS_J143640.6+350744,NDWFSJ1437p3457,0.0,6471.9998126396695,6806.000328538701,219.169322,35.12903199999999
NDWFS_J143655.1+351051,NDWFSJ1437p3457,0.0,5791.000159677104,7539.000469888564,219.2297295,35.18096389999999
NDWFS_J143720.6+344425,NDWFSJ1437p3457,0.0,4499.999852132762,1406.9996664418877,219.3359352,34.740509599999996
NDWFS_J143802.7+344219,NDWFSJ1437p3457,0.0,2480.000299981042,943.9997371210584,219.5114193,34.705325799999976
NDWFS_J143617.2+350738,NDWFSJ1437p3457,0.0,7584.000110024606,6770.999810676436,219.071889,35.12740219999999
NDWFS_J143725.5+343940,NDWFSJ1437p3457,0.0,4252.999667255102,305.99986730145065,219.3562092,34.661397399999984
NDWFS_J143635.1+345125,NDWFSJ1437p3457,0.0,6693.999855019796,3008.000200124182,219.1462063,34.85711849999999
NDWFS_J143715.9+344010,NDWFSJ1437p3457,0.0,4709.000363071076,415.9995404716519,219.316618,34.669703999999996
NDWFS_J143825.1+351147,NDWFSJ1437p3457,0.0,1515.0002356425248,7819.000167747858,219.6048018,35.1967264
NDWFS_J143657.3+344719,NDWFSJ1437p3457,0.0,5619.000409858476,2066.999944310165,219.2390735,34.788802999999994
NDWFS_J143828.1+344132,NDWFSJ1437p3457,0.0,1265.000280069129,780.9994262483524,219.6170477,34.69231679999999
NDWFS_J143855.1+350722,NDWFSJ1437p3457,0.0,71.00051147587874,6814.000204589976,219.72985870000002,35.12303949999999
NDWFS_J143750.5+344934,NDWFSJ1437p3457,0.0,3086.999452401066,2620.000339121654,219.4605966,34.826024199999985
NDWFS_J143804.7+350149,NDWFSJ1437p3457,0.0,2453.000206427623,5481.999376111346,219.5195865,35.03037499999998
NDWFS_J143703.8+345854,NDWFSJ1437p3457,0.0,5344.000481718831,4760.999557240542,219.2659307,34.98156519999999
NDWFS_J143811.5+345526,NDWFSJ1437p3457,0.0,2104.999498826088,4001.999852421128,219.5480835,34.923984299999994
NDWFS_J143835.7+353952,NDWFSJ1437p3532,1.0,1237.999651555925,6196.00038623788,219.6491039,35.664728699999976
NDWFS_J143720.7+353919,NDWFSJ1437p3532,1.0,4783.9997945535,6011.000037899092,219.3363523,35.65527829999999
NDWFS_J143704.0+354543,NDWFSJ1437p3532,1.0,5592.000433762865,7491.9996054304975,219.2667309,35.762077499999975
NDWFS_J143706.8+354654,NDWFSJ1437p3532,1.0,5459.999474756147,7769.000666876222,219.2786822,35.78179059999999
NDWFS_J143632.0+353916,NDWFSJ1437p3532,1.0,7088.999523476339,5971.000261274487,219.1331428,35.654448
NDWFS_J143619.9+353216,NDWFSJ1437p3532,1.0,7637.999824023558,4336.000343806463,219.0832481,35.5377891
NDWFS_J143835.4+352455,NDWFSJ1437p3532,1.0,1198.0005605654733,2716.000194126129,219.6477318,35.41550269999999
NDWFS_J143619.6+352649,NDWFSJ1437p3532,1.0,7644.99958315603,3066.999883629176,219.0814704,35.4469057
NDWFS_J143831.9+353345,NDWFSJ1437p3532,0.0,1395.000278372634,4767.99954079925,219.6332763,35.562669699999994
NDWFS_J143758.9+352113,NDWFSJ1437p3532,0.0,2914.999995070317,1828.0003920692145,219.49573370000002,35.35383360000001
NDWFS_J143822.2+352854,NDWFSJ1437p3532,0.0,1836.999807857352,3631.000467798309,219.5928273,35.481764600000005
NDWFS_J143606.9+354835,NDWFSJ1437p3532,0.0,8293.000351344504,8129.999533056529,219.0288907,35.809979799999994
NDWFS_J143701.3+355130,NDWFSJ1437p3532,0.0,5736.999460860383,8837.000327732538,219.2553713,35.85850919999998
NDWFS_J143646.1+352750,NDWFSJ1437p3532,0.0,6386.000214408021,3317.9993952428304,219.192422,35.46386659999999
NDWFS_J143806.5+353542,NDWFSJ1437p3532,0.0,2605.9998501519767,5201.00044048121,219.5272437,35.595044899999984
NDWFS_J143841.2+351817,NDWFSJ1437p3532,0.0,900.999804860643,1176.000565310298,219.671634,35.3048688
NDWFS_J143736.7+353723,NDWFSJ1437p3532,0.0,4018.999500466271,5573.000361038154,219.4032516,35.623164599999996
NDWFS_J143602.9+351822,NDWFSJ1437p3532,0.0,8414.999566997703,1097.000096511434,219.0120808,35.3063669
NDWFS_J143706.3+353138,NDWFSJ1437p3532,0.0,5442.000512508137,4215.999472132578,219.2764084,35.52735029999999
NDWFS_J143633.3+352308,NDWFSJ1437p3532,0.0,6982.999560670432,2221.000660376014,219.1388626,35.3857894
NDWFS_J143827.7+355127,NDWFSJ1437p3532,0.0,1658.0002851236895,8878.00006802176,219.6157901,35.857227899999984
NDWFS_J143839.7+352300,NDWFSJ1437p3532,0.0,989.9999147261188,2273.99936899614,219.66538,35.383605
NDWFS_J143820.1+353418,NDWFSJ1437p3532,0.0,1957.999821988211,4884.999706230083,219.5838786,35.571695999999996
NDWFS_J143636.6+351506,NDWFSJ1437p3532,0.0,6802.999549846547,351.999646442684,219.1528547,35.25176809999999
NDWFS_J143702.7+353525,NDWFSJ1437p3532,0.0,5623.000160213034,5091.0002978609045,219.2614166,35.590176499999984
NDWFS_J143710.2+352629,NDWFSJ1437p3532,0.0,5241.999449568977,3018.9996701706223,219.292695,35.441441
NDWFS_J143851.8+354930,NDWFSJ1437p3532,0.0,515.0002687198503,8450.000165993279,219.7161224,35.82521629999999
NDWFS_J143804.4+354209,NDWFSJ1437p3532,0.0,2729.00005593917,6701.9994437776,219.5183546,35.7026526
NDWFS_J143629.9+354342,NDWFSJ1437p3532,0.0,7194.000514281617,7003.000238163699,219.124872,35.72843399999998
NDWFS_J143810.1+351920,NDWFSJ1437p3532,0.0,2378.9997866601007,1396.0005152152662,219.5422307,35.3223152
NDWFS_J143844.2+353014,NDWFSJ1437p3532,0.0,800.0004599104723,3961.0001973838807,219.6844862,35.504179199999996
NDWFS_J143837.6+354745,NDWFSJ1437p3532,0.0,1175.9995313170805,8028.999452721262,219.6571621,35.795882599999985
NDWFS_J143613.6+351434,NDWFSJ1437p3532,0.0,7897.000243206981,216.0002159711712,219.0567663,35.242879399999985
NDWFS_J143811.0+354815,NDWFSJ1437p3532,0.0,2433.9999952869875,8127.000162690871,219.5462471,35.8043497
NDWFS_J143647.8+354939,NDWFSJ1437p3532,0.0,6367.000051551373,8396.00031304876,219.1992537,35.82748969999998
NDWFS_J143758.8+351638,NDWFSJ1437p3532,0.0,2906.000371176029,761.0003165363905,219.4951685,35.2774059
NDWFS_J143601.7+354809,NDWFSJ1437p3532,0.0,8537.999801856788,8027.000296405844,219.0071647,35.80278269999999
NDWFS_J143707.9+354050,NDWFSJ1437p3532,0.0,5389.999751187543,6358.000499451107,219.283319,35.68069389999999
NDWFS_J143856.8+352535,NDWFSJ1437p3532,0.0,186.00039425992145,2885.000289668009,219.7368936,35.426381099999986
NDWFS_J143839.9+351706,NDWFSJ1437p3532,0.0,956.0000366863824,901.000097076252,219.6664184,35.28524009999999
NDWFS_J143804.4+354523,NDWFSJ1437p3532,0.0,2736.999886764188,7455.000388497618,219.51862510000004,35.75657350000002
NDWFS_J143730.3+351514,NDWFSJ1437p3532,0.0,4255.000508391851,416.9998449376472,219.37641900000003,35.2541423
NDWFS_J143701.2+352804,NDWFSJ1437p3532,0.0,5677.999662575612,3386.9997410079523,219.2547564,35.46819219999999
NDWFS_J143719.6+352502,NDWFSJ1437p3532,0.0,4791.000302149698,2687.9997416854203,219.3319683,35.41731369999999
NDWFS_J143740.1+352224,NDWFSJ1437p3532,0.0,3813.999546673287,2087.99971235078,219.4171057,35.37338629999999
NDWFS_J143844.4+354740,NDWFSJ1437p3532,0.0,857.999434641577,8017.999771043211,219.6852144,35.79471219999999
NDWFS_J143630.2+353934,NDWFSJ1437p3532,0.0,7171.999442309727,6041.999811947073,219.1258944,35.65959929999999
NDWFS_J143835.6+351828,NDWFSJ1437p3532,0.0,1166.0003545248546,1213.0004108184112,219.6484338,35.30783179999999
NDWFS_J143630.1+351815,NDWFSJ1437p3532,0.0,7120.999861111281,1082.000564212458,219.1256536,35.3043152
NDWFS_J143810.8+353432,NDWFSJ1437p3532,0.0,2397.0001383093004,4931.999852159872,219.5452938,35.575553299999996
NDWFS_J143846.7+351554,NDWFSJ1437p3532,0.0,627.9997514356255,624.0001804729618,219.6947916,35.265010399999994
NDWFS_J143805.6+354319,NDWFSJ1437p3532,0.0,2674.000540681758,6974.000567345382,219.5235579,35.72206709999999
NDWFS_J143613.8+352124,NDWFSJ1437p3532,0.0,7900.9996677126655,1805.000479407037,219.0578324,35.3567061
NDWFS_J143719.6+352301,NDWFSJ1437p3532,0.0,4787.999546058099,2216.000594771129,219.3316986,35.383506
NDWFS_J143724.4+351444,NDWFSJ1437p3532,0.0,4535.0002261094105,293.9993494422524,219.3517195,35.24560299999999
NDWFS_J143608.1+353859,NDWFSJ1437p3532,0.0,8216.00038731732,5894.999740552375,219.0337313,35.649875599999994
NDWFS_J143628.6+353942,NDWFSJ1437p3532,0.0,7247.000070556094,6070.999664105788,219.1193104,35.66173609999999
NDWFS_J143852.7+352433,NDWFSJ1437p3532,0.0,375.0003335928122,2642.999330011293,219.7199321,35.40928559999998
NDWFS_J143701.3+353617,NDWFSJ1437p3532,0.0,5689.999747458314,5296.000408339685,219.2557345,35.604917199999996
NDWFS_J143730.8+351621,NDWFSJ1437p3532,0.0,4235.99952761277,676.0004861865618,219.3783881,35.2726748
NDWFS_J143856.6+352924,NDWFSJ1437p3532,0.0,209.000271169858,3772.999888105071,219.73618650000003,35.4899943
NDWFS_J143629.0+352201,NDWFSJ1437p3532,0.0,7184.000374117839,1955.9997289658168,219.12095120000004,35.3669691
NDWFS_J143817.1+353930,NDWFSJ1437p3532,0.0,2115.0001470155403,6094.999882062526,219.57167870000004,35.65851130000001
NDWFS_J143808.7+353903,NDWFSJ1437p3532,0.0,2512.00045730755,5984.000103961644,219.5365469,35.65100639999999
NDWFS_J143614.2+352934,NDWFSJ1437p3532,0.0,7899.99976437956,3706.000335023124,219.0596206,35.492867000000004
NDWFS_J143841.3+352525,NDWFSJ1437p3532,0.0,918.9996895306248,2835.9995080169047,219.6724158,35.42376499999999
NDWFS_J143649.2+354008,NDWFSJ1437p3532,0.0,6273.000066427698,6183.999830116474,219.205287,35.669019799999994
NDWFS_J143815.3+355057,NDWFSJ1437p3532,0.0,2245.00019055586,8757.999590721553,219.5637759,35.84931049999998
NDWFS_J143627.5+352157,NDWFSJ1437p3532,0.0,7258.999710702108,1937.00052668858,219.1143452,35.365667599999995
NDWFS_J143605.2+352808,NDWFSJ1437p3532,0.0,8327.999621715575,3369.000362882114,219.0216745,35.4690456
NDWFS_J143818.8+353827,NDWFSJ1437p3532,0.0,2033.0003614806049,5851.000488763049,219.5785762,35.6409484
NDWFS_J143836.1+352858,NDWFSJ1437p3532,0.0,1180.9998788537014,3659.000179662507,219.6505508,35.483008999999996
NDWFS_J143635.6+353018,NDWFSJ1437p3532,0.0,6892.999460163914,3890.000528606353,219.1483914,35.50525559999999
NDWFS_J143621.4+354010,NDWFSJ1437p3532,0.0,7588.999736060134,6174.999447298469,219.089257,35.669453099999984
NDWFS_J143619.8+354502,NDWFSJ1437p3532,0.0,7677.999682289663,7309.999624244978,219.0824518,35.750799099999995
NDWFS_J143710.4+351758,NDWFSJ1437p3532,0.0,5205.999910885137,1040.000409712351,219.2936876,35.29966589999999
NDWFS_J143630.8+352115,NDWFSJ1437p3532,0.0,7093.000309793048,1779.0004211487503,219.1287759,35.3542185
NDWFS_J143743.8+352032,NDWFSJ1437p3532,0.0,3630.999542580896,1655.9995401456235,219.4326533,35.342260999999986
NDWFS_J143703.9+351702,NDWFSJ1437p3532,0.0,5514.999465278903,818.0006363944649,219.266331,35.28404509999999
NDWFS_J143616.6+353927,NDWFSJ1437p3532,0.0,7814.000541391921,6006.9999222889455,219.0692674,35.65759529999999
NDWFS_J143651.8+351727,NDWFSJ1437p3532,0.0,6089.000427627856,909.0005136082,219.216057,35.291068
NDWFS_J143655.4+353134,NDWFSJ1437p3532,0.0,5957.000166714171,4194.000676216379,219.2310626,35.52623500000001
NDWFS_J143604.6+352815,NDWFSJ1437p3532,0.0,8352.000397194368,3395.000275148079,219.0195859,35.4709252
NDWFS_J143628.6+352445,NDWFSJ1437p3532,0.0,7210.00045231179,2591.999780646125,219.119269,35.41254429999999
NDWFS_J143859.2+351826,NDWFSJ1437p3532,0.0,43.00053582279361,1225.0005015825443,219.7469869,35.307333
NDWFS_J143701.9+352222,NDWFSJ1437p3532,0.0,5625.000329754772,2057.000613037538,219.257998,35.37288809999999
NDWFS_J143643.4+353948,NDWFSJ1437p3532,0.0,6545.000482006675,6104.999865351092,219.1812283,35.66359449999999
NDWFS_J143802.8+355032,NDWFSJ1437p3532,0.0,2832.9999025134166,8651.000253246548,219.5116985,35.842302199999985
NDWFS_J143706.5+351435,NDWFSJ1437p3532,0.0,5382.000044886538,250.99932157294643,219.277388,35.243311799999994
NDWFS_J143714.4+354009,NDWFSJ1437p3532,0.0,5084.000517232,6201.0005240989485,219.31012270000002,35.669167700000024
NDWFS_J143846.6+353957,NDWFSJ1437p3532,0.0,724.000539471217,6222.9996033378375,219.6944388,35.66604439999998
NDWFS_J143846.2+353838,NDWFSJ1437p3532,0.0,738.0002050138282,5915.999958987963,219.6927611,35.64408179999999
NDWFS_J143627.3+353135,NDWFSJ1437p3532,0.0,7289.000468758639,4181.00059078652,219.1138223,35.52641549999999
NDWFS_J143755.5+354604,NDWFSJ1437p3532,0.0,3159.9999416652863,7610.000471921416,219.4814977,35.76812689999999
NDWFS_J143822.5+352322,NDWFSJ1437p3532,0.0,1803.0003351108023,2342.999794298876,219.5940683,35.38949139999999
NDWFS_J143748.4+354643,NDWFSJ1437p3532,0.0,3494.000417168436,7754.000301222783,219.4522008,35.7787888
NDWFS_J143804.3+352125,NDWFSJ1437p3532,0.0,2658.999695682764,1875.99960525568,219.5182739,35.35699649999999
NDWFS_J143640.1+352222,NDWFSJ1437p3532,0.0,6655.999894516357,2043.9994102710043,219.167418,35.3728441
NDWFS_J143836.7+351921,NDWFSJ1437p3532,0.0,1117.0003097629888,1421.000652514651,219.6530258,35.322669999999995
NDWFS_J143843.9+353945,NDWFSJ1437p3532,0.0,849.0000143414109,6172.000235493844,219.6833499,35.6625448
NDWFS_J143825.2+353418,NDWFSJ1437p3532,0.0,1714.0003949687707,4887.999683297501,219.6053622,35.571632099999995
NDWFS_J143659.6+351714,NDWFSJ1437p3532,0.0,5717.000239283043,863.9995283122262,219.2486546,35.287519899999985
NDWFS_J143847.8+351419,NDWFSJ1437p3532,0.0,566.0002242332412,260.0001334038261,219.6997028,35.238867499999984
NDWFS_J143819.9+352304,NDWFSJ1437p3532,0.0,1924.0005041426048,2270.9993709038845,219.5833429,35.384472299999985
NDWFS_J143735.3+354632,NDWFSJ1437p3532,0.0,4118.000031148713,7699.000177103531,219.3970587,35.775489799999995
NDWFS_J143711.1+353036,NDWFSJ1437p3532,0.0,5212.999655284903,3975.999334510274,219.296297,35.5099525
NDWFS_J143620.5+353844,NDWFSJ1437p3532,0.0,7627.999752284937,5842.000342226358,219.0855121,35.64563629999999
NDWFS_J143754.6+354430,NDWFSJ1437p3532,0.0,3195.00009028297,7240.999428802457,219.4779434,35.74174510000002
NDWFS_J143826.3+355123,NDWFSJ1437p3532,0.0,1728.000137934545,8868.000349509533,219.6095929,35.8565935
NDWFS_J143655.0+352624,NDWFSJ1437p3532,0.0,5962.999573260193,2989.999721415339,219.2292788,35.440010699999995
NDWFS_J143608.8+353623,NDWFSJ1437p3532,0.0,8172.999533841532,5289.000689553719,219.0369896,35.6064448
NDWFS_J143627.3+351923,NDWFSJ1437p3532,0.0,7254.999949781417,1345.0004294324954,219.1141391,35.32326009999999
NDWFS_J143823.4+354522,NDWFSJ1437p3532,0.0,1839.000321530326,7463.000262936272,219.5978668,35.7561398
NDWFS_J143716.1+351623,NDWFSJ1437p3532,0.0,4937.99981436847,675.9995282829332,219.3168014,35.27334569999999
NDWFS_J143614.8+351945,NDWFSJ1437p3532,0.0,7852.000415830798,1423.000285924074,219.0617938,35.32930660000001
NDWFS_J143635.3+353616,NDWFSJ1437p3532,0.0,6919.999756990543,5276.999589695184,219.1473638,35.604610899999976
NDWFS_J143614.7+353614,NDWFSJ1437p3532,0.0,7895.00026281932,5256.000115685078,219.0614516,35.603873899999996
NDWFS_J143836.6+352450,NDWFSJ1437p3532,0.0,1142.000387886521,2696.999649418338,219.6526253,35.414076099999996
NDWFS_J143845.7+353226,NDWFSJ1437p3532,0.0,736.9999399207227,4471.000454754994,219.6907625,35.54062049999998
NDWFS_J143826.7+354849,NDWFSJ1437p3532,0.0,1698.9997001718002,8268.000637895177,219.6113273,35.813607999999995
NDWFS_J143701.4+353354,NDWFSJ1437p3532,0.0,5680.999875311551,4738.99994657368,219.2559329,35.56502069999999
NDWFS_J143645.1+354325,NDWFSJ1437p3532,0.0,6474.000217662842,6947.00007503682,219.1883371,35.723828600000004
NDWFS_J143827.0+351403,NDWFSJ1437p3532,0.0,1555.0004579962297,179.0003021928787,219.6128818,35.234230999999994
NDWFS_J143758.7+351602,NDWFSJ1437p3532,0.0,2906.999878360806,619.9999888231996,219.4949019,35.26730829999999
NDWFS_J143849.9+351611,NDWFSJ1437p3532,0.0,476.99994105892256,692.999310976953,219.7081342,35.269768899999995
NDWFS_J143741.9+353951,NDWFSJ1437p3532,0.0,3779.9999380944014,6147.000420217668,219.4250036,35.6640238
NDWFS_J143829.8+352608,NDWFSJ1437p3532,0.0,1469.000074734529,2990.999640614853,219.6243014,35.43551189999999
NDWFS_J143703.8+352023,NDWFSJ1437p3532,0.0,5527.000231128272,1595.999994062111,219.2661118,35.3397813
NDWFS_J143836.8+353710,NDWFSJ1437p3532,0.0,1178.0005394384134,5566.000414318754,219.6535017,35.61955129999999
NDWFS_J143804.3+351909,NDWFSJ1437p3532,0.0,2654.0005510400697,1348.0000222793751,219.5180317,35.319176899999995
NDWFS_J143620.5+353720,NDWFSJ1437p3532,0.0,7622.000532426977,5517.000362665633,219.0857418,35.622356999999994
NDWFS_J143618.2+354406,NDWFSJ1437p3532,0.0,7749.999549138436,7089.999925279797,219.0758968,35.73510089999997
NDWFS_J143617.3+354116,NDWFSJ1437p3532,0.0,7784.000232640119,6428.9996790046935,219.0722955,35.6877928
NDWFS_J143808.1+355026,NDWFSJ1437p3532,0.0,2577.000275994771,8630.999849200012,219.5342834,35.84058949999999
NDWFS_J143702.5+351725,NDWFSJ1437p3532,0.0,5579.000395735833,906.9995196777636,219.2608101,35.29047719999999
NDWFS_J143725.0+353430,NDWFSJ1437p3532,0.0,4566.000433041399,4894.000489116468,219.3542781,35.5750817
NDWFS_J143653.9+353500,NDWFSJ1437p3532,0.0,6040.00044977552,4988.999702370958,219.2245841,35.583241799999996
NDWFS_J143635.8+351554,NDWFSJ1437p3532,0.0,6841.000315016421,538.9997941072979,219.1497029,35.265194199999996
NDWFS_J143708.8+353617,NDWFSJ1437p3532,0.0,5338.999884085188,5299.999473773143,219.2866573,35.604884899999995
NDWFS_J143637.5+352939,NDWFSJ1437p3532,0.0,6800.000550536459,3737.000656011922,219.1564242,35.49422150000001
NDWFS_J143718.7+353355,NDWFSJ1437p3532,0.0,4859.999729778096,4753.999345864755,219.328233,35.56533769999999
NDWFS_J143615.8+352246,NDWFSJ1437p3532,0.0,7811.999573519915,2125.999663089233,219.0659385,35.3796321
NDWFS_J143824.3+353857,NDWFSJ1437p3532,0.0,1773.9998125010825,5973.000518043886,219.6015622,35.649387999999995
NDWFS_J143606.3+354011,NDWFSJ1437p3532,0.0,8303.999903983638,6173.000530267964,219.0262159,35.6698489
NDWFS_J143612.8+352141,NDWFSJ1437p3532,0.0,7949.000002910374,1872.9996810578832,219.0536768,35.361612699999995
NDWFS_J143820.5+355116,NDWFSJ1437p3532,0.0,2000.0004540844968,8836.999812987182,219.5855236,35.85468769999999
NDWFS_J143701.1+353010,NDWFSJ1437p3532,0.0,5684.000189515478,3869.000669734032,219.2547417,35.5027177
NDWFS_J143624.1+353958,NDWFSJ1437p3532,0.0,7458.000317888109,6129.00021021135,219.1007636,35.66605669999999
NDWFS_J143827.5+353138,NDWFSJ1437p3532,0.0,1600.9996457489433,4272.000328109538,219.6144615,35.5273938
NDWFS_J143717.0+353832,NDWFSJ1437p3532,0.0,4956.999666003976,5825.999499769481,219.3208966,35.64219539999999
NDWFS_J143847.0+352700,NDWFSJ1437p3532,0.0,657.0005047596969,3208.000271998429,219.6959744,35.4500877
NDWFS_J143623.8+352936,NDWFSJ1437p3532,0.0,7449.999593956238,3718.0000154080335,219.0992216,35.4933816
NDWFS_J143710.9+351940,NDWFSJ1437p3532,0.0,5189.000110658884,1435.999497422863,219.2956141,35.328013999999996
NDWFS_J143747.7+354543,NDWFSJ1437p3532,0.0,3528.9999327731966,7519.999906219855,219.4488223,35.7620718
NDWFS_J143812.8+352211,NDWFSJ1437p3532,0.0,2261.0005528529364,2060.00054011841,219.553464,35.36973849999998
NDWFS_J143818.4+354508,NDWFSJ1437p3532,0.0,2074.9994485349525,7404.999708091716,219.5769668,35.75225689999999
NDWFS_J143804.7+351706,NDWFSJ1437p3532,0.0,2626.999741826781,870.9993357581443,219.5197857,35.2849852
NDWFS_J143747.3+352925,NDWFSJ1437p3532,0.0,3491.0005226046324,3721.000264343616,219.4474828,35.490005599999996
NDWFS_J143700.1+352000,NDWFSJ1437p3532,0.0,5700.999637631614,1504.999770037226,219.2507372,35.33341869999999
NDWFS_J143842.3+353355,NDWFSJ1437p3532,0.0,904.9999299084049,4815.000536577067,219.6764718,35.56545399999999
NDWFS_J143841.6+354106,NDWFSJ1437p3532,0.0,962.9998969969784,6487.999826971867,219.6737558,35.6853061
NDWFS_J143613.6+354504,NDWFSJ1437p3532,0.0,7967.999552702107,7313.000107745662,219.0568611,35.75123549999999
NDWFS_J143626.2+351908,NDWFSJ1437p3532,0.0,7307.000428203446,1286.999634570866,219.1095193,35.3191464
NDWFS_J143810.1+352424,NDWFSJ1437p3532,0.0,2397.9998544047667,2573.000551509449,219.5421053,35.40662789999999
NDWFS_J143656.6+352739,NDWFSJ1437p3532,0.0,5870.000183601413,3281.999886230424,219.2377611,35.46084239999999
NDWFS_J143608.0+352845,NDWFSJ1437p3532,0.0,8194.000536592259,3512.0003085185563,219.0335852,35.47919029999999
NDWFS_J143751.9+351849,NDWFSJ1437p3532,0.0,3241.9998464207747,1261.9998233141705,219.4663157,35.31364159999999
NDWFS_J143812.0+351828,NDWFSJ1437p3532,0.0,2284.999684593833,1195.9993908425567,219.5502176,35.30788809999998
NDWFS_J143823.1+351910,NDWFSJ1437p3532,0.0,1763.000482546191,1363.99946043642,219.5962522,35.31933529999999
NDWFS_J143656.3+353622,NDWFSJ1437p3532,0.0,5928.99964615653,5313.000645660803,219.2346992,35.6063471
NDWFS_J143835.0+353621,NDWFSJ1437p3532,0.0,1261.0003651968946,5375.0003188650735,219.6459229,35.6059741
NDWFS_J143650.0+351604,NDWFSJ1437p3532,0.0,6167.999903327465,586.0004560285215,219.208794,35.267999499999995
NDWFS_J143821.7+352102,NDWFSJ1437p3532,0.0,1834.9994497870207,1798.0004441457295,219.5905201,35.35049819999999
NDWFS_J143718.7+351457,NDWFSJ1437p3532,0.0,4809.000335910618,340.99997157217695,219.327742,35.24922969999998
NDWFS_J143732.5+351726,NDWFSJ1437p3532,0.0,4155.999866323587,928.9996171984512,219.3857035,35.2907173
